cell_id,lat_c,lon_c,rate_mc_yr,rate_all_mc_yr,rate_m5.0_yr,rate_all_m5.0_yr,p_1d,p_all_1d,p_7d,p_all_7d,p_30d,p_all_30d,p_90d,p_all_90d
9008,37.375,27.125,0.8600478227657499,1.3310109351445243,0.00982313837523935,0.01422359198030613,2.6893925484605674e-05,3.894131426651626e-05,0.00018824229012559535,0.0002725573569868356,0.0008065032152960727,0.0011675800223892585,0.002417558828167299,0.0034986519295372442
20057,40.125,39.375,0.37356582944910705,0.47930856813928985,0.0042667264979974525,0.005122038689440037,1.1681592270718077e-05,1.4023279330532823e-05,8.176828029904382e-05,9.81588257104038e-05,0.0003503884146669467,0.00042061284733241333,0.0010507969708953846,0.0012613078709078351
23012,40.875,28.125,0.5008948192325119,0.6868450397189787,0.005721029680580469,0.0073398372174899714,1.5663202944993238e-05,2.0095177192591684e-05,0.00010963726869461787,0.00014065776049276835,0.00046978938282005167,0.0006026796886942076,0.0014087061459510108,0.001806949616568132
12054,38.125,38.625,0.9342536199388233,1.3602500135514835,0.010670688702768737,0.014536049759697408,2.9214326717319494e-05,3.979674336496153e-05,0.00020448236487957683,0.0002785439463643957,0.0008760586402867254,0.001193213612139199,0.002625874156993002,0.0035753712590934628
8055,37.125,38.875,0.3650582904080691,0.41510841761222494,0.004169556630205544,0.0044359761470071655,1.1415558744065635e-05,1.2144967035054854e-05,7.990617464559424e-05,8.501167180352542e-05,0.00034241008134272555,0.0003642848557270373,0.001026878550182575,0.0010924565051547708
5074,36.375,43.625,0.08036191067293581,0.11934129454258702,0.0009178631091702468,0.0012753177567177373,2.512969078383165e-06,3.49162362833777e-06,1.7590650934096175e-05,2.4441109379713666e-05,7.538632538584e-05,0.00010474340574861962,0.0002261419272916454,0.0003141973048518265
12067,38.125,41.875,0.14788550371717657,0.16235616965959015,0.0016890918484441866,0.0017349879341694665,4.624470753888943e-06,4.75012679934661e-06,3.237084618046282e-05,3.325041376134319e-05,0.00013872482022614374,0.00014249398920396228,0.00041611672962094115,0.00042742105689408394
30068,42.625,42.125,0.032062024441737065,0.06026362947676587,0.0003662002209001253,0.0006439956684779559,1.0026010603958468e-06,1.763162493451098e-06,7.0181863136564715e-06,1.2342072170934415e-05,3.0077594551314313e-05,5.289352252391133e-05,9.023006969588465e-05,0.00015867217454546
7003,36.875,25.875,0.4825011576362844,0.6728297157354983,0.005510944289623922,0.007190065157359468,1.5088029335696973e-05,1.9685131795843525e-05,0.0001056114248491058,0.00013778778524531354,0.00045254186686183306,0.0005903854204215575,0.001357011310839762,0.0017701108022126766
15006,38.875,26.625,2.3787193058725853,3.8229133936601865,0.027168825126837166,0.04085282761524848,7.438142282378823e-05,0.00011184269138275749,0.0005205537896512125,0.0007826362040996848,0.002229037675368195,0.003349845094592352,0.006672218274446529,0.010015908487463587
21052,40.375,38.125,0.10175091051765546,0.11421569862119828,0.0011621601117566725,0.0012205440631914413,3.1818159147434244e-06,3.3416619408255244e-06,2.227249880148996e-05,2.33913990859147e-05,9.545007365419078e-05,0.00010024500085825672,0.00028632288968255537,0.00030070485640143474
28006,42.125,26.625,0.11230150577541116,0.16817256416672607,0.001282664988828266,0.0017971437137213543,3.5117391831152034e-06,4.920299226496283e-06,2.458191530485543e-05,3.444158619336779e-05,0.00010534681111362687,0.00014759844621348162,0.00031600714065826985,0.00044272998595185076
16027,39.125,31.875,0.13535887658361642,0.15677007418493363,0.0015460174885646614,0.0016752932008681795,4.232756239841429e-06,4.5866922897541684e-06,2.962891744084928e-05,3.210640423911837e-05,0.0001269748939453086,0.00013759161766524475,0.0003808763160120243,0.0004127180612407688
23038,40.875,34.625,0.3059942143517979,0.47104843051987755,0.0034949492691397164,0.005033768319830384,9.568603828169486e-06,1.3781611589380738e-05,6.697830410573591e-05,9.646729262824394e-05,0.0002870182905923002,0.00041336573753281147,0.0008608077569238759,0.0012395846695316681
6002,36.625,25.625,0.9139427684768562,1.2860142761528106,0.010438705900012222,0.013742743851206714,2.857921077159542e-05,3.762487423708549e-05,0.00020003732402085195,0.00026334439326902714,0.0008570211223895008,0.001128130643748837,0.0025688605410251197,0.003380575330746316
7010,36.875,27.625,1.9086869361002143,3.7296606629335205,0.02180029457900361,0.03985630027059414,5.968417250179492e-05,0.00010911464963159201,0.000417714408743608,0.0007635525667430976,0.0017889764806944264,0.0032682656465481408,0.0053573338570440665,0.009772787168811803
22008,40.625,27.125,0.6444435086816651,0.7906803677561076,0.007360588089679958,0.008449453449892298,2.0151988840977353e-05,2.3133075204961884e-05,0.00014105539401787492,0.00016192028894512767,0.0006043830437979514,0.0006937595208617031,0.0018120535155712325,0.002079834989674789
21009,40.375,27.375,0.7894132595562199,0.9438635604214969,0.00901637732066159,0.010086416132303723,2.4685191060136447e-05,2.7614721053725866e-05,0.0001727835414154777,0.00019328703408405534,0.0007402907218481136,0.000828109997916493,0.0022192284801875184,0.0024822732631334388
23010,40.875,27.625,0.8656324410152552,1.19092158132205,0.009886923755988718,0.012726554084566187,2.7068555627729474e-05,3.484279909349297e-05,0.00018946450324719422,0.00024387410070125792,0.0008117380219229142,0.0010447560455194571,0.0024332378447894376,0.0031309947313415964
24077,41.125,44.375,0.19438005353434912,0.23014758312405578,0.0022201348724004747,0.0024594278162370707,6.078379534479872e-06,6.733523712276757e-06,4.254788086888173e-05,4.713371384967857e-05,0.00018233531513378587,0.00020198598956011615,0.0005469062129617175,0.0006058355819009709
15069,38.875,42.375,0.4102783280060293,0.7797196081114947,0.004686042661447177,0.008332323403201695,1.282960328907734e-05,2.2812397981408772e-05,8.980376652456545e-05,0.00015967585776965887,0.0003848165068028875,0.0006841456112400834,0.0011540053261619443,0.0020510329882859057
18043,39.625,35.875,0.11140353885659639,0.12899566715656025,0.0012724087529929855,0.0013784873500404895,3.4836592379683395e-06,3.774085554519857e-06,2.438535981386103e-05,2.641829976512966e-05,0.00010450449820254004,0.00011321637083372416,0.00031348073217851713,0.0003396106601124549
10020,37.625,30.125,0.6235157564209944,0.9472859156731634,0.007121559281167657,0.0101229884724897,1.9497576603355604e-05,2.771484789398926e-05,0.00013647505321745523,0.00019398780563473217,0.0005847619605496845,0.0008311113941695814,0.0017532602419547683,0.0024912625181472414
9019,37.375,29.875,0.6664115373144535,1.0309566610202257,0.007611498538353783,0.011017119776058208,2.0838930130939737e-05,3.0162775145115006e-05,0.0001458633917522656,0.0002111203213234214,0.0006249790371259945,0.000904487605789206,0.0018737655591034574,0.0027110092638399363
15023,38.875,30.875,0.47591112911195305,1.2529493917101475,0.005435675495985092,0.013389402332538165,1.4881957697832071e-05,3.665751381232152e-05,0.00010416905307431001,0.0002565743791703712,0.0004463624037063241,0.0010991410729185302,0.001338489581865665,0.003293800213345688
13058,38.375,39.625,0.8399666375667634,1.5638264221956497,0.00959377873298818,0.016711529837970602,2.6265989698570635e-05,4.575262843764527e-05,0.00018384744057742264,0.0003202244430522416,0.0007876796570506217,0.0013716686550431234,0.0023611781421329914,0.004109364121191894
5044,36.375,36.125,0.4789082867117013,0.6083404417377182,0.0054699078875514685,0.006500912952647498,1.4975679478834714e-05,1.7798371251598333e-05,0.0001048250467791112,0.00012458194653608423,0.000449172840126022,0.0005338133602578177,0.0013469133422806534,0.0016005853627764077
20049,40.125,37.375,0.17578041512953077,0.21612161010797729,0.0020076968928560393,0.0023095419572709136,5.4967594111943185e-06,6.323161274357503e-06,3.8476681382459965e-05,4.42612892996852e-05,0.00016488963976168947,0.0001896774469268836,0.0004945873579881299,0.0005689244150032247
23045,40.875,36.375,0.2214890007434722,0.2526276059207665,0.0025297629332982057,0.0026996562497725728,6.926089452741202e-06,7.391228673214734e-06,4.848161879567048e-05,5.17374534907411e-05,0.00020776181766934965,0.00022171309767049507,0.0006231559670575315,0.0006649918338169636
29023,42.375,30.875,0.014812068855907447,0.014812125076761235,0.0001691778040054198,0.00015828692153474765,4.6318347657337e-07,4.333658788491235e-07,3.2422798308395784e-06,3.033557207765547e-06,1.389541097374103e-05,1.3000894669157326e-05,4.1685653676570844e-05,3.9002176939861855e-05
2005,35.625,26.375,1.85599369656317,2.402634747970539,0.02119845248405187,0.02567529344086711,5.803651563573986e-05,7.029265171265564e-05,0.0004061848833113446,0.0004919448119496961,0.0017396310792532343,0.002106631601086595,0.005209819553557815,0.006306590462165085
20003,40.125,25.875,1.1054488004421639,1.9407187680955265,0.012626014793648716,0.020739117295768737,3.4567547069763727e-05,5.677899662437369e-05,0.00024194773771202271,0.0003973852818334178,0.0010365067915916182,0.001701968264929854,0.0031062984493549495,0.005097219636949646
12021,38.125,30.375,0.6382624056460131,1.9843958091617993,0.007289989887087497,0.02120586358209153,1.9958705372968844e-05,5.805680493853327e-05,0.0001397025725404788,0.00040632685897357135,0.0005985879112476722,0.001740238734547761,0.0017946890257591885,0.005211636181276402
14023,38.625,30.875,0.6524029818007009,1.938213591141489,0.007451498157437414,0.02071234620479432,2.0400881994842024e-05,5.6705705530846195e-05,0.0001427974341452476,0.0003968724188195827,0.0006118454490586789,0.001699773147327388,0.0018344135116628024,0.005090656666758453
1009,35.375,27.375,2.6343860460335953,3.8099505465288166,0.03008895317096339,0.04071430264627092,8.23756710611745e-05,0.0001114634730330355,0.0005764872162160595,0.0007799834534730765,0.0024683205982714007,0.0033385053231582695,0.007386699013593012,0.009982116325800927
12076,38.125,44.125,0.20646391115125173,0.4076204717286844,0.0023581520876476496,0.004355957655644035,6.456247707675722e-06,1.1925890982200649e-05,4.51928586173711e-05,8.347825017052113e-05,0.0001936693001596268,0.00035771486766145166,0.0005808953843496889,0.0010727607689779983
5,35.125,26.375,1.6202903464522016,2.2141744698753074,0.018506338670889928,0.023661348980049787,5.066631031613866e-05,6.477914467017953e-05,0.0003546102681901697,0.0004533658991159317,0.0015188731597398641,0.001941550036426043,0.00454970205619698,0.00581334857854543
10016,37.625,29.125,0.9532946140252697,1.893748166766895,0.01088816767866078,0.020237175012104824,2.980973413047039e-05,5.5404830631933244e-05,0.00020864947881538143,0.00038776935677520274,0.0008939055816323815,0.0016608102917702317,0.002679320257621187,0.004974160583832599
6008,36.625,27.125,1.7451839883330835,2.645314637808827,0.019932826238102393,0.0282686453388443,5.457161492095075e-05,7.739233795056588e-05,0.00038193877085057615,0.0005416206008236335,0.001635853650606145,0.0023191665548581986,0.004899537277892274,0.006941376537762056
24038,41.125,34.625,0.19316067115066798,0.23939321807942626,0.0022062075516513686,0.0025582295133018402,6.040248839433993e-06,7.004026158385912e-06,4.2280975707353896e-05,4.902715293642057e-05,0.00018119159527574258,0.0002100994466190942,0.0005434763005931487,0.0006301659237991641
24039,41.125,34.875,0.14779137806067927,0.25271110284076603,0.001688016781077049,0.002700548523525047,4.62152739344468e-06,7.393671567546001e-06,3.235024322889579e-05,5.1754552992666625e-05,0.00013863653125067987,0.0002217863687908883,0.00041585193615334415,0.000665211549701894
41,35.125,35.375,0.04021718336655049,0.041698599982449784,0.0004593453373343421,0.0004456040567660441,1.257618202576971e-06,1.2199966733517087e-06,8.80329420449577e-06,8.539945457464171e-06,3.7727858088087984e-05,3.659925275800724e-05,0.00011317930414400657,0.00010979373980712914
13011,38.375,27.875,0.4543180053816503,0.6850920168309134,0.005189047068191024,0.007321103876062336,1.4206735683530702e-05,2.0043889128351644e-05,9.9442911426606e-05,0.00014029878727273015,0.0004261142855126465,0.0006011419420308695,0.001277798213755954,0.0018023419284246556
9043,37.375,35.875,1.1028229445102156,1.5141075426844814,0.012596023268189096,0.016180218608879856,3.4485437583220424e-05,4.42980430670481e-05,0.00024137309036409427,0.0003100450958622991,0.0010340459722123496,0.0013280880370978299,0.0030989312690740123,0.003978975000296203
24031,41.125,32.875,0.2370172668155556,0.40225022835371965,0.002707120868887278,0.00429856958422887,7.411665535195233e-06,1.1768772867126742e-05,5.188050517224152e-05,8.237850154291237e-05,0.00022232607194749843,0.00035300294338613813,0.0006668299401849653,0.0010586350409123035
24036,41.125,34.125,0.23599749815186205,0.27748358393874817,0.0026954734599536905,0.0029652748711258537,7.379776903349011e-06,8.118447185179178e-06,5.165729465417268e-05,5.68277462222877e-05,0.0002213696181503355,0.0002435247472331037,0.0006639618517754187,0.0007303963432337968
21048,40.375,37.125,0.25853020108427827,0.3039752716278688,0.0029528334032199763,0.0032483731888108516,8.08438457844396e-06,8.89352154431755e-06,5.6589319564981366e-05,6.225298984541272e-05,0.00024250310908480177,0.0002667712429788027,0.0007273329182415633,0.0008001002472334262
6003,36.625,25.875,0.7991151332509259,1.0807380797016861,0.009127188423578769,0.011549099317946041,2.4988567790318328e-05,3.16192107605584e-05,0.00017490686207954909,0.00022131348116583016,0.0007493854706436265,0.0009481415492306189,0.0022464720970188923,0.0028417285828526984
16010,39.125,27.625,1.5930304689688877,2.6448824322323254,0.018194986741936092,0.028264026657202058,4.981391801883728e-05,7.737969366794495e-05,0.0003486453205030493,0.000541532131934086,0.001493338621755269,0.0023187880767453484,0.004473329014783256,0.006940246363410396
28018,42.125,29.625,0.023864259593238187,0.023864275606149763,0.00027256847584725656,0.00025502098455005575,7.462515376754908e-07,6.982091594887052e-07,5.223749069194206e-06,4.887453879387493e-06,2.238730388492982e-05,2.0946062726734382e-05,6.716040809195967e-05,6.283687197672361e-05
5006,36.375,26.625,1.360465467976148,1.8335617628778835,0.015538717956041392,0.019594004599995284,4.2541786259508996e-05,5.3644022025123306e-05,0.00029775450063607156,0.00037544772827569073,0.0012754666357279731,0.0016080694959935693,0.0038215215367156663,0.004816454983755714
12010,38.125,27.625,0.8272211205339136,1.2694459851515782,0.009448204296121365,0.013565690000791188,2.586743900112598e-05,3.714014533440224e-05,0.0001810580220014124,0.00025995205193540816,0.0007757321711806542,0.0011136045331541222,0.002325391699142809,0.0033370946352914155
7011,36.875,27.875,1.9427639701699242,3.6735331174547787,0.022189509471738336,0.03925650406707233,6.074972063430106e-05,0.00010747267495836432,0.0004251705511866266,0.0007520662102578068,0.001820887148978545,0.003219160871476001,0.00545272059429569,0.009626426984432168
31,35.125,32.875,0.2529034490802044,0.290403865058461,0.0028885667867876155,0.003103344966618866,7.908433579117968e-06,8.496459364515374e-06,5.535772166098685e-05,5.9473699586587436e-05,0.00023722580303509044,0.00025486238085214996,0.0007115085942104304,0.00076439229461156
15032,38.875,33.125,0.22449378005041432,0.4281076319057066,0.002564082377098702,0.004574889746657622,7.020050313721882e-06,1.2525287051867728e-05,4.913931730510246e-05,8.767371489271092e-05,0.00021058007353547126,0.00037569037550833073,0.0006316071980423388,0.0011266477497765548
1010,35.375,27.625,2.2555586698282895,3.1626392505455008,0.02576213129165595,0.03379693516625834,7.05303840505822e-05,9.252668468984204e-05,0.0004936082353964588,0.0006475070356162238,0.002113749022556566,0.002772079638258762,0.006327852706971671,0.00829320694005331
7032,36.875,33.125,0.05568721104078233,0.06438849800171999,0.0006360380961440482,0.0006880752814414542,1.7413758859330386e-06,1.8838456764536105e-06,1.2189567521803113e-05,1.3186845209123277e-05,5.2239957511135415e-05,5.651382656057802e-05,0.0001567116856364681,0.00016953189842439098
19045,39.875,36.375,0.10484698861674362,0.12449202181525294,0.0011975223355573071,0.0013303600115886789,3.278632094261269e-06,3.6423205715951923e-06,2.2950198923288312e-05,2.5495965406574506e-05,9.835428697035908e-05,0.00010926384641796183,0.00029503384116524867,0.00032775572479404325
19002,39.875,25.625,0.9184841933951307,1.6754449588909721,0.010490576324205043,0.017904319830504136,2.8721220184602103e-05,4.9018154712032747e-05,0.00020103121904280208,0.0003430766287367826,0.0008612778665163523,0.0014694999103092021,0.0025816088397544457,0.004402024614250655
20071,40.125,42.875,0.2775555839777013,0.33127868083951095,0.0031701340740164057,0.0035401458121932143,8.679316404358595e-06,9.692344027367739e-06,6.0753632912358135e-05,6.784443545149177e-05,0.00026034672600361297,0.00029072945995189947,0.00078083685440411,0.0008719348335725075
4029,36.125,32.375,0.1854989380962517,0.19466367932653114,0.0021186981574113513,0.0020802359131821017,5.800662594035444e-06,5.695359313717674e-06,4.060393156379849e-05,3.9866834022905806e-05,0.00017400524187038968,0.0001708466700149902,0.000521924897407211,0.0005124524492777782
19067,39.875,41.875,0.5651574506657459,0.7126060864890446,0.006455012959435415,0.007615127681728881,1.7672706147831008e-05,2.084886597686353e-05,0.00012370238441261616,0.00014593293397602292,0.0005300453456658083,0.0006252769323782381,0.0015892933417070987,0.001874658127873463
19065,39.875,41.375,0.6047878829641714,0.9944152510874578,0.006907656649743344,0.010626627037384831,1.891195436243276e-05,2.9093695969040212e-05,0.0001323761698717174,0.00020363809733936478,0.0005672030753551827,0.0008724427762668574,0.001700644250559602,0.0026150455236725323
13023,38.375,30.875,0.5472456730023371,1.4608860469046976,0.006250431463061917,0.01561147734570531,1.7112602278768207e-05,4.2740982117428494e-05,0.00011978206646279244,0.0002991485149320683,0.0005132507028045019,0.001281435126106456,0.0015389619647655506,0.0038393812545858275
26072,41.625,43.125,0.102932902355503,0.14716258611969854,0.0011756603719448111,0.0015726246302446584,3.2187774944292258e-06,4.305602312681955e-06,2.253122489126458e-05,3.0138826888848058e-05,9.655881813908085e-05,0.00012916000558149676,0.00028964848450141467,0.0003874299719781593
15002,38.875,25.625,1.5916558007589716,2.656552928567553,0.0181792858056758,0.02838874116832808,4.977093333857763e-05,7.772111691084493e-05,0.00034834451762300045,0.0005439209827944325,0.0014920509421203487,0.0023290077635897966,0.004469477499947305,0.0069707630924644715
7014,36.875,28.625,1.4960334620879296,2.5741466280771106,0.017087123905295657,0.02750812211116362,4.678090137344437e-05,7.531029781171483e-05,0.0003274203556897781,0.0005270529951704184,0.001402475479786891,0.0022568435038139434,0.004201528385528119,0.0067552619785168355
8017,37.125,29.375,1.232488737688855,3.75532754064951,0.014077016528346285,0.04013058441537542,3.8540028096667456e-05,0.00010986551647174103,0.00026974900667087187,0.0007688051826457709,0.001155554955064586,0.0032907202364333976,0.0034626604864520516,0.00983970982495852
25021,41.375,30.375,0.02862252523087404,0.06870104494593789,0.0003269155720753861,0.0007341604836819685,8.950456558132203e-07,2.010019838016852e-06,6.265302767261005e-06,1.40700540227634e-05,2.685102119481808e-05,6.02988376958713e-05,8.055090067193849e-05,0.00018088560545748145
10019,37.625,29.875,0.702936317717552,1.0639153321502113,0.008028670656610037,0.011369326266619541,2.1981060689735266e-05,3.112703441199294e-05,0.00015385727869243748,0.00021786889520203356,0.0006592216861484035,0.0009333896866419167,0.001976361625230738,0.0027975562241885354
7017,36.875,29.375,1.32329196814221,3.9299434751025144,0.015114136411742583,0.04199658396454497,4.137939412096614e-05,0.00011497377047353652,0.0002896198039870068,0.0008045388481773275,0.0012406372806057497,0.003443469028914903,0.00371729620879635,0.010294875480746923
12022,38.125,30.625,0.57019243420168,1.3702886438518862,0.0065125206220110615,0.014643325648770822,1.783015075218497e-05,4.009043701069803e-05,0.00012480437926376542,0.0002805993092238612,0.0005347662528659702,0.0012020142210900087,0.001603440986692073,0.0036017098854228546
13013,38.375,28.375,0.3064747856000049,0.5499247579904903,0.003500438170739534,0.005876665000258624,9.583631477738663e-06,1.608930246244089e-05,6.708349160944316e-05,0.00011261968120424015,0.00028746899490006417,0.00048256648422217996,0.0008621590931872092,0.0014470009538070094
14013,38.625,28.375,0.31092568983531954,0.4994912329937186,0.003551274702198719,0.0053377168498403415,9.722812971846295e-06,1.4613765496718223e-05,6.805770564044522e-05,0.00010229187378119065,0.00029164327099284737,0.0004383200780393448,0.0008746746703920394,0.0013143839448578332
8016,37.125,29.125,1.4873311148583521,3.957627276204522,0.016987729012636527,0.04229242157259298,4.650878568168704e-05,0.0001157836362496445,0.0003255160788828704,0.0008102039852082576,0.001394323044557888,0.003467683839474822,0.004177139434170529,0.010367018723105526
4018,36.125,29.625,0.667012945628343,0.856157084266048,0.007618367594853872,0.009149157768810189,2.0857736190649234e-05,2.5048715074582617e-05,0.00014599501770362622,0.0001753278298718408,0.0006255428779101679,0.000751188580451978,0.0018754549668315024,0.0022518733123897405
3017,35.875,29.375,0.7262417371028638,0.9298858644044797,0.008294856272636248,0.009937046176188962,2.2709820903243916e-05,2.7205779611350067e-05,0.00015895791627773548,0.00019042491474063894,0.0006810703294984899,0.000815851502895204,0.00204181973403339,0.002445558210703247
9018,37.375,29.625,0.7087278487285381,1.3924892655270955,0.00809481931604441,0.014880568316039391,2.2162161851801976e-05,4.073994578290829e-05,0.00015512481895374464,0.0002851447682400421,0.0006646512445240838,0.0012214766596559956,0.0019926287433589263,0.003659955785727198
4019,36.125,29.875,0.5394623061681821,0.6596039160346487,0.006161532814157393,0.00704873019639785,1.686921517840556e-05,1.929818530410632e-05,0.00011807853043777072,0.00013507947656132835,0.000505952686705835,0.0005787835856181367,0.0015170902252718,0.0017353459794244852
3018,35.875,29.625,0.7151011300349907,0.919611133190153,0.008167612505586222,0.009827247240176442,2.2361454306341066e-05,2.690517464110087e-05,0.00015651967980845338,0.00018832102151289387,0.0006706261595130769,0.0008068404268304352,0.002010529561808805,0.002418568831314638
1014,35.375,28.625,0.5173739691928841,0.7878672684708683,0.0059092482494578265,0.008419391806237214,1.6178509097630744e-05,2.305077281072876e-05,0.00011324406720447655,0.00016134425200309277,0.00048524143141204235,0.0006912921019548435,0.0014550180307503213,0.0020724429819117818
7007,36.875,26.875,1.137962435012191,1.519755900785378,0.012997373133277155,0.016240578699743487,3.5584235129726416e-05,4.446329265506144e-05,0.0002490630564910834,0.0003112015349897579,0.0010669764233437462,0.0013330391482210269,0.00319751516865463,0.003993788833352663
5008,36.375,27.125,1.803252725634751,3.5061133762675887,0.0205960652193434,0.03746740525111371,5.6387363545407077e-05,0.00010257490379328438,0.0003946447808627074,0.0007178034104946551,0.0016902385363622985,0.0030726745917996068,0.0050621497190104225,0.009189728798089658
18078,39.625,44.625,0.12329793267435989,0.17682405779189014,0.0014082619849513508,0.001889596233903836,3.855603751157233e-06,5.173419154180792e-06,2.698891408059456e-05,3.621337203452146e-05,0.00011566164619558617,0.00015519093273186346,0.0003469448072849213,0.0004655005492563147
26004,41.625,26.125,0.0484863773935555,0.06772923542414595,0.0005537929192347933,0.0007237754284164052,1.516201230455927e-06,1.981587163024656e-06,1.0613360336697575e-05,1.3871027681133796e-05,4.548503691936823e-05,5.944590681394857e-05,0.00013644890418651467,0.00017832711920440225
23072,40.875,43.125,0.10637278109963165,0.12970635589188267,0.0012149493556538296,0.0013860819883182948,3.3263445173847828e-06,3.794878462137774e-06,2.328417926722448e-05,2.656384681398727e-05,9.97855225846056e-05,0.0001138400896075753,0.00029932669729582084,0.0003414813916000625
23075,40.875,43.875,0.1762913923574336,0.2049610050001806,0.0020135330799649657,0.0021902763005320503,5.51273793270024e-06,5.99663171363396e-06,3.8588527338956347e-05,4.197566685115728e-05,0.00016536891888963012,0.0001798833098604069,0.000496024720553323,0.0005395528613862943
24073,41.125,43.375,0.20499011297731656,0.23425704988921214,0.0023413189267273834,0.0025033428412611627,6.410161321301899e-06,6.853755681324181e-06,4.487026636479374e-05,4.79753033272301e-05,0.00019228696648510013,0.00020559223807092852,0.0005767499837324719,0.0006166499183978269
22024,40.625,31.125,0.29600657084900495,2.250946041435516,0.0033808742124120652,0.02405430129662128,9.25628628400954e-06,6.585491920851894e-05,6.479220475996694e-05,0.00046089337017674037,0.00027765132144508264,0.0019737621966749996,0.0008327227149703686,0.0059096070676568635
30079,42.625,44.875,0.1048965354842811,0.11757307226631325,0.0011980882409906993,0.0012564219899557044,3.2801814537908314e-06,3.4398900177201597e-06,2.2961044226721405e-05,2.4078981635811125e-05,9.840076333678116e-05,0.00010319155341043107,0.00029517324283245827,0.0003095427158401609
11024,37.875,31.125,0.33950954919059745,0.7563218141850883,0.003877748647382755,0.00808228738526894,1.061664082957492e-05,2.2127852055020547e-05,7.431411887481865e-05,0.00015488468228608276,0.0003184501995640021,0.0006636226114351551,0.0009550463993974745,0.001989546941650433
3024,35.875,31.125,1.215238017259515,1.3918983555880975,0.013879985375700567,0.014874253670796823,3.800060684489015e-05,4.0722657930647443e-05,0.0002659739248662696,0.00028502378284578356,0.0011393902680181256,0.001220958636355185,0.0034142776526739915,0.003658405509222473
1006,35.375,26.625,2.3416087181385907,3.3276632003738364,0.02674496214056137,0.03556043181933572,7.322103485751796e-05,9.735441699842973e-05,0.000512434670022377,0.0006812819157484551,0.0021943004645611497,0.002916513374820018,0.006568467095554031,0.008724046781672934
27024,41.875,31.125,0.009091684274464787,0.009220989694601365,0.00010384175196776252,9.853833023270861e-05,2.8430318199657023e-07,2.6978320855075566e-07,1.9901205762229424e-06,1.8884809317443185e-06,8.529060298245739e-06,8.0934645974029e-06,2.5586962660639756e-05,2.4280197280401872e-05
13010,38.375,27.625,0.640484134191119,0.9850542211263698,0.00731536562359086,0.010526592193818742,2.0028178964071053e-05,2.881982342461953e-05,0.00014018882934252463,0.00020172132258311493,0.0006006709108752339,0.0008642334966368903,0.0018009305327216785,0.002590460436796005
14008,38.625,27.125,1.5945021226678715,2.630262043397966,0.018211795409480952,0.02810778868808968,4.98599353490059e-05,7.695197042945079e-05,0.00034896734550515784,0.000538539455232856,0.0014947171478273402,0.002305985063478122,0.004477452244892044,0.006902014751325569
29002,42.375,25.625,0.07115518729634407,0.0801383128078334,0.00081270742443172,0.000856382643651981,2.2250691862346628e-06,2.3446451463682294e-06,1.5575380334365008e-05,1.6412400580145814e-05,6.674992197541751e-05,7.033696309011184e-05,0.000200236399567566,0.0002109960477530981
29000,42.375,25.125,0.05337037941944816,0.05982061317467155,0.0006095761285579801,0.0006392614600990222,1.6689270907477294e-06,1.7502009601599866e-06,1.1682431143578142e-05,1.2251342393687636e-05,5.006660112760741e-05,5.2504696331667766e-05,0.00015019228351453862,0.00015750581891027515
29001,42.375,25.375,0.06359588751682,0.07036619228414433,0.0007263679840092234,0.0007519547599725457,1.988685179310501e-06,2.058737812227207e-06,1.3920713203385837e-05,1.4411075679787722e-05,5.965883504388536e-05,6.176029069904221e-05,0.0001789658278142925,0.00018526942933227986
28002,42.125,25.625,0.09629282038091434,0.11523597004272522,0.0010998198868778749,0.0012314469972138358,3.011138209552122e-06,3.371512447114533e-06,2.107777706150671e-05,2.360034842185943e-05,9.033020227133814e-05,0.00010114042888087482,0.00027096612891475136,0.00030339059951833836
28003,42.125,25.875,0.1165546980245346,0.14674392768194094,0.0013312433293504004,0.0015681507174911693,3.6447389550886555e-06,4.293353459750016e-06,2.5512893720436303e-05,3.005308713055488e-05,0.00010933639025489938,0.0001287925858094452,0.0003279733087332426,0.00038632799697435605
18016,39.625,29.125,0.6562291327503478,1.1444435678459854,0.00749519899502813,0.012229875746106908,2.0520525919387467e-05,3.348301436933987e-05,0.0001436348388064168,0.0002343575585420643,0.0006154326376459629,0.001004002899622436,0.0018451618740431552,0.0030089856454568187
4,35.125,26.125,1.3779114237809478,1.8336175564343877,0.015737979012720487,0.019594600827089963,4.308730994306842e-05,5.364565431842383e-05,0.0003015721855590403,0.00037545915065129165,0.0012918120383845766,0.0016081183886675898,0.003870431935873997,0.004816601190412828
11008,37.875,27.125,1.6894246212043218,3.2194367514315547,0.019295964002627862,0.03440389071919419,5.2828074781130496e-05,9.418828329099682e-05,0.0003697379217129093,0.0006591317121932283,0.001583628841413498,0.0028217928158222882,0.004743366854869868,0.00844151337194754
9042,37.375,35.625,0.7980404410732078,1.167259982192382,0.00911491369920523,0.012473698963142694,2.4954962265733016e-05,3.415054338162804e-05,0.00017467165865125978,0.0002390293136133037,0.0007483780347458113,0.0010240091401824136,0.0022434543143324825,0.00306888271016037
21033,40.375,33.375,0.39293014001017396,0.7403430768606502,0.004487898271412056,0.007911533686661185,1.2287120327636458e-05,2.1660364142417343e-05,8.600667191882572e-05,0.0001516126967534559,0.00036854794396423696,0.0006496068759765938,0.001105236399190579,0.0019475549347767185
20033,40.125,33.375,0.2907310325705422,0.42447159663622874,0.0033206190252684474,0.004536033956120154,9.091318085796551e-06,1.241890702197157e-05,6.363749093363236e-05,8.69291104064196e-05,0.0002727035919769527,0.00037250012870992943,0.0008178876944637814,0.0011170841687789812
25023,41.375,30.875,0.04040411473289966,0.13980725090790855,0.0004614803961412064,0.0014940232572818435,1.2634636676889244e-06,4.090404385204138e-06,8.84421215052722e-06,2.8632479339374406e-05,3.790321562957555e-05,0.00012270485367182893,0.00011370533698196184,0.0003680693934197121
1041,35.375,35.375,0.04614763817631523,0.05236667275074584,0.0005270807314396183,0.0005596063615299654,1.443067354278682e-06,1.5321175437232881e-06,1.0101427748376857e-05,1.07247735110505e-05,4.329111477630043e-05,4.596250521360368e-05,0.0001298677220480382,0.00013788117808244404
3022,35.875,30.625,0.8003806642185294,0.8745116817752356,0.009141642835861266,0.009345300639646243,2.5028140824723266e-05,2.558571139232857e-05,0.0001751838317570753,0.00017908623313145355,0.0007505718009748197,0.0007672866463072081,0.002250025751679874,0.0023000942042524786
1079,35.375,44.875,0.05755821259814549,0.0794320825427598,0.0006574079626930536,0.0008488356499577034,1.7998832883003857e-06,2.3239826519860785e-06,1.2599114987410509e-05,1.6267765145183688e-05,5.3995089456471135e-05,6.97171302194155e-05,0.00016197652211780156,0.00020913680956224923
25042,41.375,35.625,0.11719483627501248,0.1369707938508772,0.001338554744422072,0.0014637120052976569,3.664756445420636e-06,4.0074170361004136e-06,2.5653013080328968e-05,2.8051582007915243e-05,0.00010993685132043574,0.0001202155255096704,0.0003297742969563533,0.00036060322294872993
18056,39.625,39.125,0.5989817714581381,0.8540896047578632,0.00684134145745273,0.009127064047281995,1.8730396678212635e-05,2.4988227275146713e-05,0.00013110540959482275,0.00017490447883028448,0.0005617593169476853,0.0007493752625867822,0.0016843314075288829,0.0022464415187295472
11056,37.875,39.125,0.3745310878950233,0.6101396627768896,0.004277751312003274,0.006520139981718283,1.1711776213285674e-05,1.7851011050007415e-05,8.197955306987748e-05,0.0001249503857183587,0.000351293625841409,0.0005353917381019091,0.0010535106992416443,0.00160531543483311
21056,40.375,39.125,0.13307249524536088,0.15399727521310744,0.0015199033125040515,0.0016456622187497752,4.161259822388352e-06,4.505567450907577e-06,2.9128455121818497e-05,3.1538545856357736e-05,0.00012483026246945528,0.00013515819333698165,0.00037444404157027655,0.0004054197792684455
13079,38.375,44.875,0.2788875025952381,0.34406015612374147,0.0031853467407289924,0.003676732585861999,8.720966053532564e-06,1.0066294538813025e-05,6.104516523786074e-05,7.046193387127975e-05,0.0002615959002658652,0.00030194476163047934,0.000784582421454294,0.0009055608005028581
12078,38.125,44.625,0.19591680521885743,0.26024651792372056,0.002237687064320178,0.0027810742853442406,6.126434523689994e-06,7.614137433553658e-06,4.288425347698244e-05,5.329774457318859e-05,0.000183776709703376,0.0002283989056337532,0.0005512288136798604,0.0006850402306357584
13078,38.375,44.625,0.36372923962736636,0.4616930214803899,0.004154376718832036,0.0049337935431602795,1.1373998885289005e-05,1.3507899303211168e-05,7.961527552358127e-05,9.455146347836507e-05,0.0003411636975170218,0.0004051576175471139,0.0010231419542543474,0.0012149804610640524
7018,36.875,29.625,0.8520421374919587,2.464334085761574,0.009731700489866683,0.02633463152970067,2.664358889958862e-05,7.209769249882925e-05,0.00018649021546168765,0.0005045747009855273,0.0007989989456032021,0.002160671132179659,0.0023950821489446827,0.006468017984407326
8025,37.125,31.375,0.4963046504820179,0.5282603114582959,0.005668602522917536,0.005645152065378317,1.551966744806066e-05,1.5455464588698398e-05,0.00010863261420535064,0.000108183235951409,0.00046548526448186855,0.00046356004359726644,0.0013958058647109972,0.0013900355666631725
19056,39.875,39.125,0.6730567730729997,0.8729629434605893,0.007687397887976424,0.009328750345963342,2.1046726873086286e-05,2.554040031610416e-05,0.0001473177861792685,0.0001787691042426376,0.0006312091543899667,0.0007659283213704571,0.0018924324396697445,0.002296025474859964
12026,38.125,31.625,0.1880524967492668,0.3449092457900454,0.002147863930911239,0.0036858062190300764,5.880513663569786e-06,1.009113654215632e-05,4.116286946309611e-05,7.063581737909441e-05,0.00017640036824206895,0.0003026898039345527,0.0005291077589454352,0.0009077945761842843
11026,37.875,31.625,0.13015534953334773,0.19010351300091302,0.0014865847862182797,0.002031504574118474,4.070039044457019e-06,5.561940929710296e-06,2.8489925444019626e-05,3.893293687473598e-05,0.0001220939657375908,0.000166844771782082,0.000366237178223483,0.0005004508084571757
13055,38.375,38.875,1.2192571383010131,2.1776008233033814,0.013925890244118827,0.02327051175074144,3.81262827411355e-05,6.370915939901689e-05,0.00026685345524579684,0.00044587888884639604,0.0011431563853419036,0.0019095102285893173,0.003425550230345742,0.005717598960340742
17002,39.375,25.625,1.271112061523522,1.9773256136448238,0.014518157409698126,0.021130309299554003,3.974775872872538e-05,5.7849960574674064e-05,0.0002782011357282954,0.00040487945182132723,0.0011917457670685971,0.0017340438241515432,0.0035709782198721784,0.005193115962612738
20060,40.125,40.125,0.3291741543869511,0.49074515020833215,0.0037597017078620436,0.00524425352081682,1.0293449302367641e-05,1.435788055448306e-05,7.20519200975156e-05,0.0001005008348619052,0.0003087573930300458,0.00043064675395265706,0.0009259862151409504,0.001291383971844029
14077,38.625,44.375,0.5041733059247363,0.7749887414148402,0.005758475305796443,0.008281767907503138,1.5765721868343796e-05,2.267398772570761e-05,0.00011035483349797204,0.00015870711818344319,0.00047286354923492535,0.0006799960413615969,0.0014179199536286102,0.0020386012546625976
16074,39.125,43.625,0.42331997454544407,2.8992273163162445,0.004834999376651286,0.030982034269284604,1.3237419233758096e-05,8.482058944148108e-05,9.265825490278878e-05,0.0005935930622669172,0.00039704636169735075,0.0025414905378283725,0.001190666210244662,0.00760511050695345
27068,41.875,42.125,0.039502186119686776,0.05640834128299792,0.0004511789113427372,0.0006027968737973604,1.2352597745790561e-06,1.6503665335454443e-06,8.646786379240545e-06,1.1552508537127082e-05,3.705712949431117e-05,4.950981121110143e-05,0.00011116726884130568,0.00014852208009030754
25070,41.375,42.625,0.06390802650465201,0.09846333048520925,0.0007299331165386225,0.001052209415313019,1.998445960826878e-06,2.880788226411468e-06,1.3989037856210196e-05,2.016534330828712e-05,5.9951641558586566e-05,8.642003685177535e-05,0.00017984414229321732,0.00025923770593228035
8001,37.125,25.375,0.12305645565877728,0.1598392037511481,0.0014055039265321344,0.0017080908628045847,3.848052627763998e-06,4.67648697843881e-06,2.6936057438864403e-05,3.2734949592438944e-05,0.00011543513779888048,0.0001402850965221969,0.00034626543912175123,0.0004207962526023845
3013,35.875,28.375,0.9899589632721973,1.2218622284737193,0.011306933899046606,0.013057195350593185,3.0956218721955864e-05,3.574801359285118e-05,0.0002166734080547572,0.00025020926041907643,0.0009282698270196565,0.0010718846978085006,0.0027822252263197678,0.003212208514537185
2007,35.625,26.875,2.355338922259082,3.4330030212483753,0.026901783297973453,0.03668612552465098,7.365035625694905e-05,0.00010043609360232963,0.0005154385959058594,0.0007028408550856513,0.0022071527057865303,0.0030086988957594984,0.006606854300355014,0.008998967115694367
10002,37.625,25.625,0.13873889250544819,0.1651110939257134,0.0015846227419375415,0.0017644279016883861,4.3384512101729555e-06,4.8307286514281955e-06,3.036876320905435e-05,3.38146105095527e-05,0.00013014534899880026,0.00014491170886810067,0.0003903852357652893,0.0004346721314373303
7,35.125,26.875,2.2342102210249584,3.409523989235677,0.025518297447605916,0.036435221371557074,6.986285023058425e-05,9.97492242267306e-05,0.0004889374663733514,0.0006980356562585888,0.0020937637349148774,0.0029881525437579493,0.006268148843750709,0.008937697145779744
14000,38.625,25.125,0.6717375533204986,0.9372339184823942,0.007672330262859375,0.010015569740717102,2.100547483119275e-05,2.742075954231815e-05,0.0001470290583135414,0.00019192952765856308,0.0006299723475224894,0.0008222957943075926,0.0018887266971056027,0.002464859427814714
7009,36.875,27.375,1.625634406249482,2.841705106638105,0.01856737648470059,0.030367334255434884,5.083341426181942e-05,8.31377738580441e-05,0.00035577963967392545,0.0005818192874388339,0.0015238789053122481,0.0024911288755607996,0.004564673633944749,0.007454784916714252
8,35.125,27.125,2.2782528407205964,3.4528498056658297,0.026021335460407365,0.03689821436345855,7.123999608349418e-05,0.00010101670270801222,0.0004985734073598147,0.0007069026631721931,0.002134993665089069,0.003026066360697799,0.006391316133141034,0.009050755559160018
24025,41.125,31.375,0.20306477704776102,1.126882190701369,0.0023193284736918486,0.01204220947190746,6.349955126272455e-06,3.2969229184498516e-05,4.4448839132238405e-05,0.00023076177917413787,0.0001904811147878105,0.0009886041890170283,0.000571334502109444,0.0029628815185240853
2006,35.625,26.625,2.1099379374972993,2.86886673476483,0.024098906798637708,0.030657591762563018,6.597703436739266e-05,8.393238921866608e-05,0.00046174783827268584,0.0005873788076580233,0.0019774186549759154,0.002514909654778963,0.005920533143388584,0.00752577055884851
12020,38.125,30.125,0.6563389212110682,2.5166020067331663,0.00749645295697433,0.02689318259936419,2.052395900964399e-05,7.36268105614446e-05,0.00014365886747913503,0.0005152738488468644,0.0006155355690753428,0.0022064478418369893,0.0018454702883322627,0.006604749031172252
10015,37.625,28.875,0.6816575534560818,1.3933424598715114,0.007785632722832893,0.014889685813059472,2.1315673496280496e-05,4.0764907112023074e-05,0.0001492001732966708,0.00028531945482435095,0.0006392725985028269,0.0012222246150399574,0.0019165920483938947,0.0036621941718906204
9,35.125,27.375,2.0028126029836266,2.924773718493671,0.022875362064767455,0.031255030975428914,6.262736685958004e-05,8.556795001202211e-05,0.000438309210684773,0.0005988219126550343,0.0018771158512680408,0.0025638560273343325,0.005620783476184443,0.007671864861959032
17073,39.375,43.375,0.1798265087572147,0.5567934337307067,0.00205390983187157,0.005950065780518372,5.623282839151145e-06,1.629025959293262e-05,3.936231583290262e-05,0.00011402624447831577,0.00016868473062736644,0.0004885923682756976,0.00050596883306675,0.001465061053957939
24033,41.125,33.375,0.2704798611161728,0.3851323807059485,0.0030893178648082687,0.004115643002565209,8.45805557836421e-06,1.1267952950255733e-05,5.920488675659197e-05,7.887300439990419e-05,0.0002537105504695214,0.00033798336377388605,0.0007609385606095476,0.0010136074316678956
13022,38.375,30.625,0.5556612511148414,1.3092016049428368,0.0063465509881842795,0.013990530773999145,1.737575865834451e-05,3.830325210374408e-05,0.00012162397053516738,0.0002680919567711326,0.0005211414471562037,0.0011484595856905422,0.0015626097177805498,0.0034414233935832206
4001,36.125,25.375,0.4861834708073851,0.7784360090927531,0.0055530022669400755,0.008318606469533588,1.5203176058076195e-05,2.2774843919770582e-05,0.00010641737866146084,0.00015941301528799023,0.00045599475160196246,0.0006830197338675292,0.0013673605559808566,0.0020476599723717737
13063,38.375,40.875,0.2625635377421699,0.3568993945743458,0.002998900636989587,0.0038139366344819483,8.210508763095703e-06,1.0441934899407812e-05,5.747214569951087e-05,7.309125462162669e-05,0.00024628594072251264,0.00031321062181233206,0.0007386758668127547,0.0009393375934824144
22009,40.625,27.375,0.9547844921424434,1.2158246330347011,0.010905184498562925,0.01299267574989026,2.9856322254384615e-05,3.5571374852438886e-05,0.0002089755373123614,0.0002489730537653667,0.0008953020166706516,0.0010665910128883072,0.002683502070552013,0.0031963614028700515
22010,40.625,27.625,0.9908417215329048,1.3305174528078938,0.011317016427386636,0.014218318476369847,3.0983822325136856e-05,3.892687676165796e-05,0.00021686659737507608,0.0002724563180598327,0.0009290971916900981,0.0011671473860164205,0.002784702712312126,0.0034973570489140737
22073,40.625,43.375,0.08546822885276376,0.09984571842028685,0.000976185528855172,0.001066982037706919,2.672646747026164e-06,2.9212333449990524e-06,1.8708377226062112e-05,2.044845421000918e-05,8.017629526591019e-05,8.763328833283346e-05,0.00024050960159816004,0.00026287682689174474
16062,39.125,40.625,0.8372328419348687,3.102856900742686,0.009562554361423154,0.03315808260031241,2.6180504270056915e-05,9.07777619966188e-05,0.00018324913672340681,0.0006352713075128413,0.0007851170437634947,0.0027197512332749474,0.0023535023889263984,0.008137082677639351
18008,39.625,27.125,0.4405754372738603,0.5873281257158618,0.005032084694029253,0.006276368884853132,1.3777002136672323e-05,1.71836138517234e-05,9.64350291268179e-05,0.00012027909633149925,0.00041322750919892126,0.0005153799908355072,0.001239170327235195,0.0015453432597951622
2021,35.625,30.375,0.401560192116853,0.4331054348806485,0.004586467436736859,0.004628297805477076,1.255698464219801e-05,1.2671508505590623e-05,8.789558132982211e-05,8.869718770043722e-05,0.0003766409574343932,0.00038007541672624434,0.0011294973505004968,0.0011397929331161682
6043,36.625,35.875,0.48504038659740345,0.6449242369627842,0.005539946394845554,0.0068918586335828015,1.5167431571150303e-05,1.886870256850859e-05,0.00010616719004952202,0.00013207344162835533,0.00045492288912285517,0.0005659062321747843,0.0013641478970118914,0.0016967581281649435
11018,37.875,29.625,0.910594870707885,1.7245660424749962,0.010400467487937647,0.018429242828566367,2.8474522691501747e-05,5.0455244075764405e-05,0.00019930463288109213,0.00035313325266117523,0.0008538830771374073,0.0015125504503152865,0.002559462505063892,0.004530791384777855
9022,37.375,30.625,0.7167634668190502,0.7985152035493752,0.008186599082639062,0.008533178913458107,2.241343555753339e-05,2.3362297702167467e-05,0.00015688349969289472,0.00016352462262581025,0.000672184584922797,0.0007006315611529645,0.0020151985621342794,0.002100422373634503
5019,36.375,29.875,0.41923511960636994,0.5117064359441876,0.004788343720713147,0.005468252263289245,1.310968469214746e-05,1.4971146694575665e-05,9.17641837834271e-05,0.00010479332013935139,0.0003932157891438637,0.00044903691563213943,0.0011791835722595456,0.0013465059349827557
25032,41.375,33.125,0.10774924362953511,0.13614109138704458,0.00123067078595301,0.0014548455497344437,3.3693873036089173e-06,3.983142100816295e-06,2.3585472718523626e-05,2.7881661533668556e-05,0.00010107668080872045,0.00011948736182132436,0.00030319939397260853,0.00035841925548119047
24032,41.125,33.125,0.2547220861809322,0.42017227975743365,0.0029093385664746376,0.004490090134425417,7.965303161050485e-06,1.2293121247841654e-05,5.575578977801143e-05,8.604867526218474e-05,0.0002389314978498147,0.00036872790741471206,0.0007166232424076213,0.00110577589156724
24034,41.125,33.625,0.27436662620708674,0.35320039265569303,0.003133711014013992,0.0037744079629766516,8.579596361468766e-06,1.0333712419208219e-05,6.0055628753108437e-05,7.233374447535024e-05,0.0002573558732853476,0.00030996492531509823,0.0007718689407645307,0.0009296065709613055
15079,38.875,44.875,0.25356252847976474,0.33125990272528916,0.0028960945404436058,0.0035399451434926063,7.929043282173254e-06,9.691794631727646e-06,5.5501982728078936e-05,6.784058990572106e-05,0.0002378439521563136,0.0002907129827147692,0.000713362160687181,0.0008718854305985735
4023,36.125,30.875,1.0644134818160214,1.1862482520922377,0.012157325027258335,0.012676613451924224,3.328438795779931e-05,3.470607384781221e-05,0.00023296745213485792,0.00024291722365488155,0.0009980498734487586,0.0010406584225886029,0.002991162303857764,0.0031187274849101554
14011,38.625,27.875,0.8189140915651263,1.2040995264200491,0.009353324577938827,0.012867377656532154,2.560767917580975e-05,3.522833951274951e-05,0.00017923998400037888,0.0002465723163652678,0.0007679451907827151,0.001056310512222991,0.002302066805787817,0.003165585339597099
5023,36.375,30.875,0.7175089729993015,0.7961460268869734,0.008195113970037594,0.008507861163404004,2.243674752588909e-05,2.3292983097333853e-05,0.00015704666151628022,0.0001630394882990993,0.0006728834893044988,0.0006985535292888256,0.0020172924560057925,0.0020941969976447927
25077,41.375,44.375,0.22411106711628548,0.2614037499905847,0.0025597111758579945,0.0027934408229217957,7.008082700932228e-06,7.64799490982071e-06,4.905554754086605e-05,5.353473605573811e-05,0.00021022111817314837,0.00022941440516521805,0.0006305307850540398,0.0006880853346620253
17059,39.375,39.875,0.6491218543011903,1.7979033383698815,0.007414022369927312,0.01921294771498382,2.029828096838937e-05,5.260080055402572e-05,0.00014207931464726986,0.0003681475052428329,0.0006087692342117146,0.0015768210300594054,0.0018251961283034523,0.004723007917047495
1,35.125,25.375,0.7393099184887622,0.8923367998765853,0.00844411605874162,0.00953578533077828,2.3118462562310427e-05,2.610721657447801e-05,0.00016181801463888146,0.0001827362033223201,0.0006933214354856165,0.0007829200792274227,0.0020785225558940246,0.0023469218260324665
18035,39.625,33.875,0.16205240469499024,0.24201028716437223,0.0018509007908886364,0.0025861963179806486,5.067477347520111e-06,7.080594557340447e-06,3.547180217144952e-05,4.9563109082551016e-05,0.00015201315044710562,0.00021239602951472758,0.00045597013086040583,0.0006370527619059541
17035,39.375,33.875,0.12834199554441486,0.25786815483294456,0.001465873348220219,0.0027556583662927984,4.013334446772987e-06,7.54455296692047e-06,2.809300288597605e-05,5.2810675457704015e-05,0.00012039302718558353,0.0002263118304299816,0.0003611355998588417,0.000678781851747301
15034,38.875,33.625,0.12646851718867758,0.18997927373870188,0.0014444751926243578,0.0020301769151737084,3.954749723034112e-06,5.558306017783288e-06,2.7682919622740165e-05,3.890749334045651e-05,0.00011863568852366058,0.00016673574200765096,0.0003558648439608847,0.0005001238282352771
3,35.125,25.875,1.1180336055139368,1.4760231573717888,0.012769753639760661,0.01577323716101543,3.4961068901662173e-05,4.318383732815345e-05,0.00024470181600422247,0.0003022477023956194,0.0010483005502945897,0.0012947042396500574,0.00314160600076574,0.003879086112005381
18033,39.625,33.375,0.3959789129245705,1.3247631579537116,0.004522720193426218,0.01415682631279767,1.2382456378356999e-05,3.875852693269177e-05,8.667397488482109e-05,0.0002712781438748424,0.0003714070025833127,0.0011621025771242355,0.001113807229498165,0.003482257853572701
19034,39.875,33.625,0.22347105392950958,0.31254793636314016,0.0025524011892162518,0.0033399833192454442,6.9880691883073e-06,9.14433414989091e-06,4.891545883478621e-05,6.400858308042157e-05,0.00020962083463127446,0.00027429365340359,0.0006287306904216861,0.0008226552698228362
23034,40.875,33.625,0.33063870011723256,0.5023161325561614,0.0037764291908979944,0.005367904594884801,1.0339246182433648e-05,1.4696413827008925e-05,7.237247841573868e-05,0.00010287036122402782,0.00031013088845621706,0.0004407984744041471,0.0009301041516935893,0.0013218125989760132
23035,40.875,33.875,0.2856488863424131,0.3913593224038775,0.003262572688401305,0.00418218601559228,8.932397308925033e-06,1.1450135721458032e-05,6.252510564519476e-05,8.014819688473285e-05,0.0002679372145019121,0.0003434470467973405,0.0008035962916883577,0.0010299873132817439
17012,39.375,28.125,1.5596937169506575,2.6924306830283937,0.017814227068592547,0.028772141880633418,4.8771506233280526e-05,7.877072871853574e-05,0.0003413505958371754,0.000551264816753605,0.0014621109408264887,0.0023604247448130167,0.0043799226429243054,0.007064572570865346
16034,39.125,33.625,0.17877169142662366,0.4843347346400577,0.0020418621104254814,0.005175749849614873,5.5902981604960544e-06,1.4170330399632114e-05,3.913143084932624e-05,9.918809613385093e-05,0.00016769535114979917,0.00042502257629706275,0.0005030016929727932,0.0012745258730979536
21074,40.375,43.625,0.05516495166883751,0.06545020362341178,0.0006300730486867083,0.0006994209940628922,1.7250445043526241e-06,1.9149084856673326e-06,1.2075249039678049e-05,1.3404282395712563e-05,5.1750040689357846e-05,5.744565950882574e-05,0.00015524208800654637,0.00017232707870473707
20075,40.125,43.875,0.06490507226376092,0.08592095791391041,0.0007413209931181789,0.0009181777667302318,2.0296242048134516e-06,2.5138305617122825e-06,1.4207282927336529e-05,1.7596681226139665e-05,6.0886934251214164e-05,7.541216800055484e-05,0.00018264968132286619,0.0002262194434453635
6021,36.625,30.375,0.42230279941335325,0.48211442435098145,0.004823381590046992,0.005152022931384808,1.3205611888111868e-05,1.4105370556349861e-05,9.243562114535919e-05,9.873341580157735e-05,0.0003960925071310184,0.0004230745798400326,0.0011878069157129634,0.0012686868389467643
19019,39.875,29.875,0.1329626591719765,0.18436902171115105,0.001518648806744153,0.0019702240375229297,4.15782518714547e-06,5.39416488343214e-06,2.9104413274749774e-05,3.7758543152022206e-05,0.00012472723583911716,0.0001618122899377239,0.00037413503880767696,0.00048535832439844384
18018,39.625,29.625,0.23686234529248387,0.35029087605572573,0.002705351414307947,0.003743315974259542,7.406821068478564e-06,1.0248588069527997e-05,5.184659541268566e-05,7.17379108192695e-05,0.00022218076917035479,0.0003074119568567957,0.000666394225596223,0.0009219523932877394
19020,39.875,30.125,0.14333274193997994,0.19501585167054752,0.0016370919389704502,0.002083999335101316,4.482103409086946e-06,5.705662942667722e-06,3.137430199229296e-05,3.993895695852956e-05,0.00013445436381320786,0.00017115572778658716,0.0004033088599425527,0.0005133793055243085
18017,39.625,29.375,0.4473208247923767,0.7500853977698034,0.005109127938875705,0.008015643122499857,1.3987932116932278e-05,2.1945394028666243e-05,9.791141600745679e-05,0.00015360764496352708,0.0004195528615434929,0.0006581523676233436,0.0012581305846712798,0.001973157894341271
16008,39.125,27.125,1.2144112475572841,1.6591879517012667,0.01387054232733222,0.017730592454581293,3.797475416955631e-05,4.85425382809046e-05,0.0002657929973828299,0.0003397482880314051,0.0011386155417176802,0.0014552515882378936,0.0034119587652502448,0.004359404575028036
19058,39.875,39.625,0.6011018606946806,0.9434147852466594,0.006865556308519314,0.010081620382840488,1.8796692083378197e-05,2.7601591369830203e-05,0.00013156942518754988,0.00019319514151971973,0.0005637470971596725,0.0008277164226393463,0.0016902880382753116,0.0024810944915697464
20052,40.125,38.125,0.17864711478364995,0.20596290042822993,0.0020404392434989443,0.0022009828630397132,5.586402584856209e-06,6.02594450793692e-06,3.91041627346711e-05,4.218084901119745e-05,0.00016757850282111963,0.0001807625404040003,0.0005026512655054161,0.0005421896018305006
20056,40.125,39.125,0.40121179843721994,0.4866027446090299,0.0045824882169382564,0.005199986501286277,1.254609026890563e-05,1.4236685793034276e-05,8.781932645951507e-05,9.965254430466253e-05,0.0003763142451789214,0.0004270124183038959,0.0011285179515939658,0.001280490313956939
21051,40.375,37.875,0.12241539261024625,0.14338402393736457,0.0013981819487696393,0.0015322457533063574,3.8280062221174305e-06,4.195051442557052e-06,2.6795735830753564e-05,2.9364990532632085e-05,0.00011483381256272018,0.00012584388824665727,0.0003444618787888931,0.00037748415668015234
1003,35.375,25.875,1.3554222646772172,1.8065195054461591,0.015481116410466228,0.019305022724806196,4.238408851919839e-05,5.2852874900310987e-05,0.00029665089766917063,0.00036991146751519377,0.001270741525846053,0.001584371705738663,0.003807382277434601,0.004745588393253564
19051,39.875,37.875,0.20513168253862157,0.2508189165877553,0.002342935880289278,0.002680328039603443,6.4145882704425006e-06,7.338311307503176e-06,4.490125381684251e-05,5.1367048299000295e-05,0.00019241975026618174,0.0002201259157246227,0.0005771481818421798,0.0006602323915838593
27045,41.875,36.375,0.02580210654826414,0.033157859225912995,0.00029470182504642183,0.0003543350757810308,8.068492981516684e-07,9.70116095566631e-07,5.64793141610842e-06,6.790792905442267e-06,2.4205195759741116e-05,2.910307348136243e-05,7.261382961876173e-05,8.730667950218596e-05
12071,38.125,42.875,0.5323995350286279,1.0261296391849837,0.006080864534580358,0.010965536736992451,1.6648361166993197e-05,3.0021552730907786e-05,0.00011653270780354053,0.00021013194289687398,0.0004993302856912685,0.0009002546290318714,0.001497242989369374,0.002698333241523132
18041,39.625,35.375,0.10825417189261194,0.11335744104971747,0.0012364378840916026,0.0012113724589706044,3.385176704506776e-06,3.3165515405109147e-06,2.3695996284822662e-05,2.3215629795236836e-05,0.00010155031644354384,9.949176157542095e-05,0.00030462001297748564,0.0002984455898793481
27074,41.875,43.625,0.19099994020945246,0.25593817461286966,0.0021815285065269184,0.002735034004422003,5.972681702215432e-06,7.488086965934393e-06,4.180802279152296e-05,5.241543127620929e-05,0.00017916493420822022,0.00022461821960473305,0.0005373985081549293,0.0006737033101130718
25075,41.375,43.875,0.4378349257600575,0.48796951042144077,0.005000783616221219,0.005214592180875418,1.3691305633223294e-05,1.4276673394264527e-05,9.583520303313442e-05,9.99324335705376e-05,0.00041065763785919085,0.000428211550462021,0.0012314670637441072,0.0012840846345094636
19041,39.875,35.375,0.13258315759361028,0.15167454751207612,0.001514314284384774,0.0016208408365744012,4.145957960943747e-06,4.437610514052004e-06,2.9021344760904455e-05,3.10628600609375e-05,0.00012437126191733316,0.00013311974958662987,0.000373067383043435,0.00039930608851579397
18042,39.625,35.625,0.11771450864442969,0.12956808898179714,0.0013444902441227256,0.0013846044256165123,3.681006898292871e-06,3.790833131289695e-06,2.576676374332898e-05,2.6535530142424157e-05,0.00011042431298158295,0.00011371874302967822,0.00033123635970455645,0.00034111743470222056
3021,35.875,30.375,0.6382381616685316,0.6910488769146483,0.007289712981618682,0.007384760713942198,1.9957947262172482e-05,2.0218168543473247e-05,0.00013969726640084001,0.00014151859583277915,0.0005985651810859194,0.0006063672730181047,0.0017946209168838712,0.001817998998194903
16058,39.125,39.625,0.351145262895422,0.8472040723820692,0.004010647333701843,0.009053483131833058,1.0980493673429237e-05,2.4786778721530567e-05,7.68609237642437e-05,0.00017349454951109955,0.00032936236708747124,0.0007433361662491089,0.0009877616982849613,0.00222835126350851
14076,38.625,44.125,0.5015922464334278,1.3385024267157672,0.005728995428205085,0.014303648361977925,1.5685011631516588e-05,3.916048813479289e-05,0.00010978991514420944,0.00027409121462473873,0.0004704433460887003,0.0011741477962327052,0.001410666191557719,0.0035183091382631204
12009,38.125,27.375,1.261615339586252,2.211699809329034,0.014409689471949061,0.023634903996788893,3.9450801459728346e-05,6.470674693959122e-05,0.0002761229286868394,0.0004528593118334756,0.0011828472739151552,0.0019393821787121457,0.0035443460936795956,0.005806870220841587
35,35.125,33.875,0.3339302151661046,0.356108197924847,0.0038140236210370956,0.003805481663886658,1.044217305312678e-05,1.0418786692945048e-05,7.309292159318748e-05,7.292922731683138e-05,0.00031321776426074255,0.00031251638564455675,0.0009393590074071589,0.0009372561879820163
7013,36.875,28.375,1.5574794085247332,2.4393105498891554,0.017788936081861873,0.02606722233361079,4.870226666009447e-05,7.13656185374889e-05,0.0003408660605370706,0.0004994523884013224,0.0014600366874604198,0.00213875455369128,0.004373718053365727,0.006402550631194104
8013,37.125,28.375,1.6405804876648131,2.4914981669021232,0.0187380849290732,0.026624915250488546,5.130076464321398e-05,7.289238839658374e-05,0.0003590500900899629,0.0005101351530248932,0.001537878667976167,0.0021844619379354224,0.004606544428728321,0.006539080615908466
11009,37.875,27.375,1.4755960277359865,2.373945628245141,0.016853695321024143,0.025368712688993794,4.614183843332231e-05,6.945333800933984e-05,0.0003229481620175001,0.0004860720787009942,0.0013833294066025736,0.0020815031615707413,0.00414425006620589,0.0062315205369133375
10005,37.625,26.375,0.5014519584937754,0.8783714838669795,0.005727393112837143,0.009386547671228096,1.5680624799951914e-05,2.5698636714532874e-05,0.00010975921021250112,0.00017987658877705037,0.000470311800982004,0.0007706718876598906,0.0014102719274052822,0.0023102343152335836
16073,39.125,43.375,0.34925763007580696,2.816910693128853,0.003989087511215354,0.03010237353134564,1.092146674286365e-05,8.241241097806107e-05,7.644776239856821e-05,0.0005767442685198354,0.0003275921214550559,0.0024694201651914716,0.0009824544497269994,0.007389981446330629
15019,38.875,29.875,0.4906978878528953,0.7031801022491889,0.005604564217505776,0.007514398716774174,1.53443428287936e-05,2.057309081260339e-05,0.00010740545550202985,0.00014400274769965637,0.00046022787927768594,0.0006170086450777434,0.0013800483062111901,0.0018498840711238529
5012,36.375,28.125,1.3376497100911937,1.6716388746058066,0.01527812506700979,0.01786364684391521,4.182835191068879e-05,4.890680359592725e-05,0.0002927617241047509,0.0003422973998815637,0.001254089773566558,0.0014661641168408623,0.0037575530695777015,0.004392046590591114
4007,36.125,26.875,1.5020650299908989,2.968313946579591,0.01715601417460648,0.03172031523618996,4.69695038103346e-05,8.684171907702432e-05,0.0003287402014786611,0.000607733685291989,0.0014081258664619956,0.0026019736840960928,0.0042184319360765166,0.0077856278671869505
15010,38.875,27.625,1.4414635850782638,2.124530670142124,0.016463847572519282,0.022703387781308298,4.5074542147971464e-05,6.215655630881223e-05,0.0003154791322393935,0.0004350147703787721,0.0013513528403921171,0.0018630170685068892,0.004048582525457589,0.005578645173948349
16011,39.125,27.875,1.940583535231324,3.285664898183806,0.022164605375067065,0.035111625052656734,6.068154107341517e-05,9.612576991002708e-05,0.0004246934680959269,0.0006726863770181168,0.001818845360514798,0.002879757229941715,0.005446617503309326,0.00861441656654649
17015,39.375,28.875,0.9214828543323478,2.8319685679037603,0.010524825886318907,0.030263286609693546,2.8814987677594495e-05,8.285293057186394e-05,0.00020168747820636934,0.0005798263771378265,0.000864088545414976,0.0024826041204777383,0.002590026334372997,0.007429337692867688
23039,40.875,34.875,0.3255449966703051,0.7139237614129651,0.003718250851883433,0.007629208760994011,1.0179964205381253e-05,2.0887417066295377e-05,7.125757320958215e-05,0.0001462027578154057,0.00030535385066776666,0.0006264327653600077,0.0009157818575524779,0.001878121287875012
24042,41.125,35.625,0.16863733677543782,0.32232160273584837,0.001926111374888228,0.0034444277223426626,5.273391639470937e-06,9.430284685474355e-06,3.6913157499540716e-05,6.601012529161565e-05,0.00015818965301239718,0.00028286985930014996,0.0004744938910968832,0.0008483695544625469
23040,40.875,35.125,0.3548856649590545,1.0665395365290946,0.004053368780204593,0.011397369321242617,1.1097457328190785e-05,3.120380971843861e-05,7.767961512039623e-05,0.0002184062218596461,0.00033287015359562133,0.0009356908650615114,0.0009982780900523736,0.0028044468622132612
23046,40.875,36.625,0.22479561494799993,0.2569886188819331,0.0025675298202372998,0.0027462593747677295,7.029488832355213e-06,7.518820124396974e-06,4.920538415065234e-05,5.2630553699972715e-05,0.00021086317141538746,0.0002255400137525232,0.0006324561337907042,0.0006764674478368926
6010,36.625,27.625,1.7529072123083185,2.7823668142080225,0.020021037958199223,0.029733227023068725,5.481311223953789e-05,8.140182570071097e-05,0.00038362869741759287,0.0005696736473799202,0.0016430870879445836,0.0024391745378443686,0.004921166494197937,0.007299689408300503
22022,40.625,30.625,0.41345088723678614,1.9612643321099257,0.004722278423578576,0.02095867350814076,1.2928810121271006e-05,5.738007446209892e-05,9.049816068773531e-05,0.000401591385914446,0.0003877916003642845,0.0017199707748583037,0.001162923712433761,0.005151042514364379
3010,35.875,27.625,1.9135372640539696,2.9242870393543154,0.02185569317591164,0.031249830172549887,5.983583652990898e-05,8.555371220808627e-05,0.00041877567633297197,0.0005987222991806762,0.0017935185229375206,0.0025634299517797166,0.005370911211962759,0.007670593180728047
6014,36.625,28.625,1.3450984566411792,2.073629666965684,0.015363201810588182,0.022159444015368207,4.206126956995959e-05,6.0667410898052054e-05,0.0002943917374358396,0.0004245945928715855,0.001261068808706356,0.0018184222005085404,0.003778437547968916,0.005445352636530343
14065,38.625,41.375,0.2598695927528773,0.31886894214844536,0.002968131424273015,0.0034075315300237225,8.126267938002307e-06,9.329269363700377e-06,5.688248882362856e-05,6.53030578340319e-05,0.00024375931455722366,0.00027984022386784435,0.0007310997023450838,0.000839285761865094
5011,36.375,27.875,1.5278446547036046,2.025830579656654,0.01745045922069739,0.021648648275856986,4.777561222224502e-05,5.9269012245066754e-05,0.00033438135668095725,0.0004148093238701689,0.0014322759177933797,0.0017765431374328067,0.004290676448657327,0.0053201667026985255
22031,40.625,32.875,0.6622505569268932,1.5555665010384931,0.0075639734065626,0.01662326178154315,2.0708816114489714e-05,4.551097469751575e-05,0.00014495270715608743,0.00031853332995623873,0.0006210779675343003,0.001364428630284853,0.0018620769286508132,0.00408770343450271
22025,40.625,31.375,0.28508230051801575,1.9858770458036963,0.003256101361101614,0.02122169253215071,8.914679938465397e-06,5.81001397249592e-05,6.240109069222122e-05,0.00040663009678754136,0.0002674058309199978,0.0017415365902878621,0.0008020029942459317,0.005215516203770587
22026,40.625,31.625,0.2857512306503449,1.33582743279325,0.003263741626072119,0.01427506255467984,8.93559765724472e-06,3.908222752158075e-05,6.254750688272637e-05,0.00027354351890929163,0.00026803320007995346,0.0011718026400229231,0.0008038840941069214,0.00351129016481444
25031,41.375,32.875,0.11246319908138454,0.14822232638256266,0.0012845117881304473,0.0015839493404375502,3.5167954263171097e-06,4.3366075453965536e-06,2.4617308260532766e-05,3.0355857891128935e-05,0.00010549848295005049,0.0001300900460108334,0.0003164620602345014,0.00039021936997396534
23024,40.875,31.125,0.3782271754351839,2.7548313803459554,0.0043199666149119405,0.029438974912951974,1.1827354053361994e-05,8.05962725837217e-05,8.278854081877896e-05,0.0005640375154657429,0.00035475977777399414,0.0024150646466706283,0.0010639018144703583,0.007227710414223432
3008,35.875,27.125,2.178408334665528,3.947314486189118,0.02488094957368732,0.04218221592853359,6.81180072380494e-05,0.00011548194452970506,0.00047672862040737396,0.0008080936079349899,0.0020415230724388778,0.0034586633891438012,0.006112074276644064,0.010340144483863556
15021,38.875,30.375,0.3779102607007209,0.6011109254337331,0.004316346935625072,0.006423656119207817,1.1817444028672242e-05,1.758685731167997e-05,8.271917556701425e-05,0.00012310150612337978,0.00035446257894788946,0.0005274711969972534,0.0010630108502199809,0.0015815790601569901
4073,36.125,43.375,0.05606080020795277,0.07625389741933583,0.0006403050891966022,0.0008148725868153612,1.753058255893336e-06,2.2309970645340016e-06,1.2271343253655864e-05,1.561687492790398e-05,5.2590410849706615e-05,6.692774683514369e-05,0.0001577629354406751,0.0002007698028353433
2008,35.625,27.125,2.594469895513799,3.8776729539875046,0.029633046116048792,0.041438005108949655,8.112756761480266e-05,0.00011344463957485562,0.0005677547766640423,0.0007938422647071341,0.0024309661633504787,0.0033977467967798436,0.007275184066618534,0.010158645566365032
18006,39.625,26.625,0.7961132302892944,0.98873078754399,0.009092901832297927,0.010565881112663763,2.4894698560706807e-05,2.892738751614221e-05,0.00017424987579872653,0.00020247414079122006,0.0007465714299331738,0.0008674577184608623,0.0022380425992153397,0.002600116359449678
16005,39.125,26.375,1.9504504247537027,3.116631993945637,0.022277301225862703,0.03330528748047982,6.099006672666274e-05,9.11807503267692e-05,0.0004268523594735951,0.0006380906863036051,0.0018280848146293716,0.002731809026460086,0.005474234870885497,0.008173059124600313
13075,38.375,43.875,0.38180303372044094,1.2949922463211456,0.004360808705103352,0.013838685200082176,1.1939172273267573e-05,3.788753741706952e-05,8.357121255220257e-05,0.00026518261904739937,0.0003581131685403971,0.0011360019157742318,0.0010739548164229173,0.003404135712275602
25033,41.375,33.375,0.11972183665176993,0.14040012327010062,0.0013674171794147497,0.0015003588735818742,3.743777193032649e-06,4.107750286141965e-06,2.6206146019891463e-05,2.8753897659883343e-05,0.000112307219102048,0.00012322516884566426,0.0003368838199881985,0.0003696299550812743
8043,37.125,35.875,0.9183315570511306,1.3173994204739379,0.01048883297006994,0.014078135150616485,2.8716447278087642e-05,3.854309059947436e-05,0.0002009978144544844,0.00026977043923370747,0.0008611347985287843,0.001155646727515447,0.0025811803747399775,0.0034629351678584497
14074,38.625,43.625,0.7296102785221703,6.149438333697649,0.008333330468615448,0.06571478825384074,2.281515511337595e-05,0.00017990110060295272,0.00015969515505154241,0.0012586282554416517,0.0006842282704919711,0.005382978111712844,0.0020512806268316863,0.016062160954699256
24035,41.125,33.875,0.25047176881688765,0.31022391305626873,0.0028607930617939475,0.0033151480918278188,7.832393862705622e-06,9.076339622438034e-06,5.482546878143868e-05,6.353264740455167e-05,0.00023494513215038815,0.0002722543564347424,0.0007046698117746386,0.0008165407221805143
12027,38.125,31.875,0.1847080177088417,0.2545563672036524,0.0021096645662508724,0.002720267585705889,5.775930112528194e-06,7.447659016834862e-06,4.043081020577155e-05,5.213244831181463e-05,0.00017326339196332974,0.0002234056437638854,0.0005197001204824137,0.0006700672121967566
16065,39.125,41.375,0.6903316712040801,1.0068538426711482,0.007884705189114707,0.010759549650433742,2.1586913307558575e-05,2.9457607595761992e-05,0.00015109860761364224,0.0002061850313015423,0.0006474047323125065,0.0008833508601032714,0.0019409570696238276,0.0026477123433702454
14024,38.625,31.125,0.6735583582538904,2.0907586327471956,0.007693126802704693,0.022342489408826525,2.1062411456607144e-05,6.116853134352507e-05,0.00014742756439445337,0.0004281011540409052,0.0006316794046764551,0.0018334292778111605,0.0018938414094704648,0.005490209607687868
18001,39.625,25.375,0.8894280161917628,1.545633932379453,0.01015870774461107,0.01651711929977066,2.7812639216251434e-05,4.5220385603617075e-05,0.00019467223086555574,0.0003164997599125474,0.0008340427726561961,0.0013557224191981243,0.0025000420161116477,0.004061655799555863
9073,37.375,43.375,0.22418555198450674,0.34621375873186466,0.0025605619136286526,0.0036997466453087316,7.0104118776725954e-06,1.0129302963290954e-05,4.9071851092374885e-05,7.090296612122238e-05,0.0002102909792734975,0.0003038344609099797,0.0006307402802322448,0.0009112264646395918
6039,36.625,34.875,0.20278974696444926,0.24032818805391767,0.0023161871849236996,0.002568220889841177,6.341354800931676e-06,7.031380864552794e-06,4.438863914690838e-05,4.921862781703812e-05,0.0001902231525030551,0.00021091992080868316,0.0005705609098490827,0.0006326263101703589
23031,40.875,32.875,0.4942763022966177,1.0779912143263848,0.005645435503164753,0.011519745470211597,1.5456240587075065e-05,3.1538846843259805e-05,0.00010818866743622646,0.0002207510403249291,0.00046358331311613377,0.000945732838636415,0.001390105310512313,0.0028345161299764277
3009,35.875,27.375,2.278674721842169,3.9132810045932653,0.02602615402575386,0.04181852368295779,7.125318765643929e-05,0.00011448632392263569,0.0004986657089040003,0.0008011290704874607,0.0021353885954207286,0.003428894208864164,0.006392495870027215,0.01025145099469682
1008,35.375,27.125,2.8139413018244417,4.228284881686558,0.03213976485485667,0.04518475193975494,8.799000915815647e-05,0.00012370145700835167,0.0006157675008724439,0.0008655889222416446,0.002636335163792358,0.0037043949970025913,0.007888173025312417,0.011072068197843232
3023,35.875,30.875,1.0542433472517554,1.180598686167149,0.01204116562719344,0.012616240453880012,3.2966371387610494e-05,3.4540787310577414e-05,0.0002307417785528676,0.00024176045823054437,0.00098851853704085,0.0010357048028837301,0.0029626250703779222,0.0031038974663193386
11015,37.875,28.875,0.9682053924562974,2.5158212611452098,0.011058472905804426,0.026884839312024997,3.0275990422601318e-05,7.360396956723747e-05,0.00021191268458187196,0.0005151140324950454,0.0009078810888436539,0.002205764073363703,0.0027211712706356472,0.006602706766562827
13056,38.375,39.125,1.4111836672219296,2.781880555767076,0.016118001893685834,0.02972803071590221,4.412771051554021e-05,8.138760014497759e-05,0.00030885308426475966,0.0005695741171114488,0.001322984608376876,0.002438748777386701,0.003963705275913165,0.007298418349810043
2009,35.625,27.375,2.57586302974755,3.736167309880163,0.029420525588337226,0.039925832299885014,8.054576515548195e-05,0.00010930499716255149,0.0005636841343505949,0.0007648841266102435,0.0024135529602435923,0.0032739580146997627,0.007223197226575384,0.00978975273375804
21015,40.375,28.875,0.6801978283075527,1.1703131099138313,0.007768960298644077,0.012506325624447277,2.1270027858566465e-05,3.4239867257368495e-05,0.0001488806946511323,0.00023965445246787453,0.0006379040746938847,0.0010266862003577293,0.0019124917188331203,0.003076897429625025
19018,39.875,29.625,0.21809754545093812,0.29611964013836256,0.002491027023793934,0.0031644254960428364,6.820037041332938e-06,8.663687305232592e-06,4.7739282529213334e-05,6.064423491014548e-05,0.00020458087941321867,0.0002598779709234167,0.0006136170867931945,0.0007794313206421766
23030,40.875,32.625,0.36873752983016084,0.6778320224856016,0.004211579500332251,0.00724352134490467,1.1530609772103517e-05,1.983148396922374e-05,8.071147640387188e-05,0.00013881212901500906,0.00034586046397722114,0.0005947734705659125,0.0010372225749216701,0.001783259355658262
14005,38.625,26.375,2.1771750099699805,3.8924101226662615,0.02486686300916699,0.04159549102337516,6.807944295272872e-05,0.00011387576350241346,0.0004764587806902476,0.0007968580747163001,0.0020403684264752586,0.0034106379509543094,0.006108624463743162,0.010197056173245067
15008,38.875,27.125,1.6755208507011918,2.4145629226348975,0.01913716043615803,0.025802761581823618,5.239331718587259e-05,7.064161587055917e-05,0.0003666955790808668,0.0004943865284351423,0.0015706059983254805,0.002117079153174939,0.004704421459746255,0.006337800875902411
18062,39.625,40.625,0.7098584553462481,1.63779846252571,0.008107732673836554,0.017502017798530656,2.219751591436836e-05,4.7916765161248875e-05,0.00015537226445971886,0.0003353691436350781,0.0006657111844066144,0.001436504634237723,0.001995804334100737,0.004303326230313487
16064,39.125,41.125,0.7411146670561382,1.2981582462369121,0.008464729208895107,0.013872518048349991,2.3174896985334037e-05,3.798016319356279e-05,0.00016221300074026335,0.0002658308519233321,0.000695013332091543,0.001138777633813759,0.0020835912014008917,0.0034124439347269497
13005,38.375,26.375,1.416738671886962,3.617277172918698,0.01618144903936226,0.03865533575175638,4.430141165279178e-05,0.0001058269413489743,0.0003100686696962951,0.0007405534447481044,0.0013281889649253698,0.003169941335353643,0.003979276980036084,0.009479710275096753
13009,38.375,27.375,0.986648425485983,1.7231424420531238,0.011269122198453186,0.018414029796870644,3.085269912705968e-05,5.04135951656659e-05,0.00021594890524700983,0.0003528417985015908,0.0009251670212870877,0.0015113028091893188,0.0027729340536913893,0.00452705977089507
25037,41.375,34.375,0.1179007972084258,0.12668549880160843,0.001346617961086154,0.0013538001808978243,3.6868322483840643e-06,3.7064960217714216e-06,2.5807540292799303e-05,2.594518365417464e-05,0.00011059905481536347,0.00011118890478223342,0.00033176046934602077,0.0003335296268035526
18012,39.625,28.125,0.94197748446446,1.4723001352055836,0.010758907738988069,0.01573345180176142,2.945585018976349e-05,4.307491564892185e-05,0.00020617273163370253,0.00030148544792418797,0.0008832981829427489,0.0012914406738264717,0.002647554590951451,0.0038693207183266853
20011,40.125,27.875,0.4971007302912706,0.6776068783287584,0.005677695043027494,0.007241115385239629,1.554456102470514e-05,1.982489694130063e-05,0.000108806853003518,0.00013876602530471516,0.0004662317354701129,0.0005945759733255729,0.0013980431916627012,0.0017826675684072812
20066,40.125,41.625,0.4715599453022798,0.6049304706761909,0.0053859779332134415,0.006464472953724011,1.4745895202117332e-05,1.7698605742522133e-05,0.00010321670025725815,0.00012388366233850867,0.0004422822820608907,0.0005308219351022325,0.0013262600918478862,0.0015916206390971244
21003,40.375,25.875,1.4451862999450324,2.7003272995541736,0.01650636700260194,0.028856527552097073,4.519094874910756e-05,7.90017458701664e-05,0.0003162937578147229,0.0005528811715540538,0.0013548404705508998,0.0023673394219124733,0.004059017120486175,0.007085218645192515
18014,39.625,28.625,0.7428641934511825,1.0816575888913937,0.008484711632447309,0.01155892547578683,2.3229604609986687e-05,3.164611246353477e-05,0.00016259590080391906,0.00022150175734858557,0.0006966534568647598,0.000948947860301752,0.0020885047305815307,0.0028441429293099008
11,35.125,27.875,1.303637297987855,1.7919939188425242,0.0148896482617406,0.019149797841471732,4.076480430625917e-05,5.2427914702501965e-05,0.00028531873536030705,0.0003669376855501838,0.0012222215345124576,0.001571642347432678,0.0036621849528847283,0.004707520745343752
5018,36.375,29.625,0.6078335278022263,0.8055711546283311,0.0069424428440619775,0.008608580975552489,1.9007191966236014e-05,2.3568732453016494e-05,0.0001330427572640014,0.00016496946244159982,0.0005700586329581148,0.0007068203906974713,0.001709201183589304,0.002118962740022101
7041,36.875,35.375,0.361158478424811,0.6545070870920134,0.004125014464369035,0.006994263915648933,1.129361032492504e-05,1.9149067621127003e-05,7.905259386642438e-05,0.00013403577317105952,0.0003387528332441381,0.0005743125483844702,0.001015914278159391,0.0017219483298720473
20010,40.125,27.625,0.5833742512859457,0.7322511244817911,0.006663078311744444,0.007825060596229016,1.8242347806896042e-05,2.142361882373489e-05,0.00012768944641228241,0.00014995569371001327,0.00054712569813542,0.0006425089520498695,0.001640479218597668,0.0019262886681282732
19010,39.875,27.625,0.5550271821305657,0.7565256296806345,0.006339308893957522,0.00808446542030334,1.735593122931256e-05,2.2133815058000827e-05,0.00012148519299259863,0.00015492641776448934,0.0005205469237702376,0.0006638013867490411,0.0015608280050631862,0.0019900825558963886
20012,40.125,28.125,0.38931903437715376,0.552961320588203,0.004446653599451035,0.005909114641559155,1.2174199951142661e-05,1.617814330512335e-05,8.521628728741515e-05,0.00011324150690494861,0.0003651615340128922,0.0004852304627822601,0.0010950846218924504,0.0014549851567875471
19009,39.875,27.375,0.46621124612974796,0.5938683667546316,0.0053248871302272235,0.006346259910938665,1.4578640151530209e-05,1.7374961746141615e-05,0.000102046017897095,0.00012161839273117092,0.00043726676363720074,0.0005211175518332611,0.0013112267678503375,0.0015625381065076382
7047,36.875,36.875,0.39907331513779926,0.5336443912433234,0.004558063275897426,0.005702687996924461,1.2479219261618546e-05,1.5612986937196816e-05,8.735126455006181e-05,0.00010928578962099422,0.00037430884279054943,0.00046828358563422157,0.0011225062594854007,0.0014041929910426632
18010,39.625,27.625,0.8670272368331287,1.3853072614645907,0.00990285458211431,0.014803819213016526,2.7112170670973157e-05,4.0529826729307494e-05,0.0001897697589283709,0.0002836742934312353,0.0008130454456646286,0.0012151805120258485,0.002437153745761478,0.003641113339460045
13006,38.375,26.625,1.7408405868573367,5.102493050330803,0.01988321756218217,0.05452680914478927,5.443580117137081e-05,0.00014927512469653514,0.00038098838545941316,0.001044458044959229,0.0016317856732517289,0.004468574099764533,0.004887373191300615,0.013345907065016371
13004,38.375,26.125,1.1760364707872768,2.151099665809326,0.013432240255805,0.022987312235810072,3.677479334796008e-05,6.293385048095068e-05,0.00025739515508271804,0.0004404537880303705,0.001102655714648848,0.0018862936347484593,0.00330432093573485,0.0056482133048441074
21014,40.375,28.625,0.4591612629718378,0.7156373637248432,0.005244364910101656,0.007647520842027378,1.4358185517426847e-05,2.0937551763355877e-05,0.00010050296941810366,0.0001465536566621628,0.00043065589902979706,0.0006279358943935831,0.0012914113834506802,0.0018826250203155537
17011,39.375,27.875,1.7693909883712091,3.172444410326069,0.02020930936465604,0.03390171611759243,5.532854287115807e-05,9.281353271517467e-05,0.00038723551982489113,0.0006495138555985269,0.0016585253308066816,0.002780661982452526,0.004967328435717233,0.008318811204479415
27006,41.875,26.625,0.07615663607832124,0.11342600376186729,0.0008698320658313594,0.0012121051411875063,2.3814675703670574e-06,3.3185575084582197e-06,1.667015389417159e-05,2.322967129120279e-05,7.144156011351654e-05,9.955193482380498e-05,0.00021430936901545294,0.0002986260736950186
16014,39.125,28.625,0.7198388756688194,2.2244837450546924,0.00822172523015324,0.023771517063491072,2.250960354799325e-05,6.508074885980264e-05,0.00015755658490812507,0.00045547630608422374,0.00067506774595949,0.0019505811402555917,0.0020238363961331274,0.005840336541918845
23032,40.875,33.125,0.49236482822676636,1.0912654340936618,0.005623603375006519,0.011661597862886461,1.539646839998632e-05,3.1927205204063114e-05,0.00010777030085129535,0.00022346903129233375,0.00046179094952569777,0.0009573728725275066,0.0013847331944113472,0.0028693698066236673
10008,37.625,27.125,1.2923596954279915,2.0879721352979113,0.014760839784404721,0.02231271204056735,4.041216022909744e-05,6.108701033591402e-05,0.0002828508279171249,0.000427530716249791,0.0012116546576835807,0.0018309879792560713,0.0036305614308609346,0.00548291252524602
21002,40.375,25.625,1.2489349146585371,2.151416734813578,0.01426485849229352,0.022990700532650465,3.905429141271011e-05,6.294312654830936e-05,0.00027334801198286574,0.0004405186959848262,0.0011709655057715596,0.001886571409290272,0.0035087846422487967,0.005649043487417571
10009,37.625,27.375,1.067590843045223,1.6338606120562824,0.012193615635985415,0.017459936717994295,3.338374291739221e-05,4.7801558955673507e-05,0.00023366279776393384,0.00033456293174283225,0.0010010276422255382,0.0014330532417541342,0.003000077760741293,0.004293001743459035
21005,40.375,26.375,0.7519221432236546,1.4606513189530486,0.008588168081793145,0.0156089689706631,2.351284631141315e-05,4.273411485433698e-05,0.00016457831470240158,0.00029910045641579064,0.0007051449506473295,0.0012812293633975846,0.0021139435143564533,0.0038387655473480775
19022,39.875,30.625,0.15637394187310072,0.22950004024135764,0.00178604355320772,0.0024525079739502378,4.889908792327091e-06,6.714578344002575e-06,3.4228859415286195e-05,4.70011016221461e-05,0.00014668686287000465,0.00020141773933080032,0.00043999604065902975,0.000604131518846529
7004,36.875,26.125,0.5169875767944954,0.6883865938934314,0.00590483502277898,0.0073563107392424975,1.6166426536901035e-05,2.014027832974996e-05,0.00011315949748602616,0.00014097343034680243,0.00048487912455386084,0.0006040319336516609,0.00145393216436418,0.0018110014576082634
4003,36.125,25.875,0.5853442488355906,0.6831096827831338,0.006685578872779309,0.007299920045096122,1.830394985991024e-05,1.9985892120821802e-05,0.000128120613507976,0.00013989285697191267,0.0005489727806503586,0.0005994030414233631,0.001646014394053874,0.0017971314876079614
6004,36.625,26.125,0.7289218586204995,0.9375827104039307,0.008325467598929163,0.01001929703840262,2.2793628240314057e-05,2.7430964047336914e-05,0.00015954448755717276,0.00019200094744009633,0.0006835828912538089,0.0008226016860672924,0.0020493471364820826,0.0024657755942327775
6005,36.625,26.375,1.0203004072920385,1.2557256373871946,0.01165348230626542,0.013419070147208011,3.190498673011355e-05,3.6738736881147815e-05,0.0002233135317557533,0.000257142815473288,0.000956706934974294,0.0011015751730786283,0.002867375816107298,0.003301086452376145
2002,35.625,25.625,0.9171400248954558,1.1472664022108119,0.010475223744008416,0.012260041421814838,2.867918831717109e-05,3.3565600719653865e-05,0.0002007370466328151,0.00023493554672016081,0.0008600179595733559,0.001006478082534068,0.0025778356221435317,0.003016396272770838
3004,35.875,26.125,1.0433238955167872,1.2457690638800611,0.011916447812049858,0.013312671142250165,3.2624923817614615e-05,3.644744294140079e-05,0.000228352115840047,0.00025510420554664126,0.000978284847724109,0.0010928456237675466,0.0029319843557013003,0.0032749552418286365
2003,35.625,25.875,1.2312190454387608,1.5828181276875373,0.014062514587481492,0.01691448104054462,3.850032547580984e-05,4.630825297058383e-05,0.00026947115255182563,0.0003241127407291877,0.0011543652062594445,0.0013883151545546202,0.003459099479949934,0.004159165882623772
17004,39.375,26.125,1.7598576240263772,2.6298213644432713,0.020100422911296153,0.028103079457323512,5.5030444458870065e-05,7.693907825034874e-05,0.0003851495216987688,0.0005384492516350425,0.0016495966779506155,0.002305599160212446,0.004940631015083685,0.006900862374249805
30069,42.625,42.375,0.04755971600712925,0.09510257443356603,0.0005432089461289914,0.0010162953431129078,1.487223934781845e-06,2.782461134054337e-06,1.0410521095294278e-05,1.947706535521121e-05,4.461575590963829e-05,8.347046629975097e-05,0.00013384129612070694,0.00025039049752462184
5015,36.375,28.875,1.4051561739640042,2.0536514150195133,0.016049158163417416,0.02194595027413818,4.3939234954049056e-05,6.0082932180738347e-05,0.0003075341038636381,0.0004205047237225701,0.0013173375574154766,0.0018009185136149686,0.003946808823604986,0.005393031459299258
5014,36.375,28.625,1.352618267264799,1.851431872164962,0.015449090220925488,0.01978497008076745,4.2296409303532734e-05,5.416682883341295e-05,0.00029603729906169107,0.0003791061924434125,0.001268114377213525,0.0016237292002869719,0.00379952082869206,0.004863282392269741
22023,40.625,30.875,0.35361499843093086,2.1670009358733937,0.004038855711507547,0.023157238095461552,1.1057723151797205e-05,6.339905274255209e-05,7.740149437185373e-05,0.0004437089698787755,0.0003316785111827647,0.0019002241600875047,0.00099470553813219,0.005689846786114616
23023,40.875,30.875,0.4068057609792842,2.421623710510346,0.00464638032463512,0.025878215331412057,1.2721015116290424e-05,7.084818236369195e-05,8.904370757756297e-05,0.0004958318802276152,0.000381560068308473,0.002123263446785928,0.0011442434962188885,0.006356275169562053
16061,39.125,40.375,0.9643693402476428,3.794950088964893,0.011014658979807754,0.04055400314588854,3.0156038055451084e-05,0.00011102464574208604,0.000211073170228393,0.0007769137121773628,0.0009042856697941692,0.0033253829090800213,0.002710404551128698,0.009943010985418499
23037,40.875,34.375,0.282624437078721,0.36169123463489383,0.003228028581853139,0.00386514371028912,8.837821539930957e-06,1.0582130758440833e-05,6.186311055478289e-05,7.40725637393691e-05,0.00026510067241658497,0.0003174152156155685,0.0007950912007810285,0.0009519434215699007
20019,40.125,29.875,0.18157614364319513,0.2841715004650243,0.002073893494565886,0.0030367440028635046,5.6779948166552074e-06,8.314117396102105e-06,3.974528669081767e-05,5.819737017720428e-05,0.0001703258210058456,0.00024939345503760535,0.0005108904353028354,0.0007479937893379862
10,35.125,27.625,1.688216339474309,2.376145108566388,0.01928216346931331,0.0253922170117849,5.2790292975557485e-05,6.951768486651577e-05,0.00036947353286176376,0.0004865223189445267,0.00158249712180758,0.002083429681145943,0.00473998243704421,0.006237276049228968
17001,39.375,25.375,0.918669244319274,1.329759965533037,0.010492689905317869,0.014210223734513599,2.8727006688100687e-05,3.890471542877805e-05,0.00020107171758687592,0.00027230122494792397,0.0008614513170747129,0.0011664832959312754,0.0025821282953907287,0.003495369425169037
2078,35.625,44.625,0.06809701531584948,0.08282683059720894,0.0007777781498675771,0.0008851129711482912,2.129438252618243e-06,2.4233043085519768e-06,1.4905972543721724e-05,1.6963006839842976e-05,6.388117510569558e-05,7.269657481867586e-05,0.00019163128316423972,0.00021807387046435256
25076,41.375,44.125,0.3729972348856913,0.4227265635807513,0.004260232227646438,0.004517385996499474,1.166381213502099e-05,1.2367852323724726e-05,8.164382806608028e-05,8.65717540934341e-05,0.0003498551911297332,0.0003709690381531461,0.0010491984202467552,0.0011124943114296793
30066,42.625,41.625,0.03560881892163591,0.07171136442516171,0.0004067103553860664,0.0007663296829516935,1.1135116466665096e-06,2.098094124658445e-06,7.794555488715993e-06,1.4686566430999193e-05,3.340481004576734e-05,6.294090890801574e-05,0.00010021108253055466,0.0001888108422993806
10017,37.625,29.375,0.9971985791010778,1.773185489773381,0.011389622031250662,0.018948805187086835,3.1182599456003324e-05,5.1877655504517506e-05,0.0002182577778087058,0.0003630870763043914,0.000935055132545215,0.0015551595201409585,0.0028025432308779186,0.004658226758209816
6016,36.625,29.125,1.3274488964379993,2.555613804128671,0.015161615262086245,0.027310074657814314,4.150937874136673e-05,7.476811412376883e-05,0.00029052947009389207,0.0005232594178056216,0.0012445321351314265,0.002240613351994103,0.003728951752294485,0.0067067902600620455
22017,40.625,29.375,0.644504746532476,1.579614838273672,0.007361287525067613,0.01688024970523804,2.0153903752206936e-05,4.621453701780798e-05,0.0001410687967751123,0.000323456911127451,0.0006044404575671347,0.001385507445357037,0.0018122255487326155,0.0041507661030906196
18069,39.625,42.375,0.27960963844405345,0.41908331232274937,0.0031935947011108028,0.004478453093690581,8.743547541212315e-06,1.2261261157830994e-05,6.120322736957728e-05,8.582567106019123e-05,0.00026227317336291467,0.0003677724449594466,0.0007866131764774353,0.0011029116149080531
27067,41.875,41.875,0.03032694129430235,0.03607475530393512,0.00034638276261625113,0.00038550592386894447,9.483438695445656e-07,1.0554571401311108e-06,6.638388200697065e-06,7.388176587075357e-06,2.8449924871498666e-05,3.166322962266932e-05,8.534734644294328e-05,9.49866812193223e-05
17065,39.375,41.375,0.6195833069664339,0.9764508372074548,0.007076644342575569,0.010434653788745245,1.9374608593469844e-05,2.856811701257289e-05,0.00013561437752385164,0.0001999596810202675,0.0005810749990018405,0.0008566885852892003,0.0017422122487410485,0.0025678646386080306
16066,39.125,41.625,0.6303440025379098,0.8748630579952412,0.00719954890533873,0.009349055553939566,1.9711096371222148e-05,2.559599152429648e-05,0.00013796951579314598,0.00017915818300673347,0.0005911639128421964,0.0007675948214709294,0.0017724435208080758,0.002301017311251319
20054,40.125,38.625,0.34394390647801715,0.40696060387442656,0.003928396185910899,0.004348906104922655,1.0755304751031147e-05,1.190658511862619e-05,7.528470409279286e-05,8.334311878699374e-05,0.0003226088282701767,0.00035713589186536776,0.0009675142890182009,0.0010710250830114898
6009,36.625,27.375,1.7499732014567255,2.7425610425563343,0.01998752680471828,0.029307850311664493,5.4721368726418085e-05,8.023730186046407e-05,0.00038298670382752587,0.0005615259325847388,0.001640339150549841,0.002404320611245403,0.0049129497277441425,0.007195633459725959
3007,35.875,26.875,1.7904890251258525,2.960612847106559,0.020450283097744833,0.031638018920050186,5.5988256275285586e-05,8.661642358454014e-05,0.00039185197168789543,0.0006061574373322776,0.0016782848126368766,0.002595231798206421,0.005026409245297625,0.007765507189838261
11016,37.875,29.125,1.3541699025022196,3.1171078207195553,0.015466812407112838,0.033310372311645985,4.2344927951520894e-05,9.119467056628583e-05,0.0002963768433662528,0.0006381880746796353,0.001269568151303524,0.0027322255307162813,0.0038038710903324224,0.008174301819314334
16053,39.125,38.375,0.3154389197330326,0.4225335628013725,0.0036028230936148297,0.0045153235308462766,9.863943393750851e-06,1.2362205670357618e-05,6.904556054476707e-05,8.653223045218539e-05,0.00029587598134850346,0.00037079969928521805,0.000887365342158275,0.001111986671586851
22016,40.625,29.125,0.8151156120928371,1.9185868010242177,0.009309939793413925,0.020502608292700564,2.548890114395519e-05,5.6131506820489285e-05,0.00017840866522178533,0.0003928543882655289,0.0007643844889652085,0.001682575347842108,0.002291401062571974,0.005039237627594284
9020,37.375,30.125,0.6938632840858675,0.8769641681507485,0.007925041925174353,0.009371508662902466,2.1697346882065816e-05,2.5657463211037346e-05,0.00015187154225981825,0.00017958841865439723,0.0006507156608619447,0.0007694376020364047,0.0019508769655051106,0.0023065371589724437
12055,38.125,38.875,1.012873366221279,1.7448862404301502,0.011568653474396463,0.018646390709956072,3.16727454289234e-05,5.1049732400443304e-05,0.0002216881526957426,0.00035729340388079844,0.0009497461160193899,0.001530358869266224,0.002846533151691477,0.004584054197090182
16072,39.125,43.125,0.2670479352219834,1.8089111685764998,0.0030501197155195733,0.019330580772168603,8.350737796369856e-06,5.292284531965841e-05,5.845370016377416e-05,0.00037040110504626966,0.000250491801607966,0.0015864676011909662,0.0007512871821134803,0.004751856158171863
2015,35.625,28.875,0.538983017117216,0.7021866561030318,0.006156058557325678,0.00750378244588996,1.685422773267664e-05,2.0544025644553265e-05,0.00011797362893173347,0.00014379931661867573,0.0005055032831454698,0.0006161372097447382,0.0015157433779017238,0.0018472729879516203
18061,39.625,40.375,0.6828619360004061,1.4386059385659469,0.007799388721134911,0.015373385259517456,2.135333456365629e-05,4.2089149160595696e-05,0.00014946376702318354,0.00029458684530747625,0.0006404017317022115,0.0012619041764800887,0.001919975114610728,0.0037809373324474427
17061,39.375,40.375,0.9453330709686709,2.5564457009812855,0.010797233968865554,0.027318964563290565,2.956077859206374e-05,7.479245153840797e-05,0.00020690710041637583,0.0005234297032838953,0.0008864433423774187,0.0022413418927248463,0.002656973378285743,0.006708966097369595
12056,38.125,39.125,0.9324047701155191,1.8175173285952875,0.010649571844881751,0.01942254884349866,2.9156513598693756e-05,5.317462681864171e-05,0.00020407774391051348,0.0003721630146332755,0.0008743257140790828,0.0015940094344690792,0.00262068447424868,0.004774409755340159
1077,35.375,44.375,0.05095399403533036,0.07030062497321395,0.000581977095844005,0.000751254087533804,1.593365180574402e-06,2.0568194796233286e-06,1.1153502948890726e-05,1.4397647517094825e-05,4.77998510491906e-05,6.170274415406851e-05,0.00014339269877949867,0.00018509681101130937
11017,37.875,29.375,1.2838334250830632,2.5493923315236158,0.014663455974800286,0.027243590089194785,4.0145548628633954e-05,7.45861028883521e-05,0.0002809849976979084,0.0005219859099180324,0.0012036656471654528,0.0022351648276796032,0.00360665225240997,0.006690517764416315
21004,40.375,26.125,1.2362274186151174,2.4193324140506025,0.014119718316674105,0.02585372983314245,3.865693470883613e-05,7.078114947023373e-05,0.0002705671634529727,0.0004953628493084006,0.0011590582297477114,0.0021212565857038346,0.0034731459984005397,0.006350280113684992
17063,39.375,40.875,0.8550542071526519,1.9743341095466136,0.00976610320130859,0.02109834116722928,2.6737775876251035e-05,5.776244165778266e-05,0.00018714941872066682,0.00040426703185658663,0.0008018223686130366,0.0017314226545351863,0.0024035388640135658,0.005185279680880783
4009,36.125,27.375,1.9356142787799815,4.056484276999143,0.022107848422195986,0.043348837869839105,6.052615842266906e-05,0.00011867560737610638,0.0004236061849859363,0.0008304335482299807,0.001814192066650011,0.0035541485053903754,0.0054327082924231496,0.01062459449727915
12070,38.125,42.625,0.5051374103475821,0.8034675313776007,0.005769486938990674,0.008586101010881557,1.579586960120949e-05,2.3507187112747907e-05,0.00011056584764690403,0.00016453870589938635,0.0004737675674046926,0.0007049752904007001,0.0014206294414302878,0.0021134352510877585
11010,37.875,27.625,1.01279156494558,1.516284664215417,0.011567719171408664,0.01620348399876503,3.1670187527810256e-05,4.4361737409293056e-05,0.000221670250789896,0.00031049083768208696,0.0009496694494344204,0.0013299964123915098,0.002846303588593946,0.003984684918421522
11011,37.875,27.875,0.5438917709446887,0.7848507754665889,0.006212124472290948,0.00838715663478112,1.7007725243267657e-05,2.296251975164587e-05,0.0001190480023577356,0.00016072656586163525,0.0005101059479861725,0.0006886462760672396,0.0015295373524576439,0.002064516453700538
17066,39.375,41.625,0.4931961792703594,0.6904989781983049,0.005633098749709466,0.007378884327230984,1.542246491847976e-05,2.020208019870573e-05,0.00010795225965665178,0.0001414059910744836,0.0004625704966406685,0.0006058849054715321,0.0013870696745056366,0.0018165536492767975
16067,39.125,41.875,0.5587509839189285,0.8152983465014001,0.006381840738444285,0.00871252873786119,1.747237504534649e-05,2.385331916787692e-05,0.00012230021454262552,0.0001669612860529801,0.0005240384745229809,0.0007153521234680715,0.001571291718510004,0.0021445215504888315
17064,39.375,41.125,0.7654981317159869,1.4773323044487445,0.0087432278470885,0.0157872271090866,2.393736673989011e-05,4.322213806373654e-05,0.00016754953471120881,0.0003025157380543986,0.0007178718039508869,0.001295851822992855,0.0021520697620199813,0.00388251994917288
16063,39.125,40.875,0.7583666989581046,1.9525715985888554,0.008661775340681221,0.020865780285754268,2.371436724435405e-05,5.712576124106139e-05,0.0001659887613820743,0.000399811804807082,0.0007111864399904633,0.0017123540354307965,0.002132042321222216,0.005128270658154022
9044,37.375,36.125,1.3438075545301296,1.7250621591882793,0.015348457618776904,0.018434544484261316,4.202090386995483e-05,5.0469758485549576e-05,0.0002941092488026875,0.00035323482277105356,0.0012598593132412406,0.0015129852458405368,0.0037748182029622157,0.004532091827870621
6017,36.625,29.375,1.0029438718299575,2.049519386277587,0.011455242574653182,0.0219017941448952,3.136225309408047e-05,5.9962046543793335e-05,0.00021951511732876128,0.00041965882896444207,0.0009404398559869076,0.0017972982518013048,0.002818667118342888,0.00538220971816461
26075,41.625,43.875,0.28553347949139146,0.3257971940216899,0.0032612545553428545,0.0034815689591535756,8.92878848945955e-06,9.531970885712227e-06,6.249984526296437e-05,6.672188820266989e-05,0.00026782897795551985,0.00028591960665447225,0.0008032717559942615,0.0008575135932730182
12015,38.125,28.875,0.8160287722872218,2.2669161757872445,0.009320369561050978,0.024224963061218272,2.5517455563228708e-05,6.63221347754206e-05,0.00017860851557316426,0.0004641625825005935,0.0007652404882112496,0.001987751825020645,0.0022939651337388067,0.005951409857028467
23022,40.875,30.625,0.4136147769616634,1.955297689406095,0.004724150309540186,0.020894912130175563,1.2933934999459495e-05,5.720551532473195e-05,9.053403205172561e-05,0.0004003698919343712,0.00038794528906371806,0.001714742694617355,0.0011633844209355537,0.005135412098256742
16076,39.125,44.125,0.3528672639064615,0.8563504297119671,0.004030315372810816,0.00915122391767598,1.1034341237059486e-05,2.5054371740163006e-05,7.723783181590171e-05,0.000175367420579553,0.00033097727840702973,0.0007513581571766403,0.000992603233601952,0.0022523812784600583
1011,35.375,27.875,1.6950091127799687,2.353407244674337,0.019359747936556707,0.02514923320904916,5.3002696434267804e-05,6.885247749655043e-05,0.00037095988524837864,0.0004818677999622878,0.0015888594580077964,0.00206351346079936,0.004759008961926603,0.006177774905610778
7072,36.875,43.125,0.18000908106760385,0.24948564129424025,0.002055995103202962,0.002666080249993569,5.628991968764652e-06,7.29930327092454e-06,3.940227839138721e-05,5.109400403391362e-05,0.0001688559765739006,0.00021895592298237787,0.0005064823975136079,0.0006567239543555647
27029,41.875,32.375,0.11547018697098788,0.14888652622186976,0.0013188564575201721,0.0015910471840827364,3.610825671240825e-06,4.356040297692765e-06,2.5275505901367623e-05,3.049188361015087e-05,0.00010831909877284662,0.00013067295510471588,0.0003249220985078738,0.00039196764128190953
15030,38.875,32.625,0.17084471669782478,0.23656155539500948,0.0019513232268926928,0.0025279694954571117,5.342417561893242e-06,6.9211793215506745e-06,3.7396323568916756e-05,4.844724930497257e-05,0.0001602601119570224,0.00020761454330675555,0.0004807032900765451,0.0006227143274734059
11054,37.875,38.625,0.6796094806169,0.8810424749057923,0.007762240415603795,0.009415090702480505,2.1251630212715256e-05,2.577678126380878e-05,0.00014875192755714473,0.0001804235161543266,0.000637352485514997,0.0007730144749706902,0.0019108390608768566,0.00231725123269233
15016,38.875,29.125,0.5268418732897023,2.5919178601387127,0.006017387040818818,0.027698030959511375,1.6474572138935883e-05,7.583020060952794e-05,0.00011531630548688998,0.0005306906649208409,0.0004941191183054361,0.0022724064422963153,0.0014816250144480403,0.006801739568094933
6007,36.625,26.875,1.6840714460729933,2.3558781740662322,0.019234822076946535,0.025175638320047475,5.2660686141070556e-05,6.892476577025075e-05,0.00036856657199357823,0.00048237360876135504,0.001578614857606797,0.002065677780727193,0.0047283724321617315,0.006184241082398234
4017,36.125,29.375,0.8386984093708669,1.0825878305614263,0.009579293513992322,0.011568866324211328,2.6226332371148686e-05,3.167332816156332e-05,0.00018356988299894628,0.00022169223104862024,0.0007864908424393136,0.0009497635819463168,0.002357617310280058,0.0028465854499892806
16013,39.125,28.375,0.9857695606602715,1.782217698826636,0.011259084139443477,0.01904532614935855,3.082521726682774e-05,5.214190175295563e-05,0.00021575656781824826,0.00036493622289612837,0.0009243433024975767,0.0015630749595475502,0.002770467465638693,0.004681899087565
14014,38.625,28.625,0.20468627567760755,0.41978089657122347,0.0023378486129150625,0.004485907693393855,6.400660180760909e-06,1.228167048905604e-05,4.4803760936962256e-05,8.596852585995851e-05,0.0001920019852110766,0.00036838450703957637,0.000575895368424395,0.001104746449675953
17062,39.375,40.625,0.9006278465817263,2.3379454054790867,0.010286627937869658,0.02498400324273452,2.8162855815971888e-05,6.840013354802998e-05,0.00019712333541810345,0.00047870269589223025,0.0008445407464461319,0.002049970123556233,0.002531483094489251,0.006137311852894456
28047,42.125,36.875,0.010106412300454802,0.010766439290216367,0.00011543158865902791,0.00011505347965315275,3.160344159702788e-07,3.1499921027133837e-07,2.212238814136569e-06,2.2049923877887068e-06,9.48098903119643e-06,9.449933144001221e-06,2.8442697427077945e-05,2.8349531529192618e-05
27073,41.875,43.375,0.1653082280489172,0.23108679273124405,0.0018880875640940042,0.0024694644987945874,5.169288662676408e-06,6.761002466104671e-06,3.618445949138405e-05,4.732605733959172e-05,0.00015506703656986698,0.00020281019088674856,0.00046512897608097514,0.0006083071850816468
6012,36.625,28.125,1.46424644055125,2.1095587831368294,0.01672406466274402,0.022543393594697477,4.578694534673744e-05,6.171854323022696e-05,0.00032046459545520545,0.00043194981808925004,0.0013726967967024883,0.0018499002583208801,0.004112440087188363,0.005539440712666321
14006,38.625,26.625,2.266201162887419,4.204804734215935,0.02588368579038273,0.04493383586653479,7.086315860282966e-05,0.00012301457098318203,0.0004959366693413347,0.0008607842777493824,0.002123711811674589,0.0036838620066951266,0.006357614557709335,0.011010923495331393
8008,37.125,27.125,0.8572587602855553,1.366100121252014,0.009791282766801164,0.014598565808796702,2.680671192378803e-05,3.996789615301477e-05,0.00018763189354487064,0.00027974172921807483,0.0008038888449939385,0.0011983422604995297,0.0024097283426594007,0.003590720429827332
22036,40.625,34.125,0.2823640063242051,0.38262610223204346,0.0032250540410531277,0.004088860140410903,8.829677763055876e-06,1.1194626293620225e-05,6.180610713779622e-05,7.835975239145476e-05,0.0002648564216888305,0.00033578428045222264,0.0007943588368735099,0.0010070146259677504
14073,38.625,43.375,0.8282527813861928,7.976023220444469,0.00945998753309959,0.08523423581094096,2.5899698910758495e-05,0.00023333139360071087,0.00018128380630089147,0.001632176885396186,0.0007766992422808539,0.00697631036307178,0.0023282884102566737,0.020783263899764814
0,35.125,25.125,0.5365438487620261,0.6260773289854024,0.0061281993062011495,0.0066904547817567845,1.6777954542690487e-05,1.8317299126713316e-05,0.00011743977046951848,0.0001282140481098093,0.0005032162030601528,0.0005493730460516266,0.001508889056967,0.0016472138717302798
1001,35.375,25.375,0.7733101495111445,0.9298746257571741,0.008832453736347645,0.00993692607654931,2.418164803363876e-05,2.7205450805367626e-05,0.0001692592569360052,0.00019042261347468337,0.0007251951312440275,0.0008158416464962848,0.002174008051182841,0.0024455286897346884
21072,40.375,43.125,0.14517929283326453,0.15867024373897057,0.0016581825393551187,0.0016955989967984638,4.539846065410025e-06,4.64228627261587e-06,3.1778489647193986e-05,3.2495551344435825e-05,0.0001361864169053817,0.00013925921397672791,0.0004085036130214714,0.0004177194652447147
7016,36.875,29.125,1.6413432119427214,4.266225991832973,0.018746796475019506,0.04559020230515247,5.132461433221547e-05,0.00012481138167796946,0.0003592169865207495,0.0008733526042871143,0.001538593094714047,0.0037375729593062124,0.00460868112027224,0.011170862734884768
7015,36.875,28.875,1.6271792400746534,3.438946072514704,0.018585020987749973,0.036749634797263474,5.088171982159384e-05,0.00010060995503546888,0.00035611767542353956,0.0007040571512650917,0.001525325936293509,0.0030138995550768044,0.004569001500097536,0.009014475270675781
15004,38.875,26.125,2.4915332523237392,4.241797857099774,0.028457343017717712,0.04532915574865124,7.790892392289805e-05,0.00012409676410596315,0.0005452350182012511,0.0008683540154774683,0.002334629273431865,0.003716211672728287,0.00698754906364496,0.011107255652330283
1002,35.375,25.625,1.0198329959050385,1.2995923348440737,0.011648143711583674,0.013887843160017581,3.189037092066194e-05,3.80221194681285e-05,0.0002232112406690412,0.00026612447888763047,0.0009562688661135521,0.001140034935673273,0.002866064122367895,0.003416207249736347
14079,38.625,44.875,0.32640043433089166,0.4054102879019509,0.003728021334743688,0.004332338951903246,1.0206714056937294e-05,1.1861227264708951e-05,7.144481071830189e-05,8.302563644824179e-05,0.0003061561090239584,0.00035577562512512095,0.0009181871610790537,0.0010669471915217832
16078,39.125,44.625,0.23638630077892533,0.3186736217244523,0.00269991421534566,0.0034054442759351633,7.391934939149358e-06,9.323554826745628e-06,5.174239713368056e-05,6.526305831378032e-05,0.0002217342811099421,0.00027966883412078314,0.0006650553559574002,0.0008387718802662647
16012,39.125,28.125,1.6079775851491034,2.67257075865248,0.018365707004998753,0.028559912624190786,5.0281301232857345e-05,7.818972228290644e-05,0.0003519160206848504,0.0005471996864235829,0.0015073397818995415,0.0023430341780250608,0.004515206550830708,0.007012645969407649
16018,39.125,29.625,0.7253709144858704,1.4973993950423061,0.008284910068668772,0.016001670207409953,2.268259029902797e-05,4.380922572067014e-05,0.0001587673280033508,0.0003066242787737039,0.0006802539488854897,0.001313442239893603,0.00203937392513609,0.003935153593987439
15018,38.875,29.625,0.5322575625875087,1.0017761905938793,0.006079242979478806,0.010705288299562733,1.6643921664893924e-05,2.9309052478776465e-05,0.00011650163439325123,0.00020514532880078207,0.0004991971649094262,0.0008788980026191995,0.0014968440256988291,0.0026343773016757055
18021,39.625,30.375,0.14509810243028248,0.18913372320779506,0.0016572552135226209,0.0020211411022943468,4.53730719718326e-06,5.533567447590926e-06,3.176071805344183e-05,3.87343291112785e-05,0.00013611026088244937,0.00016599370425496307,0.0004082752071596918,0.0004978984556089916
17022,39.375,30.625,0.09505895971298838,0.11431661384841917,0.00108572720068535,0.0012216224743289382,2.972554652980186e-06,3.344614459721562e-06,2.0807697013958126e-05,2.341206630374071e-05,8.917279600006989e-05,0.00010033356783845093,0.0002674945333466239,0.00030097050405097914
18022,39.625,30.625,0.13313036769783185,0.17962421793518432,0.0015205643095947813,0.0019195196059108494,4.1630695263306094e-06,5.255344454613287e-06,2.9141122732556646e-05,3.6786831195678715e-05,0.00012488454703296625,0.00015764832011622154,0.00037460685459622667,0.000472870405288095
12016,38.125,29.125,0.9350474883671821,2.3149224037407214,0.010679755965329118,0.02473797236932714,2.9239150803772596e-05,6.772658357478978e-05,0.00020465610301445558,0.0004739897712031649,0.000876802731928028,0.0020298034707210144,0.002628102520763176,0.006077058468771268
15022,38.875,30.625,0.3945608459791877,0.8739571977137004,0.004506523573353334,0.009339375252526863,1.233811299738985e-05,2.556948898146949e-05,8.636359423785933e-05,0.0001789726936815006,0.00037007717791759376,0.0007668003348418884,0.0011098207130847415,0.002298637507130441
15020,38.875,30.125,0.4208814373278735,0.584501966885796,0.004807147334140051,0.006246167682887778,1.3161165503761119e-05,1.7100928884627997e-05,9.212452106410751e-05,0.00011970036109010262,0.000394759625286345,0.000512900674670469,0.0011838114318910575,0.0015379129576325035
10021,37.625,30.375,0.5749995969218463,0.8091062783749885,0.006567426202075937,0.008646358394538822,1.7980471346157323e-05,2.367215894638619e-05,0.00012585651038232726,0.00016569334529537016,0.0005392735296361195,0.0007099210608056961,0.0016169482979182526,0.0021282515764711185
14025,38.625,31.375,0.5774222675979033,1.6114719222739742,0.006595097022998443,0.017220684297124724,1.8056228559992782e-05,4.714655262416656e-05,0.00012638675355070017,0.0003299791932911411,0.0005415450587822335,0.0014134300871875283,0.001623755522013992,0.004234299731457392
15026,38.875,31.625,0.34610648697876456,0.5926274643021154,0.0039530963559992575,0.006332999245901353,1.0822929401577142e-05,1.733865665409784e-05,7.575804600346014e-05,0.00012136428355147277,0.000324636933120126,0.0005200289471605224,0.0009735946661584283,0.0015592756917954809
18024,39.625,31.125,0.04817396489044699,0.061982721459081035,0.0005502246627181721,0.0006623664138170327,1.5064318912294539e-06,1.8134587631557508e-06,1.0544975582837957e-05,1.2694142280778031e-05,4.519196958985283e-05,5.4402332362646355e-05,0.00013556978191953117,0.00016319811840759257
8020,37.125,30.125,0.6846902502136476,0.9165894889158407,0.007820271029112081,0.009794957020665377,2.1410505984476025e-05,2.681677121296744e-05,0.00014986391562976653,0.00018770229724174303,0.0006421158111283853,0.000804190389110393,0.0019251107599930206,0.0024106315208732854
14022,38.625,30.625,0.5712215250280855,1.3860843394141762,0.0065242745051334716,0.014812123306844723,1.786233055600661e-05,4.055256117740935e-05,0.00012502961377169886,0.0002838333958612438,0.0005357311474755155,0.0012158617440608532,0.0016063325725985678,0.0036431520702731035
17017,39.375,29.375,0.7426002811419986,2.0593292181214973,0.008481697326657075,0.02200662502333426,2.322135208221443e-05,6.0249040595872216e-05,0.00016253814115885223,0.00042166706294066714,0.0006964060477283596,0.0018058930785431748,0.002087763536778975,0.005407901375664714
16017,39.125,29.375,0.9076282485224915,3.2011591968652215,0.010366583860233711,0.03420857115292701,2.8381757011919362e-05,9.36535776875358e-05,0.00019865538387686676,0.0006553908817156229,0.0008511024001635059,0.002805795281758283,0.0025511346911212263,0.008393790472372764
16016,39.125,29.125,0.9681586196051915,4.748572306639155,0.01105793868412924,0.05074470328922026,3.0274527847651278e-05,0.00013892177531960037,0.00021190244841684525,0.0009720472366091526,0.0009078372501021281,0.00415926895665053,0.002721039993099361,0.012425980268539583
16019,39.125,29.875,0.5254480029592503,0.7562543576836527,0.00600146678525775,0.008081566524359759,1.643098557180256e-05,2.212587848915426e-05,0.00011501122963508692,0.00015487086915844106,0.0004928121450435974,0.0006635634424371206,0.001477707963386199,0.0019893696701629437
17014,39.375,28.625,0.8771390138229287,1.9191162311355234,0.010018347444209983,0.020508265945606684,2.742836427138684e-05,5.61469957602867e-05,0.0001919827520037165,0.00039296277432920856,0.0008225237548071807,0.001683039260135022,0.002465542184914349,0.005040624684364281
17016,39.375,29.125,0.9298950011066895,3.1121359964881545,0.010620906220004826,0.033257241869665374,2.9078033680240978e-05,9.104922059877119e-05,0.0002035284804495774,0.0006371704814350787,0.0008719733037710897,0.002727873547698434,0.002613639561979575,0.008161317059728002
16021,39.125,30.375,0.23204558556648433,0.30035440528051016,0.0026503362209008936,0.0032096794980377864,7.256198782168433e-06,8.787584929059733e-06,5.079228578808159e-05,6.151147287281056e-05,0.00021766306121462353,0.0002635939592104952,0.0006528470623315963,0.000790573450620391
17020,39.375,30.125,0.17611197975310117,0.21440846435749053,0.0020114838975916504,0.0022912347551929135,5.5071276080509435e-06,6.273039202420172e-06,3.854925636459505e-05,4.391044805407418e-05,0.00016520063604164026,0.00018817405938065246,0.0004955200388829795,0.0005644159563751305
13020,38.375,30.125,0.5256153368881833,1.5820725690008812,0.006003378009605129,0.016906513771248504,1.6436218132964697e-05,4.6286440785969774e-05,0.00011504785395133332,0.00032396009784541047,0.0004929690470825143,0.001387661667013096,0.0014781782056039194,0.004157210858421023
17018,39.375,29.625,0.47022346218180044,0.9027203170565039,0.005370713132488265,0.009646746787057844,1.4704103070806163e-05,2.641100450750944e-05,0.00010292418118373892,0.00018486238383286224,0.0004410290534004879,0.0007920267796035496,0.0013225037261067607,0.0023741989163953425
13017,38.375,29.375,0.2744550305063072,0.5361070014499951,0.0031347207342193365,0.005729004206552321,8.582360800923894e-06,1.568503566495849e-05,6.00749788335353e-05,0.00010979008336242657,0.0002574387858360616,0.00047044406676366446,0.0007721175503846434,0.0014106683515487939
15024,38.875,31.125,0.5468222119856243,1.3705814720771101,0.006245594852755398,0.014646454901195373,1.7099360588024304e-05,4.009900409340794e-05,0.00011968938414019803,0.0002806592643774808,0.000512853649098366,0.0012022709348983307,0.0015377720255890237,0.003602478176321311
16020,39.125,30.125,0.3506961792480477,0.45564691560547566,0.004005518071475437,0.004869182997323423,1.0966450672889039e-05,1.3331007643224702e-05,7.676262923261845e-05,9.331332155448901e-05,0.0003289412111185941,0.0003998529325572875,0.0009864990619870007,0.0011990792144983553
14012,38.625,28.125,0.5676214099467434,0.8608279980339488,0.006483155363064041,0.0091990725890837,1.7749754485096858e-05,2.5185370972180543e-05,0.00012424166546198823,0.00017628427700289162,0.000532355608858448,0.0007552852722456649,0.0015962167699632435,0.002264144880066432
13016,38.375,29.125,0.3405702280100061,0.7845345376188816,0.0038898633165196763,0.008383777219935043,1.0649808633300673e-05,2.2953267630465568e-05,7.454627868885844e-05,0.00016066180993412615,0.00031944492688995574,0.0006883688971685009,0.0009580286780835889,0.002063685462474374
15017,38.875,29.375,0.5471650801459917,1.8141153944949555,0.006249510962179315,0.019386194730012917,1.7110082127902437e-05,5.307509996810289e-05,0.00011976442721728375,0.0003714665487183355,0.0005131751357844161,0.0015910282255264807,0.001538735496337429,0.00476549459161868
15015,38.875,28.875,0.42901243855613097,2.1473234636576084,0.004900016530573294,0.02294695857888436,1.3415424127583009e-05,6.282337513663361e-05,9.39041895319237e-05,0.0004396807523281421,0.0004023844451112035,0.0018829854125859136,0.0012066676607599414,0.005638326011942807
18020,39.625,30.125,0.12210463700063276,0.15280155443802235,0.0013946326166588987,0.0016328843790054768,3.818288717649665e-06,4.470583789273341e-06,2.6727714859231533e-05,3.129366681953183e-05,0.0001145423197459472,0.00013410882007880431,0.0003435876009114658,0.00040227250712143725
16026,39.125,31.625,0.18162687745394845,0.24125018752789962,0.0020744729568122184,0.0025780736596251845,5.679581288831059e-06,7.058356087941142e-06,3.9756391617573605e-05,4.940744639991834e-05,0.00017037340733316864,0.000211729012197015,0.0005110331456510409,0.0006350525585587796
16015,39.125,28.875,0.8313033230702636,4.019820684725861,0.009494829657326703,0.04295703945311848,2.5995088972829983e-05,0.00011760304849883774,0.00018195143278687542,0.0008229309563957399,0.0007795587915671032,0.0035220817958402373,0.002336853712719744,0.010529073898627672
18023,39.625,30.875,0.08700739818968299,0.11676830895261041,0.0009937653342790864,0.0012478220418165966,2.7207775014082003e-06,3.41634472367236e-06,1.9045287054986204e-05,2.391416796743151e-05,8.16201049783638e-05,0.00010248526480804987,0.00024484032995431004,0.0003074242858120968
8007,37.125,26.875,0.7682958142963672,1.058227967671709,0.00877518191102496,0.011308549341615,2.4024850101000972e-05,3.096064142571464e-05,0.00016816183013046437,0.00021670436123100156,0.0007204944801818547,0.0009284023890644422,0.002159926477675378,0.002782622174423932
14026,38.625,31.625,0.41620878201752237,0.8833410983469078,0.004753778046434898,0.009439654499125228,1.3015050269737927e-05,2.584403153793602e-05,9.110179474347557e-05,0.0001808941951765286,0.0003903778317264628,0.0007750304736330316,0.0011706763701162526,0.0023232898697330695
20023,40.125,30.875,0.07123467256590572,0.17597810763114421,0.0008136152748802991,0.0018805561504571754,2.227554739775428e-06,5.1486688823487725e-06,1.5592778976669663e-05,3.604012549651703e-05,6.682448376726935e-05,0.00015444853569990258,0.0002004600550654656,0.00046327404773349734
4008,36.125,27.125,1.8395865979456187,4.21032868768094,0.02101105685814573,0.044992866531219665,5.752348401844021e-05,0.00012317616824064626,0.00040259490681560095,0.0008619146233498354,0.0017242658992671078,0.0036886926482789795,0.005163883545529879,0.011025308774501363
12019,38.125,29.875,0.5642672685363498,2.0015272331177476,0.006444845638497258,0.021388935244357473,1.764487003175219e-05,5.855799860809974e-05,0.00012350755224432852,0.0004098339874613055,0.0005292106897282212,0.0017552491411083615,0.001586792025535022,0.005256510132429226
14016,38.625,29.125,0.21389243135067731,0.6079117639758853,0.0024429978135603737,0.006496331970317192,6.688541118404778e-06,1.7785829428684785e-05,4.681884837121064e-05,0.000124494163147304,0.0002006367743543347,0.0005334372996580461,0.000601789565793931,0.0015994583847086519
19015,39.875,28.875,0.5691625718426888,0.6971066810948909,0.006500757926737573,0.007449496271465629,1.7797946821329624e-05,2.0395401241546374e-05,0.000124578975841505,0.00014275907356753326,0.0005338006339206114,0.0006116811236959174,0.0016005472245141927,0.0018339211385594023
15028,38.875,32.125,0.15759986541098625,0.1808897166881907,0.001800045584526614,0.0019330431145756332,4.928244076607413e-06,5.292369608111969e-06,3.449719850123767e-05,3.704599906961814e-05,0.0001478367576834838,0.00015875890485517186,0.0004434447091608007,0.0004762011053972559
27030,41.875,32.625,0.11311235702271882,0.14049970172812037,0.00129192622267271,0.0015014229995927901,3.537094970140764e-06,4.110663692435956e-06,2.475940206059235e-05,2.8774291000899233e-05,0.00010610740698069332,0.00012331256061870466,0.00031828844579118165,0.00036989206576842903
12007,38.125,26.875,1.627399991648265,5.300969362440475,0.018587542328071686,0.05664778802382255,5.088862252389248e-05,0.00015508116470308586,0.00035616597958942897,0.0010850632299214125,0.0015255327119975126,0.0046419882450244865,0.004569619936122371,0.013861420596289808
15025,38.875,31.375,0.49595856893632273,1.0648069380421343,0.0056646497114313694,0.011378854241243259,1.5508845407907756e-05,3.115311977253121e-05,0.00010855686697575084,0.00021805145861164554,0.000465160749315352,0.0009341715410636775,0.0013948332250269813,0.0027998974090162054
15059,38.875,39.875,0.7712980748904088,1.9413127468533438,0.00880947258704686,0.020745464735352503,2.411873059537939e-05,5.6796373979928205e-05,0.00016881889868236577,0.0003975068818820038,0.0007233089295883843,0.0017024887277463652,0.002168357639760088,0.005098775714243664
14017,38.625,29.375,0.21827015860380128,0.4631681642380561,0.0024929985454245664,0.004949557372099423,6.825434736512648e-06,1.3551057730709637e-05,4.777706484904165e-05,9.48535479478041e-05,0.00020474277823334663,0.00040645186246723863,0.0006141025844670356,0.0012188600451994436
24072,41.125,43.125,0.12351617207066155,0.15378189754411664,0.0014107546321414873,0.0016433606267759557,3.862428220813285e-06,4.499266063828777e-06,2.7036684262626842e-05,3.1494437338741577e-05,0.00011586635737681483,0.0001349691764078731,0.0003475587986476736,0.00040485288164660016
12012,38.125,28.125,0.3080354462310271,0.4887276488690979,0.0035182634415320568,0.005222693881364367,9.632433940587326e-06,1.4298854324468202e-05,6.742508915569267e-05,0.00010008768677149948,0.0002889326608989107,0.0004288767027046392,0.0008665475605696971,0.0012860783813209986
3001,35.875,25.375,0.5296637522976959,0.758162705429858,0.006049617467127628,0.008101959714965376,1.6562812779286062e-05,2.218171076517894e-05,0.00011593392875219877,0.00015526164314383362,0.0004967650696811043,0.0006652373349514962,0.0014895550050293416,0.0019943846771136586
4002,36.125,25.625,0.5520019380075628,0.7176012260020828,0.006304755708829313,0.007668507277975733,1.7261331401563496e-05,2.0995008288893224e-05,0.00012082306296634648,0.000146955801748061,0.0005177103531270877,0.0006296585424211409,0.001552327126110753,0.0018877864672639522
15047,38.875,36.875,0.15742012402675365,0.17576373812677817,0.0017979926469546123,0.001878265332040427,4.92262346751815e-06,5.1423969955610715e-06,3.4457855400571447e-05,3.599622364480748e-05,0.00014766816349498502,0.00015426040717270162,0.00044293907604531224,0.00046270983636931273
9007,37.375,26.875,0.8930162733907642,1.327242044944977,0.010199691450468715,0.014183316461148872,2.7924843360449536e-05,3.8831050192533745e-05,0.00019545752855099074,0.00027178568853747365,0.0008374061775655584,0.0011642758284833299,0.002510115372608257,0.0034887624490560487
8019,37.125,29.875,0.6434939046402347,1.3167050532206008,0.007349742074314603,0.014070714928712088,2.0122294667301865e-05,3.852277592186759e-05,0.00014084755991461417,0.0002696282693644969,0.0006034927386606714,0.001155037967843331,0.0018093858253194206,0.003461113106359326
2004,35.625,26.125,1.560821233721556,2.0096101875239127,0.017827105135332276,0.02147531217968763,4.880676273821827e-05,5.879447189238718e-05,0.0003415973191349675,0.0004114887177710802,0.0014631671404796709,0.0017623312779807554,0.004383081979629222,0.00527768187281108
25,35.125,31.375,0.3435981278927022,0.41059382530848204,0.003924446834722706,0.00438773182594988,1.0744492133007988e-05,1.2012882878109643e-05,7.520902064828139e-05,8.408714971119835e-05,0.0003222845508382699,0.0003603237188126718,0.0009665420839944927,0.0010805817036729781
23043,40.875,35.875,0.2858185129918713,0.4665574326172334,0.003264510099328523,0.004985776135795709,8.937701603595194e-06,1.3650217952743127e-05,6.256223371714498e-05,9.554761286101332e-05,0.0002680963021133298,0.00040942549603295575,0.000804073298728003,0.0012277736690200491
19001,39.875,25.375,0.7926682439892236,1.392170782352853,0.009053554512031976,0.01487716490694379,2.4786974144985763e-05,4.0730628136254055e-05,0.0001734959172721151,0.0002850795606529344,0.0007433420247410227,0.0012211974602813758,0.0022283688128649226,0.0036591202323331684
18000,39.625,25.125,0.5482520158210583,0.840960351777025,0.00626192552711226,0.008986760814247036,1.7144070772134867e-05,2.4604107483061632e-05,0.00012000232327868954,0.00017221604029837856,0.0005141942887832984,0.0007378599524365814,0.0015417898150007492,0.0022119469471001407
13057,38.375,39.375,1.228107368562354,2.449735310923238,0.014026974200392688,0.026178624534393524,3.840302494062531e-05,7.167059932744468e-05,0.000268790205927516,0.0005015863380051222,0.0011514494434409217,0.0021478850202408806,0.0034503723494931915,0.0064298247396162855
8012,37.125,28.125,1.8021543808367326,2.962998142298166,0.02058352034375734,0.031663508917661905,5.635301948403448e-05,8.668620534735272e-05,0.0003944044537326219,0.0006066456557664024,0.001689209897495214,0.0025973199968549743,0.005059074222294568,0.007771739298772173
18055,39.625,38.875,0.7118217570058323,1.037234365418589,0.008130156756967667,0.011084205254905603,2.225890834339772e-05,3.034643961941086e-05,0.00015580195415076936,0.00021240573927927553,0.000667551770405006,0.0009099927077363956,0.0020013187325946813,0.0027274946165776193
20014,40.125,28.625,0.4055210882506113,0.5217503201692438,0.004631707282454666,0.005575584297416463,1.268084302641359e-05,1.5265001346076446e-05,8.876252437728382e-05,0.00010685011612154849,0.0003803553494278189,0.0004578486910069568,0.001140632092734073,0.001372917292725928
8014,37.125,28.625,1.500264028372679,2.478607459898854,0.017135443820677887,0.026487161193094366,4.6913187894292996e-05,7.251526576246281e-05,0.0003283461010823441,0.0005074964459429454,0.001406438687354461,0.002173172088530184,0.004213384634753403,0.006505358498001157
56,35.125,39.125,0.03139217785493505,0.03239047855091081,0.00035854948853599004,0.0003461346100097877,9.816545175622693e-07,9.476644654560218e-07,6.871561386567748e-06,6.633632398611589e-06,2.944921634573383e-05,2.8429543306951466e-05,8.834504729371417e-05,8.528620522696428e-05
12052,38.125,38.125,0.5041936127574512,0.6222592311194437,0.005758707242698603,0.006649653414350756,1.5766356866953046e-05,1.8205593110831586e-05,0.00011035927806779533,0.00012743219167088427,0.00047288259048550163,0.0005460236398450169,0.001417977023368433,0.0016371766568817891
13047,38.375,36.875,0.1563306888146951,0.16705474065524376,0.001785549533262987,0.0017851983080800467,4.888556246029907e-06,4.887594648672611e-06,3.4219391868983706e-05,3.4212660884325174e-05,0.00014664629223437586,0.00014661744840016588,0.0004398743644516978,0.0004397878583236592
22043,40.625,35.875,0.38009132488466874,0.5974893696807676,0.004341258219296832,0.0063849550612345264,1.1885646598042143e-05,1.7480901447486374e-05,8.319655960420391e-05,0.00012235989309894446,0.0003565079529173065,0.0005242941369760779,0.0010691426103017765,0.0015720579020224168
26078,41.625,44.625,0.10454149159971908,0.12852057847783066,0.0011940330650865043,0.001373410406386395,3.2690790237044354e-06,3.7601856927027555e-06,2.2883328742451248e-05,2.6321002931539716e-05,9.806772205978032e-05,0.00011279942053232794,0.00029417431528822036,0.000338360091904355
10012,37.625,28.125,0.4421584475540012,0.6110195403162733,0.005050165233994165,0.0065295426235616955,1.3826503274083635e-05,1.7876753620416075e-05,9.678150839487198e-05,0.00012513056439844572,0.0004147119490485185,0.0005361636152368954,0.0012436199604681786,0.0016076285855753936
3012,35.875,28.125,1.1247813483256424,1.4483358992845226,0.012846823785868065,0.01547736261056033,3.517206806258333e-05,4.2373811610763035e-05,0.00024617849939923,0.0002965789775998262,0.0010546240911367688,0.0012704335972731906,0.0031605367504760062,0.0038064608377260667
19004,39.875,26.125,0.8263409997209341,1.2530853962186677,0.009438151891703871,0.0133908557185214,2.5839917729308937e-05,3.6661492820333486e-05,0.00018086540298101195,0.00025660222610102146,0.000774907151830373,0.0010992603163206827,0.002322920477526247,0.0032941571575495487
4010,36.125,27.625,1.7305346375296584,2.8879197488948534,0.01976550693766314,0.03086119812808926,5.4113544536660285e-05,8.448978612374258e-05,0.0003787333235127921,0.0005912786149712135,0.0016221331792798388,0.002531590773112935,0.004858509858030602,0.007575561688654808
6018,36.625,29.625,0.6509736938426708,1.2617521491462413,0.007435173375235603,0.013483471304299851,2.0356188087822247e-05,3.6915051146446665e-05,0.00014248461504784427,0.00025837674264495014,0.0006105054240158614,0.0011068589549459995,0.0018303983489751374,0.0033169028106532217
4011,36.125,27.875,1.4219102401601311,1.9460756940967228,0.016240516720739527,0.020796363053634304,4.446312297334831e-05,5.693571805631681e-05,0.00031120034753451264,0.0003984819576582366,0.0013330340643291638,0.001706662161689576,0.0039937736223120135,0.005111253368853763
19055,39.875,38.875,0.7195165621804364,0.9527755289714218,0.008218043888357139,0.010181652167597218,2.2499524810370986e-05,2.7875455873571653e-05,0.00015748604326992766,0.00019511187401155539,0.0006747655810973585,0.000835925751280775,0.0020229311247501602,0.002505681522378622
18005,39.625,26.375,1.165368052961298,1.5475800381848275,0.01331038965427397,0.016537915984602664,3.644119679546698e-05,4.5277321247150226e-05,0.0002550604920844579,0.00031689820122615675,0.0010926584373300852,0.0013574282485667721,0.003274394909136058,0.004066759412562959
18015,39.625,28.875,0.7529383114307668,1.2210158209730133,0.008599774367684181,0.013048150379871132,2.354462184273043e-05,3.572325069767235e-05,0.00016480071202262803,0.00025003595731554196,0.0007060975663556457,0.001071142580444051,0.0021167973297890885,0.003209986931020814
8018,37.125,29.625,0.860744436427261,2.486191717538669,0.009831094830927013,0.026568208901489445,2.6915708487007528e-05,7.273714617916927e-05,0.00018839474652909693,0.0005090489321808445,0.0008071561956807249,0.0021798144958075083,0.0024195146095326026,0.006525199071301557
26076,41.625,44.125,0.23240442084920773,0.2731173017433574,0.0026544347007095796,0.002918615437474116,7.267419726897373e-06,7.990701647031528e-06,5.0870828978588634e-05,5.5933570669242094e-05,0.00021799961867097206,0.0002396932761602466,0.0006538562948720239,0.0007189074836518872
8015,37.125,28.875,1.5107556985202242,3.1640342492239424,0.01725527567760333,0.03381184255093213,4.7241254192864623e-05,9.256749510744289e-05,0.00033064191658227493,0.0006477925499470683,0.0014162672484943073,0.0027733006691511575,0.004242787147492599,0.00829684974764966
4013,36.125,28.375,1.1778185005803776,1.4352954940904548,0.013452593920779276,0.015338008832284915,3.683051659486569e-05,4.1992297853288285e-05,0.0002577851316863944,0.00029390905714987703,0.0011043256288085779,0.0012590021775559235,0.0033093196279062598,0.003772253268845782
7006,36.875,26.625,1.0270192290021187,1.2989911680546398,0.011730222126574989,0.013881418906918496,3.21150821821492e-05,3.8004531490276605e-05,0.00022478391748592674,0.0002660013911206516,0.0009630039502659393,0.0011395078776922363,0.0028862306140404748,0.0034146296780929175
8021,37.125,30.375,0.8359210898631448,0.9469170113691258,0.009547572029309212,0.010119046247702615,2.6139485953313724e-05,2.7704054969879266e-05,0.00018296205357115625,0.0001939122677254712,0.0007838874274644914,0.0008307878665312352,0.0023498193255794275,0.0024902935475730192
23008,40.875,27.125,0.4309865019228489,0.5402719684678,0.004922563529820848,0.005773512324335934,1.3477153617214022e-05,1.5806890331537815e-05,9.433626109889293e-05,0.00011064298544527507,0.0004042356078066689,0.00047409803784281834,0.0012122166701946657,0.0014216199132424112
20018,40.125,29.625,0.29059534898065775,0.4270047865246459,0.0033190692990283438,0.0045631044019219915,9.08707520519414e-06,1.2493020940085309e-05,6.360779238878678e-05,8.744786906211832e-05,0.00027257633910438006,0.00037472274324579224,0.0008175061439831266,0.0011237470309519715
12008,38.125,27.125,1.581924842775963,3.6731588780730737,0.018068142513104766,0.03925250483000539,4.946665468619216e-05,0.0001074617268206346,0.0003462152010912378,0.000751989622696736,0.001482935708636668,0.0032188334494197557,0.004442213092083591,0.009625451031909482
18009,39.625,27.375,0.5562611461553012,0.8290320725589775,0.006353402760652125,0.008859291555997666,1.7394517462854253e-05,2.4255124199790146e-05,0.00012175526847013618,0.00016977351536551222,0.0005217039276323998,0.0007273978686104243,0.0015642953999276399,0.002180606667725127
11003,37.875,25.875,0.32384505662053226,0.4396898331175414,0.0036988347846642518,0.00469866070895483,1.01268064501836e-05,1.2864149176561313e-05,7.088549159151025e-05,9.004556909775197e-05,0.0003037595875117205,0.0003858524973850974,0.0009110019809018821,0.001157110903152625
5007,36.375,26.875,1.6729756248419574,2.809066656431219,0.019108089836652183,0.03001854974408759,5.231373038894205e-05,8.218293284312228e-05,0.00036613864647916383,0.0005751387146043507,0.001568222016748444,0.0024625522326284788,0.004697291946124116,0.007369479140709401
16001,39.125,25.375,0.8561087119909245,1.2234640400340777,0.009778147353586541,0.01307431280129347,2.677075008583607e-05,3.579487694238548e-05,0.00018738020113773235,0.000250537233464021,0.0008028108276729728,0.001073289140580358,0.002406499484759572,0.003216412809378011
27027,41.875,31.875,0.029056476230037962,0.037130341928310245,0.0003318719949626069,0.0003967862470041937,9.086155898785364e-07,1.0863409486416842e-06,6.360291791684958e-06,7.6043618574273e-06,2.7258108570071826e-05,3.258971510422537e-05,8.177209671700325e-05,9.776595907862173e-05
24048,41.125,37.125,0.05229001945990378,0.05529977603094474,0.00059723666894102,0.0005909504047621248,1.6351435473405118e-06,1.6179327220200435e-06,1.1445948683741491e-05,1.1325474082224396e-05,4.905314338010669e-05,4.853684297434491e-05,0.00014715221162586722,0.000145603461562005
15014,38.875,28.625,0.3676830848012592,1.1459306016264073,0.004199536031174136,0.01224576664617029,1.1497636930202226e-05,3.352651982491128e-05,8.0480682455919e-05,0.000234662035515254,0.00034487160896667923,0.00100530679573696,0.0010342580586379935,0.003012889477955194
17019,39.375,29.875,0.27226572644290914,0.3785298603764928,0.003109715337785596,0.004045086440835941,8.513900341844405e-06,1.1074781770203934e-05,5.959578019809619e-05,7.752089677237617e-05,0.0002553854811341294,0.00033219010552654193,0.0007659607948270475,0.0009962393024383065
23011,40.875,27.875,0.7274461260325301,1.02441520583381,0.00830861234386921,0.010947215775217727,2.274748211772426e-05,2.997139417582062e-05,0.00015922150882941022,0.00020978089619960727,0.0006821994214586402,0.0008987511808169479,0.0020452023937169717,0.0026938310073653104
11044,37.875,36.125,0.4896238275570965,0.6257998412826196,0.005592296710246641,0.006687489462870425,1.5310756739217446e-05,1.8309180674802583e-05,0.0001071703744952579,0.00012815722519010642,0.00045922074436288707,0.0005491296218067543,0.0013770296788546688,0.001646484400982029
21018,40.375,29.625,0.3974245368674663,0.7400128242593081,0.004539231559019771,0.007908004505849898,1.2427661472802498e-05,2.1650701981124065e-05,8.699038699466755e-05,0.00015154507041248433,0.00037276266763175414,0.0006493171931230002,0.0011178711986721268,0.001946687014677484
14018,38.625,29.625,0.2424174181554386,0.39511639055218895,0.002768799338915047,0.004222335200676161,7.5805307171439296e-06,1.1560056934700746e-05,5.306250828152059e-05,8.091759226391826e-05,0.00022739092624723956,0.00034674358312491993,0.0006820176705992775,0.0010398700977267694
23020,40.875,30.125,0.4351086982140398,1.3629642843647756,0.0049696456844480754,0.01456505529192328,1.3606055785708726e-05,3.9876153020701466e-05,9.523850296833114e-05,0.00027909968110484407,0.00040810115452893925,0.0011955931511881124,0.0012238038918978011,0.0035824928336470885
10018,37.625,29.625,0.8405829661227127,1.3157563232151153,0.00960081820280537,0.014060576508251977,2.6285262210157256e-05,3.8495019508366646e-05,0.00018398232689109673,0.0002694340193579725,0.0007882573919941738,0.0011542062048522927,0.0023629086166178093,0.00345862357629112
11022,37.875,30.625,0.5740228356092965,1.1279164186122443,0.006556270006712402,0.012053261549264989,1.7949927896609985e-05,3.299948712509604e-05,0.0001256427292808393,0.00023097354284429272,0.0005383577034158149,0.0009895110593427514,0.0016142037792288289,0.0029655967504806924
9016,37.375,29.125,0.8651840292004682,1.8179328674443649,0.009881802167178017,0.019426989419368615,2.7054533861203822e-05,5.31867838062805e-05,0.00018936636681754493,0.00037224808639624296,0.0008113176989251736,0.0015943735820453941,0.002431978921588418,0.004775498717719651
10014,37.625,28.625,0.45739624644212773,0.8157613222522344,0.005224205564136253,0.008717476239044512,1.4302993027182076e-05,2.3866864364729956e-05,0.0001001166552044852,0.0001670560888574757,0.0004290008123023492,0.0007157581982913941,0.001286450390770244,0.002145738032168776
12013,38.125,28.375,0.32793142437069533,0.6918204965688384,0.0037455077193539552,0.007393006478748024,1.0254588678981769e-05,2.0240743760502333e-05,7.177991250228999e-05,0.00014167660317176978,0.00030759192163121174,0.0006070441323243747,0.0009224919556249933,0.001820027112934608
11014,37.875,28.625,0.5167989213026427,1.3475682381592233,0.005902680271667864,0.014400528409720063,1.6160527245290268e-05,3.942572082749063e-05,0.00011311820644899218,0.00027594740580072497,0.00048470222874208435,0.0011820957150211475,0.0014534019913489127,0.0035420967460269015
11012,37.875,28.125,0.2940141295006536,0.43457730125960464,0.0033581173068641113,0.004644026622026226,9.193981846955523e-06,1.2714571111738238e-05,6.435609784061214e-05,8.899860298738904e-05,0.00027578268831773833,0.0003813668194577735,0.0008271199176546062,0.0011436641918866064
15007,38.875,26.875,2.1254604872243714,3.1828160229208153,0.02427619944431317,0.0340125503578156,6.646240303376239e-05,9.311695211700055e-05,0.00046514406924003104,0.0006516366069728718,0.0019919517782268636,0.0027897400559295793,0.005963959622829584,0.00834589393061913
10022,37.625,30.625,0.5270270922077513,0.7167273445826259,0.006019502540693995,0.007659168712512951,1.6480363966508982e-05,2.09694412265371e-05,0.0001153568442717745,0.00014677685484165703,0.0004942927901232519,0.0006288919971287887,0.0014821455150509921,0.001885489724684164
30073,42.625,43.375,0.49690365600720965,1.2999055802561768,0.005675444135681078,0.013891190596776973,1.553839847201477e-05,3.803128390200694e-05,0.00010876371915713445,0.00026618861528937554,0.0004660469421962077,0.001140309565661357,0.001397489328556989,0.0034170292620187004
9017,37.375,29.375,0.8020513168683008,1.777904396999674,0.009160724393562197,0.018999232880208997,2.508038197357454e-05,5.201571183188758e-05,0.00017554946483044898,0.0003640531694292237,0.0007521378971292458,0.0015592949752328833,0.002254716982631799,0.004670594514510462
11019,37.875,29.875,0.6709679677521563,1.6421385371801858,0.007663540349869302,0.01754839717034448,2.0981409866283052e-05,4.8043738868353e-05,0.00014686062477620165,0.00033625770374179353,0.000629250837973494,0.001440308548769087,0.00188656489322514,0.0043147051680643145
13003,38.375,25.875,1.0821283529912822,1.6285053707655786,0.012359657532786372,0.0174027089634629,3.38383255757968e-05,4.764488538022693e-05,0.00023684423470859972,0.0003334665307097584,0.001014651835504976,0.0014283595351078926,0.0030408679960756135,0.004278960886593963
15062,38.875,40.625,0.6040043885850587,2.44876593212507,0.006898707875618789,0.026168265454587763,1.888745441724904e-05,7.164223974487349e-05,0.00013220468970187582,0.0005013879062624182,0.0005664684797379582,0.002147035998960267,0.00169844296137045,0.006427288603466641
15061,38.875,40.375,0.8070331081644013,3.2717589112636505,0.009217624514651728,0.03496302140199305,2.5236162095598758e-05,9.571895431448318e-05,0.0001766397610905024,0.0006698403064107072,0.0007568078923234633,0.00286758666628506,0.002268705835880791,0.008578114419307115
19014,39.875,28.625,0.49506073453347,0.610049145703447,0.005654394989142892,0.006519172688448256,1.5480769943398975e-05,1.7848362792616257e-05,0.00010836035699479662,0.00012493184990203243,0.00046431886377040765,0.0005353123314959518,0.001392309915392742,0.0016050774700099302
15058,38.875,39.625,0.568346013831765,1.1283663730817537,0.0064914315124145645,0.012058069901033579,1.777241294464993e-05,3.301265124022734e-05,0.00012440025777726849,0.00023106567340314133,0.0005330350126107053,0.0009899056049610389,0.0015982528103074545,0.0029667780455844284
14002,38.625,25.625,1.5373946922711066,2.4451456347110203,0.017559536109250665,0.02612957784361092,4.807423415531531e-05,7.153632642153962e-05,0.0003364711092042061,0.0005006468313967227,0.0014412221331887576,0.0021438651892173866,0.00431743802944784,0.006417816947346777
12,35.125,28.125,0.8325732747810569,1.121912429648511,0.009509334561652696,0.011989101077686947,2.6034800203467157e-05,3.2823831108808044e-05,0.00018222936801437495,0.00022974419351773356,0.0007807492300283547,0.0009842464061211587,0.0023404194579254023,0.0029498339488793768
8047,37.125,36.875,0.6610878780633326,1.1474809733859326,0.007550693731804523,0.01226233439534726,2.0672459098758367e-05,3.357187832830899e-05,0.00014469823963880746,0.0002349794811308259,0.000619987911330333,0.001006666227543529,0.0018588108172745699,0.003016959572081701
9046,37.375,36.625,0.8169972354559573,1.1344814443315998,0.009331430978179176,0.012123417432065598,2.5547739299636163e-05,3.31915571072372e-05,0.00017882046925432604,0.00023231776576138063,0.0007661483278386116,0.0009952676310758246,0.002296684483451217,0.0029828322061249413
7021,36.875,30.375,0.6308493250586601,0.7265308980821146,0.0072053205065381746,0.007763932498633679,1.9726897842575752e-05,2.1256262785041002e-05,0.00013808011300608936,0.00014878435142873236,0.0005916376859732564,0.0006374913770517132,0.0017738631595592969,0.0019112552044611153
5073,36.375,43.375,0.08797207531820737,0.1361574989368,0.0010047835086992598,0.0014550208858544974,2.750943536300454e-06,3.983622142933463e-06,1.9256445833559788e-05,2.7885021748996763e-05,8.252501422933989e-05,0.00011950176142450086,0.00024755461211611873,0.00035846244396720017
9021,37.375,30.375,0.742077955619857,0.8458766986046395,0.008475731523657404,0.009039298407638086,2.3205018982896952e-05,2.4747944025071966e-05,0.0001624238253868926,0.00017322274703046592,0.000695916384497175,0.0007421719618603273,0.002086296591680914,0.002224863836720603
17013,39.375,28.375,1.0880652449631747,1.8588747574506705,0.01242746644970358,0.01986450704073138,3.402396997298496e-05,5.43845773427476e-05,0.00023814348094819415,0.0003806299357012044,0.001020215689783055,0.001630251381322112,0.0030575256110693116,0.0048827853180183345
14061,38.625,40.375,0.6439299588088574,1.6196259857631774,0.007354722518801639,0.0173078211259738,2.0135930106635058e-05,4.738510898349979e-05,0.000140942996463167,0.00033164861428891523,0.0006039015631211786,0.0014205769747156483,0.0018106108183110203,0.00425567967410323
19005,39.875,26.375,0.6632402244906562,0.9053363501712901,0.007575277012207536,0.009674702521041087,2.0739763058719163e-05,2.6487541111341883e-05,0.00014516930883035073,0.0001853980550435841,0.0006220058180460564,0.000794321117198904,0.0018648570210735294,0.0023810710146587866
16042,39.125,35.625,0.23570270495803242,0.3748138979652044,0.0026921064444710456,0.004005376524293008,7.3705585853511835e-06,1.0966063142103799e-05,5.159276928357048e-05,7.675991669542359e-05,0.0002210931277525363,0.00032892958889096935,0.0006631327475515869,0.0009864642182378924
20004,40.125,26.125,0.9112530551682546,1.6092447453458207,0.010407985019939356,0.017196883999878808,2.8495103986059256e-05,4.708139403164502e-05,0.00019944867732257787,0.0003295232120632541,0.0008545000061385144,0.001411477998446653,0.002561310131564687,0.004228459996965195
11004,37.875,26.125,0.4104626620749391,0.7928054588785152,0.004688148054912796,0.008472162826838787,1.2835367468322367e-05,2.3195248650242917e-05,8.984411267232151e-05,0.0001623554425775886,0.0003849893678372629,0.0006956234716571918,0.001154523510133565,0.0020854190755352775
19008,39.875,27.125,0.41587167192208624,0.5083706627875015,0.004749927703433609,0.005432605165983912,1.3004508742309184e-05,1.4873551717475841e-05,9.102800981097836e-05,0.00010411021646428154,0.00039006170519484407,0.00044611033307728754,0.0011697287305302284,0.0013377340447265906
18004,39.625,26.125,1.3812982949434618,2.0117149172105266,0.015776662564039173,0.02149780396807251,4.319321516543795e-05,5.885604743049999e-05,0.00030231333024821616,0.00041191959442798964,0.0012949852226199488,0.0017641753954069639,0.0038799268793524577,0.005283194732412788
25079,41.375,44.875,0.07815102772849196,0.10563849790330589,0.0008926112469832253,0.001128885459852286,2.4438334189635924e-06,3.0907151685743983e-06,1.7106708514735836e-05,2.1634805578041316e-05,7.331240466901257e-05,9.271729983062471e-05,0.00021992109027491047,0.0002781261107958066
26029,41.625,32.375,0.13634536980189654,0.17154998034249,0.0015572848380455754,0.0018332358211288235,4.263604430398971e-06,5.019113540116749e-06,2.9844849271043472e-05,3.513326576354281e-05,0.00012790022565756232,0.00015056244841304967,0.0003836516036619386,0.00045161934149950955
26030,41.625,32.625,0.13566362753663275,0.16510894772775944,0.0015494982377767675,0.0017644049667573495,4.242285971400861e-06,4.8306658593233465e-06,2.9695623865899634e-05,3.38141709774753e-05,0.0001272607507623036,0.00014490982536852215,0.00038173366845184464,0.00043466648257606266
27026,41.875,31.625,0.014158144455414936,0.015815853898104436,0.00016170892878366024,0.00016901307624669906,4.4273481991652375e-07,4.6273247678030316e-07,3.0991396233748247e-06,3.23912284094785e-06,1.3281959332700488e-05,1.3881881160915377e-05,3.98453487691075e-05,4.164506536552537e-05
14015,38.625,28.875,0.20141136039095414,0.5628292699834168,0.0023004437789320743,0.006014566582015669,6.2982519768439715e-06,1.6466850270790978e-05,4.40869308190317e-05,0.00011526225775126964,0.00018893030474875783,0.0004938875728854875,0.0005666838370099736,0.0014809310643241202
7020,36.875,30.125,0.5411755692783206,0.7241365859427656,0.006181101052293223,0.007738346143146752,1.6922789189299792e-05,2.11862126481277e-05,0.00011845351049843966,0.0001482940629020657,0.0005075591197091223,0.0006353911658587563,0.0015219046411030224,0.0019049625882966437
26028,41.625,32.125,0.08974360735542464,0.11502319237439111,0.0010250172723076524,0.0012291731896462241,2.80634040805694e-06,3.3652871221923064e-06,1.9644217470471403e-05,2.3556772028476836e-05,8.418678646793243e-05,0.00010095368737739197,0.00025253909775546646,0.00030283048821999614
11021,37.875,30.375,0.590797599983005,1.4188378059970246,0.006747864970728554,0.015162136918539387,1.8474476766283665e-05,4.151080689962505e-05,0.00012931417015282776,0.0002905394647120252,0.0005540858603496623,0.0012445749283325203,0.0016613367177377159,0.003729079812546221
16004,39.125,26.125,2.0557330701990746,3.4569272958196464,0.0234797994676411,0.03694178767658486,6.428212127007615e-05,0.00010113598787953038,0.0004498880821734996,0.0007077371531105658,0.0019266672129412132,0.00302963444116211,0.005768872651053858,0.009061395077004875
23036,40.875,34.125,0.26503142903552473,0.339651981505754,0.003027087950564446,0.0036296254769054618,8.287680785201701e-06,9.937323593445235e-06,5.801232311730686e-05,6.955919142981326e-05,0.00024860054760666994,0.0002980767553621977,0.00074561625148728,0.0008939637433142966
21019,40.375,29.875,0.31710419559613073,0.6280298007261749,0.0036218432397080486,0.006711319494931219,9.916017200684024e-06,1.8374422550149205e-05,6.941005556360125e-05,0.000128613868060512,0.0002974377475609691,0.000551085837246279,0.0008920478613558824,0.0016523465923010683
13,35.125,28.375,0.5246625503242871,0.7280973556354485,0.005992495644681371,0.007780672145547752,1.6406424330872582e-05,2.1302092465314004e-05,0.00011483931788436319,0.0001491051182335168,0.0004920756585718999,0.00063886541927205,0.0014755006795049708,0.0019153720714967237
12018,38.125,29.625,0.5801946041195649,1.3798786007200916,0.00662676159391432,0.014745806875634131,1.8142919861241502e-05,4.037100403042615e-05,0.00012699352676159847,0.00028256280433858194,0.0005441444330712697,0.0012104214171623218,0.001631545180839189,0.0036268706648782123
3016,35.875,29.125,0.7517088391294973,0.9248537703185046,0.00858573180374273,0.009883271672016577,2.3506176302534598e-05,2.70585570373294e-05,0.00016453163122520653,0.00018939452447885863,0.0007049449867569946,0.000811438299542333,0.0021133444682884805,0.002432340136562239
19003,39.875,25.875,0.9130839325783433,1.5593041893586295,0.010428896603773804,0.01666320386782616,2.855235514931387e-05,4.562032518695691e-05,0.00019984936688310917,0.00031929857413637297,0.0008562161208771624,0.001367704812849757,0.002566449672191773,0.004097505147635183
23009,40.875,27.375,0.7414233150660208,0.9705662291541998,0.008468254468805154,0.010371769058271986,2.3184548397225946e-05,2.839595290748953e-05,0.00016228055122802232,0.00019875473822050793,0.0006953026798777184,0.0008515279265536302,0.002084458038324466,0.002552409097674513
13008,38.375,27.125,1.4412485703937512,3.1092840074802908,0.01646139175675792,0.03322676463848037,4.506781879387578e-05,9.096578608125405e-05,0.00031543208148665514,0.0006365867586527463,0.0013511514032392702,0.002725377109818017,0.004047979846050209,0.00815386853151201
16060,39.125,40.125,0.8942481856861545,3.0663641901835836,0.010213761883092871,0.032768110278115284,2.7963365028971232e-05,8.971017231962364e-05,0.0001957271350230272,0.0006278022252887983,0.0008385608914738274,0.002687807256018915,0.0025135737109782674,0.00804176826206715
17000,39.375,25.125,0.5765261379193082,0.750445312628025,0.006584861771420583,0.008019489283305769,1.8028206474007824e-05,2.1955924011884953e-05,0.00012619062018204286,0.00015368134513893406,0.0005407048359462596,0.0006584680660906006,0.001621237580761159,0.0019741037431882935
18011,39.625,27.875,1.0629080045456196,1.7258002930836602,0.012140130039774526,0.018442432409955627,3.3237312213607595e-05,5.049135335888355e-05,0.00023263798768280441,0.0003533859411055662,0.0009966389627170669,0.0015136321443068868,0.0029869380104358134,0.004534026653971623
20067,40.125,41.875,0.5277345886356133,0.6539010282916621,0.0060275832951903275,0.006987787385017473,1.6502487501734997e-05,1.9131336186029024e-05,0.00011551169369516945,0.00013391166737886095,0.0004949561788343271,0.0005737809005158523,0.0014841337129013477,0.0017203552168849612
23019,40.875,29.875,0.40803434877030614,1.128197301978281,0.004660412786037706,0.01205626315525264,1.2759433412390386e-05,3.30077048031896e-05,8.931261509315114e-05,0.00023103105520094758,0.0003827121914371512,0.0009897573538393267,0.0011476972245024752,0.002966334172245233
21016,40.375,29.125,0.7719738074786695,1.4040578350638033,0.00881719054707587,0.015004193606066075,2.4139860708483063e-05,4.1078399534044685e-05,0.00016896678806133103,0.00028751336303156627,0.0007239423895568642,0.0012316182331870706,0.002170255270333099,0.0036903059173657438
22069,40.625,42.375,0.2760936403386241,0.3564876976060836,0.0031534363110742535,0.00380953711413131,8.63360081670983e-06,1.0429889794827396e-05,6.0433640419077506e-05,7.300694416911835e-05,0.0002589756026212253,0.00031284937802023016,0.0007767256201443029,0.0009382545404807985
21068,40.375,42.125,0.4040752715739854,0.5422554630492991,0.004615193715529919,0.005794708557122201,1.2635631916557699e-05,1.586492153515806e-05,8.844607064351084e-05,0.00011104916527515662,0.0003789995139373836,0.00047583817461915867,0.001136567674357214,0.001426835365692214
8024,37.125,31.125,0.6964153350309383,0.7455390701876646,0.007954190478208849,0.007967059668502814,2.1777149536217344e-05,2.1812382691055454e-05,0.00015243008798582203,0.00015267668781981936,0.0006531082317650094,0.0006541645585430578,0.001958045322791313,0.001961210161757654
17005,39.375,26.375,1.539158865381806,2.176661804707772,0.017579685822005645,0.023260477109392365,4.8129398408702784e-05,6.36816877982449e-05,0.0003368571475437232,0.00044568666112143607,0.0014428747537960085,0.0019086876015480536,0.004322381602625547,0.005715140493080972
1007,35.375,26.875,2.6700451004322594,4.002248278066647,0.030496237296817948,0.04276925531413578,8.34906617483977e-05,0.00011708898387663425,0.0005842882681037498,0.0008193350368813634,0.0025016899635784684,0.0035067122524349292,0.007486310189421919,0.010483288786989453
14004,38.625,26.125,2.0565177071612903,3.354665052572974,0.0234887612919143,0.03584898191178959,6.430665583023742e-05,9.81443468734966e-05,0.00045005975785261665,0.0006868081826296724,0.001927401878610957,0.002940144185735849,0.005771068161890547,0.008794524629631817
14003,38.625,25.875,1.8617894629329155,2.9399667256310047,0.021264649518139448,0.03141738811973882,5.82177427027597e-05,8.601242151284882e-05,0.00040745303040823355,0.0006019316119896256,0.0017450587339573609,0.002577157037946809,0.005226045826022263,0.007711563015448619
21020,40.375,30.125,0.2832285770808823,0.6449237494690298,0.0032349288386553285,0.006891853424074695,8.856713246352399e-06,1.886868830591748e-05,6.19953454797928e-05,0.00013207334180154184,0.00026566727821408787,0.0005659058045313081,0.0007967901160846891,0.0016967568466860206
6029,36.625,32.375,0.12089591860744492,0.1348856623542086,0.001380827095944017,0.0014414296491946403,3.780491405480646e-06,3.946411512578685e-06,2.6463139705557026e-05,2.7624553532445972e-05,0.00011340852531260825,0.00011838557086452095,0.0003401869929157142,0.0003551146688224316
12075,38.125,43.875,0.2377553295862078,0.5641478842823086,0.002715550740498852,0.006028657699730489,7.434745094569983e-06,1.650542901243668e-05,5.2042054891843215e-05,0.00011553228223171175,0.0002230183096898486,0.0004950443819315975,0.0006689057286625166,0.001484398060294656
9006,37.375,26.625,0.6976226697836407,1.010797016683598,0.00796798019550956,0.010801687619987194,2.1814902901651223e-05,2.957297166383821e-05,0.00015269432698528096,0.0002069924367780196,0.000654240117047844,0.0008868088210138847,0.0019614365407857326,0.0026580678707994743
2024,35.625,31.125,0.8187082612912475,0.975202914714957,0.009350973663014557,0.010421318105402862,2.5601242886308384e-05,2.8531606943826837e-05,0.00017919493689511068,0.00019970415431491695,0.0007677522454211383,0.0008555941897153696,0.002301488858278966,0.0025645870712239782
10030,37.625,32.625,0.10074766001892575,0.11883343655314207,0.0011507013670064587,0.001269890630136678,3.1504436807106018e-06,3.4767650173295195e-06,2.205289733514526e-05,2.4337101277027706e-05,9.450899304608296e-05,0.00010429769245623444,0.00028350018413314526,0.0003128604444772032
11030,37.875,32.625,0.13268834884897765,0.17114045427526184,0.0015155157388039204,0.0018288594996939281,4.149247350260232e-06,5.007131885115257e-06,2.9044369912911705e-05,3.50493967010701e-05,0.0001244699317271003,0.0001502030510157626,0.00037336331881787643,0.0004505414735663793
11031,37.875,32.875,0.08014702967946252,0.097647972010543,0.0009154088203769689,0.001043496244027106,2.506249618727807e-06,2.856932932004952e-06,1.7543615424941983e-05,1.9998359121697895e-05,7.518475626699939e-05,8.570443755717694e-05,0.00022553731098340357,0.00025709127754924843
12004,38.125,26.125,0.6472811488107945,1.4605766847186468,0.007392998533506129,0.01560817140629314,2.0240722008013634e-05,4.273193133541575e-05,0.00014167645092322267,0.0002990851757017632,0.0006070434801338509,0.0012811639389594953,0.0018200251587380256,0.0038385697766412097
2,35.125,25.625,0.8934131667590862,1.133559011108082,0.010204224615223094,0.012113560027100723,2.7937254142518242e-05,3.3164569898658236e-05,0.00019554438946711716,0.00023212889290469274,0.0008377781995623224,0.0009944587934417326,0.0025112295697653497,0.002980410518917842
11005,37.875,26.375,0.6716153220270697,1.8352563233435037,0.007670934183621276,0.01961211319400644,2.1001652654839553e-05,5.36935979926767e-05,0.0001470023064505943,0.0003757946483148311,0.0006298577520541526,0.001609554461963869,0.0018883833436766917,0.004820895559010774
17010,39.375,27.625,1.3674917121847434,2.42617026686554,0.015618969038937343,0.02592680123014829,4.2761492378806665e-05,7.098119387161095e-05,0.00029929204993806025,0.0004967625646898899,0.0012820496715528762,0.0021272455939181922,0.0038412201678204028,0.006368170886460245
12069,38.125,42.375,0.36777011146874944,0.5069192912291501,0.0042005300165950206,0.005417095363387458,1.1500358282678924e-05,1.4831088822941929e-05,8.049973060897386e-05,0.00010381300268957894,0.00034495322232053205,0.0004448369948113484,0.0010345027298318543,0.0013339174326025827
3011,35.875,27.875,1.415613095157757,1.9673297273715566,0.016168593131039195,0.021023490186293257,4.426621565278843e-05,5.755752265701464e-05,0.0003098223631504693,0.0004028330950359704,0.00132713444007726,0.0017252853558129555,0.003976121800228882,0.005166931374262829
21013,40.375,28.375,0.3592978444868816,0.5222427449514474,0.004103763012816991,0.005580846500001068,1.1235427677003251e-05,1.5279408251522852e-05,7.86453428567313e-05,0.00010695095521895404,0.000337007923913224,0.00045828070678965993,0.001010683086992814,0.0013742121529991547
21035,40.375,33.875,0.2878912696282425,0.39362030499376394,0.003288184335479477,0.004206347570530691,9.00251754820669e-06,1.1516285693957684e-05,6.301592091129127e-05,8.061121478986077e-05,0.0002700402746935726,0.0003454308852168797,0.0008099020785227173,0.0010359347293787957
22019,40.625,29.875,0.5262651609801752,1.2977188286509513,0.006010800052666262,0.013867822296957837,1.6456538245224195e-05,3.7967307415121e-05,0.00011519008070148828,0.000265740881975951,0.0004935783597693755,0.0011383923849530575,0.0014800043407616759,0.003411290818477797
22020,40.625,30.125,0.531227972158476,1.5032911768233452,0.00606748339008564,0.01606463159854338,1.6611726199156074e-05,4.3981597048214915e-05,0.0001162762886164348,0.0003078305603169129,0.0004982317665754854,0.0013186068010762053,0.0014939507187253787,0.00395060652423429
19061,39.875,40.375,0.5334583859089265,1.08898561839495,0.006092958325693587,0.011637235051558205,1.6681471610713317e-05,3.1860505589231813e-05,0.00011676445773578514,0.00022300222332860553,0.0005003231190640056,0.0009553737340153301,0.001500218512764051,0.0028633838571378023
13007,38.375,26.875,1.779223967794832,4.765585846195761,0.020321617907230468,0.050926515202559405,5.563600984292982e-05,0.00013941947993412196,0.0003893870722501136,0.0009755282607566418,0.0016677345101804297,0.004174139951051092,0.004994864153886169,0.012470222248055385
8022,37.125,30.625,0.8892459042377937,0.9660078807432342,0.010156627731295217,0.010323057146003126,2.780694460846611e-05,2.8262590738292737e-05,0.00019463237526240462,0.00019782136170309883,0.0008338720721491333,0.0008475303470809603,0.002499530768376057,0.0025404367269628025
14031,38.625,32.875,0.1133471522096969,0.13368237739227845,0.0012946079637927664,0.0014285709762246288,3.5444371511150763e-06,3.911206522988486e-06,2.481079623595228e-05,2.7378124414445537e-05,0.00010632764979567888,0.0001173295415027864,0.00031894903388163254,0.0003519473274596896
21017,40.375,29.375,0.6060362177885225,1.117086156436797,0.006921914654232904,0.011937526038642322,1.8950989912225324e-05,3.268263097244706e-05,0.00013264938768375867,0.00022875598678750997,0.0005683734990892253,0.0009800144237285258,0.0017041515355763481,0.00293716292760704
4025,36.125,31.375,1.1364027028514367,1.2557700564204308,0.012979558467118093,0.013419544822650738,3.5535462966307385e-05,3.6740036423954514e-05,0.0002487217241828876,0.0002571519102677611,0.0010655147665593612,0.0011016141178460392,0.003193139544226953,0.0033012030294120587
9012,37.375,28.125,1.086401562596084,1.6241207763823076,0.012408464503914304,0.017355853840142654,3.397194724952257e-05,4.751660914770195e-05,0.0002377793961613195,0.00033256885339794096,0.0010186565460853503,0.0014245165546241667,0.003052857711799639,0.004267464812325872
8005,37.125,26.375,0.4825682833161885,0.6059588634328621,0.005511710973550997,0.0064754626748301,1.5090128370198741e-05,1.7728693426199982e-05,0.00010562611676057099,0.00012409425374038108,0.00045260481034825606,0.0005317241020479369,0.0013571999704182769,0.001594324264916458
12032,38.125,33.125,0.047716501548653645,0.05149276107110315,0.0005449996908165115,0.0005502674726975368,1.4921267192935517e-06,1.506549098362342e-06,1.0444840279677514e-05,1.0545796025551724e-05,4.476283308918472e-05,4.5195485650961764e-05,0.00013428248822344724,0.00013558032914962048
9032,37.375,33.125,0.04589924368649406,0.05306376595207778,0.0005242436642666398,0.0005670557137525407,1.4352998988220733e-06,1.5525127270432648e-06,1.004705603002698e-05,1.0867538473569027e-05,4.305810083915507e-05,4.657433334942507e-05,0.00012916874059731853,0.00013971649264366004
11071,37.875,42.875,0.4459132403825715,0.6246316990889305,0.005093051046328171,0.0066750063363240535,1.3943916598813111e-05,1.8275004362133807e-05,9.760333319741576e-05,0.00012791801725675622,0.0004182329306974264,0.0005481048761732943,0.0012541741088960556,0.0016434135363150304
22012,40.625,28.125,0.5269249573445586,0.7369419156766186,0.006018335995221148,0.007875187832796605,1.64771701917088e-05,2.1560856768187975e-05,0.00011533449005840524,0.00015091623544694066,0.0004941970226560732,0.0006466235250472963,0.0014818584965745618,0.0019386164795598404
22029,40.625,32.375,0.24919088571451395,0.40751216662509593,0.00284616330328045,0.004354800274016168,7.792340079748605e-06,1.1922722281787479e-05,5.4545105443004616e-05,8.345607085447071e-05,0.00023374379086815722,0.000357619839516099,0.0007010674768961334,0.0010724758884360641
12072,38.125,43.125,0.4504364075630312,1.0751508295772219,0.00514471293759965,0.011489392245701993,1.4085357166182533e-05,3.145574686114205e-05,9.859333391815106e-05,0.00022016945037339752,0.00042247442351095454,0.0009432421153289239,0.0012668878920225612,0.002827058068130106
13001,38.375,25.375,0.8677547773861948,1.277723233385214,0.009911164272967761,0.01365414321968391,2.713492074757351e-05,3.738230802574627e-05,0.00018992898354952548,0.0002616468118324944,0.000813727411320686,0.0011208615677359424,0.0024391963158738594,0.0033588171194184335
14001,38.625,25.375,1.1244519145130283,1.7198780537080285,0.012843061118442915,0.018379145539604298,3.5161766802849215e-05,5.031809208477789e-05,0.0002461064057950324,0.0003521734789339037,0.0010543153683599815,0.0015084418985946701,0.0031596125343490433,0.004518502937203683
1005,35.375,26.375,2.027178424913908,2.727773132332036,0.023153659194429264,0.02914982215748635,6.33892548667081e-05,7.980467897583665e-05,0.0004436404108311143,0.0005584990260958378,0.0018999307637143081,0.002391372009442616,0.005688969938672517,0.007156973723508875
22018,40.625,29.625,0.5015845170486244,1.2111062295712565,0.005728907146118357,0.012942253440132744,1.5684769932078346e-05,3.54333309929844e-05,0.0001097882234076808,0.00024800695256832483,0.0004704360984045808,0.0010624539587548165,0.001410644468957778,0.003183976650328102
3003,35.875,25.875,0.853603261585,1.0211343189809166,0.009749531054145713,0.010912155209825723,2.669240502217729e-05,2.9875406451718156e-05,0.00018683187364665343,0.0002091091027569547,0.0008004622971128361,0.0008958740469274806,0.0023994651845594683,0.002685215088878312
18007,39.625,26.875,0.5302116871529546,0.651107821445819,0.006055875770167701,0.0069579383180843335,1.6579946795269862e-05,1.9049615454735935e-05,0.00011605385493917986,0.00013333968778039829,0.0004972788431945041,0.0005713306354909742,0.0014910947938101549,0.0017130128368808561
19006,39.875,26.625,0.4995707305335916,0.6288324923788378,0.005705906444213498,0.006719897304663665,1.5621798428067102e-05,1.8397906881406634e-05,0.00010934746427726516,0.00012877824024559725,0.0004685478106624119,0.0005517899916284152,0.001404984923698227,0.0016544567263053755
13071,38.375,42.875,0.539755556043848,2.1732936795722857,0.006164882202448294,0.023224484288897194,1.6878385148966224e-05,6.358315109689094e-05,0.00011814271373378205,0.0004449971675151154,0.0005062276512395325,0.0019057369506613187,0.0015179142841432736,0.00570632227332768
1060,35.375,40.125,0.03982717743506862,0.040901451398565214,0.0004548908382580111,0.00043708548197039695,1.245422464046797e-06,1.1966741148006221e-06,8.717924675716304e-06,8.376688731326354e-06,3.736199921067218e-05,3.589960051963992e-05,0.00011208180992716699,0.00010769493526119334
22015,40.625,28.875,0.718859806003847,1.527437113233805,0.008210542669668294,0.016322662497025443,2.2478988054741578e-05,4.46880158264662e-05,0.0001573423053774503,0.00031277417651454087,0.0006741498801171586,0.001339772133849948,0.0020210865125550592,0.0040139338383146095
11051,37.875,37.875,0.4412726230386063,0.552276473145348,0.005040047684061975,0.005901796151275777,1.3798803314646335e-05,1.615810669464146e-05,9.65876247479569e-05,0.0001131012642375806,0.00041388128307184857,0.00048462964624607086,0.0012411300269631331,0.0014531844548792971
14009,38.625,27.375,1.1403321079854247,1.7761936433497794,0.013024438634641118,0.01898095124085321,3.5658333794263974e-05,5.196566203347075e-05,0.00024958163629484886,0.00036370293011511734,0.0010691970880715163,0.0015577957434800282,0.0032041629392624005,0.004666110828050685
20008,40.125,27.125,0.5571430476015142,0.6569547800635456,0.006363475502783621,0.007020420715116817,1.7422094647723263e-05,1.9220679661202666e-05,0.00012194828860223605,0.00013453699975218836,0.0005225308256182615,0.0005764597146439288,0.0015667735041345887,0.0017283824180847063
19007,39.875,26.875,0.42067432187738774,0.5111524087775786,0.004804781740418497,0.005462331758689487,1.3154688946359627e-05,1.4954937478939279e-05,9.207918874132304e-05,0.00010467986581619293,0.00039456540269000584,0.00044855085012796003,0.0011832292239255526,0.0013450490470359178
10073,37.625,43.375,0.29803704879445,0.5413923628806683,0.0034040655574722007,0.005785485203419697,9.319780136518574e-06,1.5839669769257547e-05,6.523663695989779e-05,0.00011087241972573825,0.0002795556240217101,0.00047508096982484815,0.0008384324398720278,0.0014245659109174413
20077,40.125,44.375,0.08374244239097624,0.09401195113548617,0.0009564742537707969,0.0010046406073128452,2.6186803597783026e-06,2.750552294705777e-06,1.8330618512085728e-05,1.9253707187583124e-05,7.855742786044839e-05,8.251327791775065e-05,0.00023565377025758227,0.00024751940899181424
7002,36.875,25.625,0.49338953041148176,0.6919436623273253,0.005635307132736526,0.0073943226659020185,1.542851104840981e-05,2.0244347211595404e-05,0.00010799457864929529,0.00014170182426598288,0.0004627517994163499,0.0006071521724146933,0.0013876130796586228,0.0018203508397792723
15076,38.875,44.125,0.44167182128025556,1.4340085625508334,0.005044607174200863,0.015324256286274332,1.3811286345921658e-05,4.1954647014730284e-05,9.667499872967333e-05,0.0002936455676474381,0.0004142556241147899,0.0012578740264854726,0.0012422521202676284,0.003768877328524267
7005,36.875,26.375,0.7648188653629264,0.9622494094317413,0.008735469525745042,0.010282892966286185,2.3916126121958925e-05,2.815263030897519e-05,0.0001674008717293951,0.00019705176896156473,0.0007172350274142758,0.0008442342316354878,0.002150162172953607,0.0025305651023050935
12017,38.125,29.375,0.7875933280489916,1.681031167602643,0.008995590756756957,0.01796401577389097,2.4628281953043007e-05,4.9181585272783934e-05,0.00017238523659601768,0.0003442203056780446,0.0007385846689910158,0.00147439585068454,0.002214117887936462,0.004416669227785386
10051,37.625,37.875,0.34154415575374303,0.41327328301477534,0.0039009871479404067,0.004416365334613477,1.0680263699103243e-05,1.2091276207604196e-05,7.47594505080551e-05,8.463586333662398e-05,0.0003203582963263729,0.0003626746968555805,0.0009607670335433083,0.0010876295394632862
9013,37.375,28.375,1.0029144882639134,1.389946240922497,0.011454906966763052,0.014853392773437436,3.1361334278501296e-05,4.066554623061158e-05,0.00021950868683040525,0.0002846240985481252,0.0009404123165802636,0.0012192473061772846,0.002818584655442602,0.0036532840390400834
4027,36.125,31.875,0.5324215852083463,0.5808355457365346,0.006081116383327415,0.006206987179498903,1.6649050679773403e-05,1.699366034124683e-05,0.00011653753391116517,0.00011894955808600116,0.000499350961090661,0.0005096842089050702,0.0014973049536389782,0.001528273425141613
7008,36.875,27.125,1.2937304245698382,1.9263917747923311,0.014776495730131128,0.020586014641486558,4.045502213934071e-05,5.63598481141403e-05,0.00028315078850726927,0.0003944522379827342,0.0012129390080797275,0.0016894144218551066,0.0036344051456285165,0.005059685724092322
14020,38.625,30.125,0.40616557966718414,0.7131185701561086,0.004639068417730016,0.007620604239722822,1.2700996460668357e-05,2.0863859662823003e-05,8.890358767510431e-05,0.0001460378766440229,0.0003809597299784251,0.0006257264709734756,0.0011424438542765314,0.0018760050570640896
15056,38.875,39.125,0.4340401640751443,0.63835672056748,0.004957441294846479,0.006821676134653418,1.3572642442061245e-05,1.867655696574655e-05,9.500462863321069e-05,0.00013072857389895276,0.0004070991491826881,0.000560145001424539,0.0012208003258648015,0.0016794938927582326
6038,36.625,34.625,0.21082095651710434,0.2551740669517192,0.0024079165988795124,0.002726868515082841,6.592494624979572e-06,7.46573124166261e-06,4.614654970436227e-05,5.225894822658006e-05,0.0001977559343846469,0.00022394769328359931,0.0005931504886589334,0.00067169263337441
6013,36.625,28.375,1.3056099763462004,1.8411223642783832,0.0149121794419505,0.01967479951054556,4.082648879921713e-05,5.3865214543868944e-05,0.0002857504211302153,0.0003769955765886568,0.0012240698812305828,0.0016146949349313822,0.0036677164365508386,0.004836267295492358
2026,35.625,31.625,0.7569506006281713,0.9060840722459221,0.00864560120538355,0.009682692908966097,2.367008592452091e-05,2.6509417021536308e-05,0.00016567883620322021,0.00018555116206997457,0.0007098589128275989,0.000794976890371113,0.0021280653971519348,0.0023830352087607087
16006,39.125,26.625,1.7111851303635626,2.5319493073747843,0.019544504242982735,0.02705718857148775,5.3508504694654846e-05,7.407580128038216e-05,0.00037449941186284974,0.0005184153914769007,0.001604010287988289,0.0022198887452705707,0.004804316443829171,0.00664489345709085
8010,37.125,27.625,1.5394793319139155,3.260052084287695,0.017583346068571263,0.03483791865047286,4.8139419135284633e-05,9.537647437407593e-05,0.00033692727237377706,0.0006674443208728453,0.0014431749562385798,0.002857340699185529,0.004323279612631237,0.008547552238403644
3006,35.875,26.625,1.4728350872536262,2.027206806066581,0.01682216091132491,0.021663355054299196,4.605550590497387e-05,5.930927482278303e-05,0.00032234400145159103,0.0004150910616690373,0.0013807428909553554,0.0017777489396790802,0.0041365119523919525,0.00532377126354211
17006,39.375,26.625,1.1199278235270542,1.491805327076297,0.012791388675817012,0.015941890277615483,3.5020300329535736e-05,4.364556434954814e-05,0.0002451163489599617,0.0003054789497158872,0.00105007569089699,0.0013085386210944794,0.0031469202536964502,0.003920481283890664
15055,38.875,38.875,0.3733979765291645,0.49582377462783117,0.004264809345932605,0.00529852526243578,1.1676343455668814e-05,1.4506466340602486e-05,8.173154116875025e-05,0.00010154084530211716,0.0003502310035402578,0.000435102462269632,0.0010503250683131515,0.001304739526722054
4004,36.125,26.125,0.6764834339018896,0.765777704562372,0.007726535901696348,0.008183335936400778,2.1153878653867864e-05,2.2404501750283856e-05,0.00014806775368980674,0.0001568209714496449,0.0006344217413780662,0.0006719167448210328,0.0019020580066454462,0.002014396121478912
2000,35.625,25.125,0.41441077620085864,0.5473217351520465,0.004733241909409663,0.005848848298087486,1.2958826121067801e-05,1.601314570498502e-05,9.070825636880997e-05,0.00011208663524076012,0.00038869174240518944,0.00048028284475409855,0.0011656220421278896,0.0014401566302169044
23013,40.875,28.375,0.350256212882199,0.4802889715742217,0.004000492943363044,0.005132515581903018,1.0952692772736583e-05,1.4051963096117781e-05,7.666633026404135e-05,9.835959515891446e-05,0.0003285286052724379,0.00042147301006267845,0.000985262058142311,0.0012638861865637008
24011,41.125,27.875,0.29245414313387924,0.3988437096904931,0.003340299737260793,0.0042621664786948255,9.145200447369106e-06,1.1669107764067377e-05,6.401464682947999e-05,8.168089487414765e-05,0.00027431963543389504,0.0003500140062580037,0.0008227331731575083,0.0010496745322405854
12003,38.125,25.875,0.5528823217939257,0.8160253466603598,0.006314811116828544,0.008720297685025802,1.7288861132724875e-05,2.3874588878425307e-05,0.00012101575111078677,0.00016711015270953755,0.000518535831407152,0.000715989773337089,0.001554800995419714,0.002146431762990564
6070,36.625,42.625,0.12630904693755146,0.15150878865046408,0.0014426537842071976,0.0016190694864281054,3.949762998334272e-06,4.432760843164907e-06,2.764801337717948e-05,3.102891326822732e-05,0.00011848610392661829,0.00013297427817204888,0.00035541619657275536,0.00039886979039127635
10027,37.625,31.875,0.11976882360386058,0.13853968998616129,0.0013679538464697663,0.0014804777116480235,3.7452465018184e-06,4.053318853447507e-06,2.6216430950576353e-05,2.8372886959227017e-05,0.00011235129358022622,0.00012159241908749063,0.00033701601371916023,0.00036473290491112476
15011,38.875,27.875,1.5002572246472576,2.241848460525607,0.017135366111119755,0.023957081750595303,4.691297514713977e-05,6.558876409124004e-05,0.00032834461227115863,0.0004590310189077629,0.001406432313616146,0.0019657927473810677,0.00421336556728602,0.005885792815260027
17007,39.375,26.875,0.8186253999096429,1.054978519562841,0.00935002725190122,0.01127382474030532,2.5598651820279983e-05,3.0865573587668393e-05,0.00017917680221835042,0.00021603900978617308,0.0007676745711261423,0.0009255529096081627,0.0023012561930463304,0.0027740895771320995
13002,38.375,25.625,1.0123921545629553,1.5151554152923998,0.011563157258276422,0.016191416497664108,3.165769808577412e-05,4.4328699857043574e-05,0.00022158284130424644,0.000310259636341792,0.0009492951100770197,0.0013290065596325285,0.002845182702080784,0.003981723250960023
8006,37.125,26.625,0.6896425790295457,0.892290210892977,0.007876834640984048,0.009535287466578878,2.1565365386111424e-05,2.610585353213235e-05,0.00015094779168900452,0.00018272666352059375,0.0006467586990276386,0.0007828792189052969,0.0019390214771757286,0.002346799436928171
1004,35.375,26.125,1.721575168778717,2.2983537181416462,0.019663175301003557,0.02456091430211777,5.383339090636596e-05,6.724185771966873e-05,0.00037677288309123647,0.00047059806386207104,0.0016137417155860367,0.0020152901270676926,0.0048334168622296,0.006033694383202004
29078,42.375,44.625,0.1523595002916582,0.18952164713812597,0.0017401921317983721,0.0020252865766542732,4.764375048149638e-06,5.544917074939981e-06,3.3350148656019485e-05,3.881377386238949e-05,0.00014292137770077762,0.00016633413838484934,0.0004287028564612383,0.0004989194186197921
6045,36.625,36.375,0.38106494776587574,0.43870264894957295,0.004352378568693962,0.004688111355494352,1.1916092093056108e-05,1.2835266992028416e-05,8.340966285202978e-05,8.98434093927758e-05,0.0003574210025950597,0.000384986354671768,0.0010718798041264854,0.0011545144775960692
2011,35.625,27.875,1.583196494345886,2.1733524114408596,0.01808266683257374,0.023225111915697826,4.950641813783463e-05,6.358486933610852e-05,0.0003464934626172811,0.0004450091906021969,0.0014841269014240766,0.0019057884028743644,0.004445776075279961,0.005706476042192987
22068,40.625,42.125,0.2441335329627455,0.30829732999606785,0.0027884001480488483,0.003294560033051659,7.634194399530614e-06,9.019973099544387e-06,5.3438136913164236e-05,6.313810316427304e-05,0.00022900048159124609,0.00027056380440271255,0.000686844133121145,0.0008114718186978953
15000,38.875,25.125,0.5540714640176945,0.7513369747763667,0.006328393045998897,0.008029017859102872,1.7326045784638033e-05,2.19820112574709e-05,0.00012127601664513321,0.00015386393178895563,0.0005196508111920961,0.0006592501850070098,0.0015581424630044527,0.001976447009119142
16022,39.125,30.625,0.17918573686286096,0.282975020566532,0.0020465911795610977,0.0030239580508931367,5.603245573637672e-06,8.27911165790507e-06,3.9222059698196254e-05,5.795234220740131e-05,0.00016808371050702764,0.00024834353553448985,0.0005041663798684981,0.0007448455983850577
15013,38.875,28.375,0.5724149665318997,0.9664516901579591,0.006537905539041587,0.010327799829827419,1.7899649625618963e-05,2.827557513185308e-05,0.00012529081923351448,0.0001979122370429076,0.0005368501391562752,0.0008479195596750033,0.0016096859479775016,0.0025416023859127224
15005,38.875,26.375,2.4863317273207475,4.19081535385183,0.028397933181992133,0.04478434104789549,7.774628131640426e-05,0.00012260532674168712,0.000544097051492276,0.000857921678300344,0.002329760995781305,0.0036716283299155217,0.00697301227389624,0.010974491922655205
6006,36.625,26.625,1.442145062745123,1.8394964542597614,0.016471631150645982,0.019657424536312865,4.509585146261763e-05,5.381764701817282e-05,0.0003156282570960789,0.0003766627114609733,0.001351991284522014,0.0016132701356437185,0.004050492683544182,0.004832006684101664
21006,40.375,26.625,0.4142520318057589,0.7049705249934008,0.004731428791443334,0.007533531724560596,1.2953862138953554e-05,2.0625473053925703e-05,9.067351119507183e-05,0.0001443693780720512,0.00038854287888512307,0.0006185791738276825,0.0011651757986057554,0.0018545898375933456
22006,40.625,26.625,0.30862673784372513,0.5334880568504955,0.0035250169489276957,0.005701017359548495,9.650923857851268e-06,1.560841305270344e-05,6.755451108919619e-05,0.00010925377542858605,0.00028948720333943356,0.00046814643120640653,0.0008682102257555613,0.0014037819129756324
22005,40.625,26.375,0.5165477825207352,1.0419543110600478,0.005899811860236818,0.011134644044851417,1.6152674089608965e-05,3.0484529299878993e-05,0.00011306323968851562,0.00021337219065387103,0.0004844667444346973,0.000914131745652691,0.00145269622293287,0.002739889090294989
6000,36.625,25.125,0.3583014748860794,0.5599935886656715,0.004092382859059857,0.00598426361981994,1.1204270863651722e-05,1.6383886644599777e-05,7.842725984508192e-05,0.00011468156959948406,0.00033607352359521503,0.0004913998493839555,0.0010078817725037714,0.0014734752453761102
6001,36.625,25.375,0.7119697873900003,1.0582152408281207,0.00813184750358539,0.011308413338652427,2.2263537252320553e-05,3.096026908144811e-05,0.00015583435218546882,0.00021670175530508207,0.0006676905480510475,0.0009283912287606499,0.0020017345098126693,0.002782588755651072
16003,39.125,25.875,1.8073226636222914,3.074387550171001,0.020642550499547573,0.03285385036916852,5.651462612199509e-05,8.994489480895762e-05,0.00039553531720859514,0.0006294443973622332,0.0016940501684279408,0.002694830610197263,0.00507354594895959,0.008062725064700738
7026,36.875,31.625,0.41428992592448904,0.4413120020583494,0.00473186160362196,0.00471599570488007,1.2955047098750505e-05,1.2911609197141516e-05,9.0681805269055e-05,9.037776355280691e-05,0.00038857841432704543,0.00038727576595487534,0.0011652823221014463,0.0011613774083926165
4022,36.125,30.625,0.7980297505719876,0.8846156957081012,0.009114791596375588,0.009453275238313836,2.4954627974804744e-05,2.5881322124998718e-05,0.00017466931896470417,0.000181155188782256,0.0007483680132713832,0.0007761483524902912,0.0022434242948912164,0.0023266383062322538
22035,40.625,33.875,0.2724656950893762,0.38904709659758857,0.0031119993034360617,0.004157476859892205,8.520153445767953e-06,1.1382486512334644e-05,5.963954968857266e-05,7.9674684857034e-05,0.000255573027922118,0.0003414182423226997,0.0007665231477421708,0.0010239050675174832
18003,39.625,25.875,1.3345185719177444,2.198800032442386,0.015242362400404955,0.023497053015833026,4.1730443156584585e-05,6.432935587297184e-05,0.0002920765346114962,0.00045021859684080123,0.0012511560676553568,0.0019280816108175891,0.003748773986998133,0.005773099503999735
20001,40.125,25.375,0.9330690828271331,1.5117887889501749,0.010657159371433042,0.016155439693734425,2.9177286508419442e-05,4.423020509758402e-05,0.0002042231288329477,0.0003095703561796226,0.0008749483744667774,0.001326055508823032,0.0026225491892295505,0.003972893588598425
4015,36.125,28.875,1.185553670518208,1.5226596202726526,0.013540942083106983,0.01627160873873244,3.707239174266519e-05,4.4548244490738576e-05,0.0002594778823749033,0.0003117960390613961,0.0011115741115184097,0.0013355844160026775,0.0033310169169966652,0.004001404273207831
23026,40.875,31.625,0.3716501292414456,1.7463221206444062,0.004244846100504186,0.018661734967287773,1.1621687705187789e-05,5.109174054196419e-05,8.134897765510463e-05,0.0003575873707767352,0.00034859188485092396,0.0015316172483591517,0.001045411148005937,0.0045878177838376555
24029,41.125,32.375,0.17464994374277767,0.23878833364066,0.001994785079620336,0.002551765532259255,5.461408986828786e-06,6.986328866531721e-06,3.822923654694943e-05,4.8903277093281794e-05,0.00016382929552694048,0.00020956863555721128,0.0004914073708639499,0.0006285741588365479
13050,38.375,37.625,0.18690901814259664,0.21548763593687975,0.0021348035541680884,0.002302767114407008,5.8447565104424726e-06,6.3046128826460546e-06,4.0912578195717586e-05,4.4131455475993064e-05,0.0001753278360127064,0.00018912109705304658,0.0005258912938775895,0.0005672559975554714
6,35.125,26.625,1.9219443063411523,2.811203708035431,0.0219517152080911,0.030041386934419066,6.00987147612031e-05,8.22454525222227e-05,0.000420615161959903,0.000575576136522149,0.001801391166626365,0.0024644233563402285,0.0053944443150061305,0.007375064888968663
4024,36.125,31.125,1.2367083300100397,1.3754322860329828,0.014125211103300037,0.014698292190175434,3.867197255758015e-05,4.024092115473277e-05,0.0002706724039763797,0.0002816524443975954,0.0011595088596391134,0.0012065234898300803,0.0034744947554449235,0.0036152051290305742
18028,39.625,32.125,0.11916769107544233,0.1436075953007359,0.0013610879398861992,0.0015346349056169126,3.7264487443566807e-06,4.201592557540046e-06,2.6084849597429738e-05,2.9410777184768477e-05,0.00011178742194761782,0.00012604009780847747,0.0003353247779568358,0.00037807263710898376
3019,35.875,29.875,0.658123458401437,0.7985714591047294,0.007516835260484363,0.008533780077614505,2.057976156843999e-05,2.3363943561505174e-05,0.0001440494372260126,0.00016353614202602174,0.0006172086483712258,0.0007006809034894035,0.0018504833406901566,0.002100570193284579
17075,39.375,43.875,0.3225481864317397,0.6463079536691022,0.0036840224277440692,0.0069066454556346146,1.0086252837049337e-05,1.8909185916293758e-05,7.060163351269022e-05,0.00013235679294676395,0.0003025433356403928,0.0005671200675031463,0.0009073554372039938,0.0017003955093967127
2010,35.625,27.625,2.1730594018910088,3.0412447693342304,0.02481985610258826,0.03249967642568867,6.79507538099422e-05,8.897530614626614e-05,0.0004755583242460615,0.0006226609189677879,0.0020365153598854713,0.002665818319242952,0.00609711234145649,0.007976154140665881
23044,40.875,36.125,0.24270352979268411,0.294325446553503,0.002772067196967859,0.0031452521918941714,7.5894775569684825e-06,8.611194112773113e-06,5.3125133310572004e-05,6.0276801605696484e-05,0.00022765927241008566,0.0002583035695663538,0.0006828223427967073,0.0007747105637310181
17028,39.375,32.125,0.1279586387991616,0.1552051044569045,0.001461494793614274,0.001658569453312642,4.001346665671868e-06,4.540905373273674e-06,2.800909043565447e-05,3.178590460028996e-05,0.00012003343554323198,0.0001362181919574157,0.00036005708428221705,0.0004085989122124545
23033,40.875,33.375,0.40003499840594403,0.7559419226327796,0.004569047255585624,0.008078227747369559,1.2509291383300258e-05,2.2116737618094184e-05,8.756175362190088e-05,0.00015480689155378258,0.00037521067961465704,0.0006632893921737493,0.0011252097425050733,0.0019885486098839555
11007,37.875,26.875,1.5767189561833175,3.8120820750552347,0.018008682860964832,0.040737080815295396,4.930387107027201e-05,0.00011152582930784583,0.00034507605338096603,0.0007804196554778153,0.0014780591893531758,0.003340369972254731,0.0044276268202131375,0.009987672974196782
14063,38.625,40.875,0.36527070733527994,0.6657558377477109,0.004171982775373292,0.007114471522806923,1.1422201091626505e-05,1.947817175673716e-05,7.995266789329047e-05,0.0001363392351728665,0.00034260928579366023,0.0005841801440591432,0.0010274757542285684,0.0017515168322165264
14062,38.625,40.625,0.487761775857142,1.1364539858224023,0.005571029065557207,0.012144496616757912,1.5252529991238717e-05,3.3249266852442005e-05,0.00010676282462984688,0.00023272165346455154,0.00045747471588541977,0.0009969972562940965,0.0013717963940510502,0.002988010749313874
13062,38.375,40.625,0.3302500964125314,0.4696805175195806,0.003771990707521414,0.005019150381038868,1.0327094402851067e-05,1.3741590404903192e-05,7.228742123199794e-05,9.618716746795375e-05,0.0003097664442940351,0.0004121655810639391,0.0009290114968558694,0.0012359871718119475
13061,38.375,40.375,0.36637650257907883,0.5745546245911622,0.004184612747110895,0.0061398673255042,1.145677967406833e-05,1.6809899302083764e-05,8.019470135767204e-05,0.00011766336125373922,0.0003436462991852629,0.0005041740792144367,0.0010305846598011037,0.0015117597912934766
15063,38.875,40.875,0.4943427817798412,1.3218701930020131,0.005646194806479677,0.014125911200081623,1.5458319414185517e-05,3.8673889243945325e-05,0.00010820321787607945,0.0002706858176683147,0.00046364564997780633,0.0011595662957781805,0.0013902921477358943,0.003474666664497583
24012,41.125,28.125,0.21952383660209876,0.28634285344997534,0.0025073175776100867,0.003059947748293147,6.864637841719201e-06,8.377645258628164e-06,4.805147531505849e-05,5.8642042946921435e-05,0.00020591863794983123,0.0002512988296955454,0.0006176287151246074,0.0007537070516511202
21000,40.375,25.125,0.5995690475065276,0.9298303699525674,0.0068480491006035985,0.009936453145417893,1.8748760860165525e-05,2.720415602575077e-05,0.00013123394441527658,0.0001904135514965155,0.0005623099430851486,0.0008158028337403866,0.0016859814296371622,0.0024454124413751943
10023,37.625,30.875,0.4327081954154839,0.6225895813145368,0.004942228056571833,0.006653183638078864,1.3530991430199535e-05,1.8215258160592107e-05,9.471309525566074e-05,0.00012749983962767608,0.0004058501098004319,0.0005463134382541757,0.001217056253315807,0.0016380451026958287
10000,37.625,25.125,0.0641564992520319,0.07066309735733378,0.0007327710775396044,0.0007551275788475996,2.0062158589961854e-06,2.0674244990415147e-06,1.404342649014012e-05,1.4471881734201553e-05,6.018472496960303e-05,6.202087570994497e-05,0.00018054330852357303,0.000186051087601391
20040,40.125,35.125,0.1538756515178203,0.22341603423093556,0.001757509033135887,0.002387492415615567,4.811785913050315e-06,6.5365766258596025e-06,3.368201517650604e-05,4.5755139127190425e-05,0.00014434350616643332,0.0001960787137367248,0.00043296801636338866,0.0005881208081628397
20017,40.125,29.375,0.4771878577673185,0.6598257368518629,0.005450257803988567,0.007051100641834084,1.492188128637828e-05,1.930467510480316e-05,0.00010444849320734306,0.00013512489990497034,0.0004475595938731036,0.0005789781706884156,0.001342077942499631,0.0017359290589814558
19021,39.875,30.375,0.17511253467495724,0.24392748935749975,0.0020000686169047138,0.0026066841299277627,5.475874444438311e-06,7.136686730691011e-06,3.833049142776268e-05,4.995573754906779e-05,0.00016426319043783,0.00021407844784604446,0.0004927086285586579,0.0006420978646036746
18058,39.625,39.625,0.5715287384167366,1.238076776757283,0.006527783379346699,0.013230468997593944,1.7871937158409068e-05,3.622239391243287e-05,0.00012509685277972693,0.00025352920575216764,0.000536019196255455,0.001086101263389594,0.0016071957930371417,0.0032547662234879704
22072,40.625,43.125,0.11119428328551437,0.1273478228384057,0.0012700187156298095,0.001360877979140805,3.477115695038613e-06,3.7258739052914436e-06,2.4339555970032123e-05,2.6080825814012165e-05,0.00010430821172791038,0.00011177017863950311,0.0003128919957096077,0.0003352730595964637
14072,38.625,43.125,0.7642527514823863,6.792504269535701,0.008729003588808178,0.07258678851039838,2.389842377459317e-05,0.00019871205020327576,0.00016727697307217237,0.0013901554099369218,0.0007167043250687621,0.005944216701636029,0.0021485723480837438,0.01772685899956239
8011,37.125,27.875,1.7825748474917502,3.4407669835118337,0.020359890377749323,0.03676909361189208,5.574078832115692e-05,0.00010066322500501546,0.0003901202765643763,0.0007044298159500917,0.001670872792081446,0.0030154929967369792,0.005004247593351607,0.009019226816645909
6011,36.625,27.875,1.6677733496521756,2.5747992287347516,0.019048671432579063,0.027515096002388155,5.215106016165372e-05,7.532938984722293e-05,0.0003650003117012801,0.0005271865790336117,0.001563349296618055,0.002257415015128106,0.004682719527705381,0.0067569687813449075
18002,39.625,25.625,1.15835765026827,2.0854468261237544,0.01323031950712993,0.022285725810500482,3.6221984644702054e-05,6.101313057527147e-05,0.00025352634150044295,0.0004270137473321167,0.0010860889982475808,0.001828775507103586,0.0032547295079454752,0.005476299377937588
12002,38.125,25.625,0.4958604757710798,0.6720160949971453,0.005663529328691782,0.007181370556057946,1.550577801467945e-05,1.9661327743114576e-05,0.00010853539722111005,0.00013762117654414485,0.0004650687688937394,0.00058967170615154,0.0013945575403911947,0.0017679721853277597
10025,37.625,31.375,0.183871817809178,0.24071447437641044,0.002100113809762305,0.0025723488642203753,5.749781717079294e-06,7.042682562907743e-06,4.0247777766344583e-05,4.929773636541679e-05,0.00017247907118811412,0.00021125890257522872,0.0005173479716055196,0.0006336428261825011
12005,38.125,26.375,0.9114727637383718,3.259285120090392,0.010410494447472754,0.034829722635310326,2.8501974228434257e-05,9.535403704741263e-05,0.00019949676079633605,0.0006672873494342202,0.0008547059431380788,0.0028566694384787317,0.0025619268870482603,0.00854554994661716
8023,37.125,30.875,0.8281096649921478,0.8907507892581368,0.009458352912203802,0.009518836733800152,2.5895223678573664e-05,2.606081505529545e-05,0.0001812524845428154,0.0001824114435187152,0.0007765650861086826,0.0007815290862607238,0.002327886566637294,0.0023427553729925554
17008,39.375,27.125,0.6947808505321795,0.9500025155269114,0.007935522019341225,0.010152018893557786,2.1726039193148416e-05,2.7794326649233092e-05,0.0001520723622746578,0.0001945440642797669,0.0006515758883853806,0.0008334938384384483,0.0019534542883684614,0.00249839795841722
5016,36.375,29.125,1.2213288719847544,1.7908185195038975,0.0139495527964948,0.019137237162843847,3.8191064806736286e-05,5.239352724106805e-05,0.00026730682589071186,0.0003666970490051602,0.0011450976978191196,0.0015706122904139974,0.003431360848752507,0.004704440276764088
24071,41.125,42.875,0.0896287491909776,0.12624913292808868,0.0010237054061380936,0.0013491370410428532,2.8027487243287297e-06,3.693729087927977e-06,1.9619076107368905e-05,2.585581710101703e-05,8.407904471863237e-05,0.0001108059378616133,0.00025221592689284034,0.00033238098107768455
13000,38.375,25.125,0.5879270100822546,0.815902214627629,0.006715078187171617,0.008718981858275606,1.8384713099450778e-05,2.387098642708807e-05,0.00012868589396275443,0.00016708493916217648,0.0005513943892214712,0.0007158817745934742,0.001653271227990638,0.002146108230514865
19074,39.875,43.625,0.14083664364273096,0.19677725582993283,0.0016085824557498245,0.0021028222413705198,4.404049044781644e-06,5.7571969560576974e-06,3.0827936007948864e-05,4.02996826470714e-05,0.00013211303458360302,0.00017270149124226641,0.0003962867444948781,0.0005180150014626461
11050,37.875,37.625,0.38784426200580663,0.4668143378995229,0.0044298093116193005,0.0049885215046100335,1.212808336481519e-05,1.3657734260319465e-05,8.489349471796359e-05,9.56002227036068e-05,0.00036377852386138,0.0004096508959903211,0.0010909386152815337,0.0012284493151462073
18074,39.625,43.625,0.1909522762401779,0.2937831964616837,0.002180984106839711,0.0031394575407356637,5.971191226028516e-06,8.595329359040171e-06,4.1797589831804594e-05,6.0165754061869414e-05,0.00017912022766508606,0.00025782774568472444,0.000537264436574425,0.0007732838287540789
23068,40.875,42.125,0.13828958995084273,0.1638391422418382,0.0015794909794361904,0.0017508354350208302,4.32440127107192e-06,4.793514684964251e-06,3.0270416190969485e-05,3.355412026528892e-05,0.00012972390376619902,0.0001437954456610102,0.00038912122860790266,0.0004313243085657392
4016,36.125,29.125,1.0502371168626403,1.3521592910268259,0.011995407990892692,0.014449589811865268,3.284109792922596e-05,3.956003832117361e-05,0.0002298650374519262,0.00027688740548592605,0.0009847639177447132,0.0011861206273938718,0.0029513834282978157,0.0035541429044854134
23071,40.875,42.875,0.11103899748599985,0.14199627984166469,0.001268245100423814,0.0015174158933336662,3.4722598181158304e-06,4.154449668170024e-06,2.4305565540228002e-05,2.90807852315611e-05,0.00010416255009904063,0.0001246259824760898,0.00031245510191657555,0.0003738313544573435
21023,40.375,30.875,0.14039961174815863,0.7227455412486038,0.0016035908440497082,0.007723481011964356,4.3903828168545544e-06,2.114551499843298e-05,3.073227493632924e-05,0.00014800921553115298,0.00013170310002375007,0.0006341709855648414,0.0003950572652360318,0.0019013066932239697
9011,37.375,27.875,1.0101500076270002,1.7568522022126136,0.011537548310696418,0.01877426265567169,3.158758682564322e-05,5.139980877422179e-05,0.00022109215559440454,0.00035974318542497663,0.0009471937002996089,0.0015408455703151969,0.002838890422980689,0.004615417754014084
15029,38.875,32.375,0.14941344048433855,0.17715155884165282,0.0017065433597382698,0.0018930960107891707,4.672250165760339e-06,5.183000971409335e-06,3.2705292735357716e-05,3.6280442671565716e-05,0.0001401580093703947,0.0001554783440869123,0.0004204150980616772,0.00046636251547294005
1012,35.375,28.125,1.0788644705397628,1.486514552286749,0.012322378711640488,0.0158853514319312,3.373626517444439e-05,4.349077617060715e-05,0.00023612995671740133,0.0003043957156730892,0.001011593022105628,0.0013039008392852214,0.0030317101401736712,0.003906604262496227
22021,40.625,30.375,0.46910881857780934,1.7084210142715648,0.005357982098153606,0.018256712094511046,1.46692479103816e-05,4.9982904391399074e-05,0.00010268021655979176,0.00034982787100479307,0.0004399838438537973,0.001498400882082751,0.00131937085938727,0.004488470394855448
14021,38.625,30.375,0.4921595606601085,0.9335727980170742,0.005621258887109621,0.009976445882066155,1.5390049640684467e-05,2.731364718655538e-05,0.0001077253736864181,0.00019117986427719114,0.000461598472691338,0.000819084972946027,0.0013841562969781895,0.0024552427677837496
13060,38.375,40.125,0.4106079294522742,0.7067021884472071,0.004689807243519754,0.007552036812508257,1.2839910020767675e-05,2.0676136177288917e-05,8.987590809073076e-05,0.00014472397599585296,0.0003851255936873077,0.0006200981575673614,0.001154931873015519,0.0018591411459683016
10043,37.625,35.875,0.921972692004419,1.2538084294553364,0.010530420625479674,0.013398582273935058,2.8830304797056172e-05,3.6682646200381086e-05,0.00020179467950220964,0.0002567502671834143,0.0008645476750681613,0.001099894243176358,0.0025914013433567806,0.0032960547581069033
7012,36.875,28.125,1.777338574988721,2.964452544349526,0.020300083669324308,0.031679051105038165,5.557705559111614e-05,8.672875384763135e-05,0.0003889745301546288,0.000606943340352939,0.0016659687324780403,0.002598593246090908,0.0049895844657974475,0.007775539225183259
12025,38.125,31.375,0.24122001178011207,0.6056056574632033,0.002755123019755955,0.006471688207269554,7.543087279016092e-06,1.7718359680340967e-05,5.28004161070017e-05,0.0001240219252115482,0.00022626786941204458,0.0005314142489744045,0.0006786500283744168,0.0015933956936833304
31079,42.875,44.875,0.0590489930357543,0.0626423380031715,0.0006744350885552392,0.0006694152789607166,1.8465009332668814e-06,1.8327574689003256e-06,1.2925434932364865e-05,1.2829231743616276e-05,5.539354486305825e-05,5.49812629275781e-05,0.00016617142942465524,0.00016493472013112687
29061,42.375,40.375,0.01981357588201215,0.05982314251772351,0.00022630311064728077,0.0006392884894363471,6.195839576950135e-07,1.7502749622977376e-06,4.337079642202646e-06,1.2251860403433845e-05,1.8587351741539138e-05,5.2506916283889815e-05,5.5761018762034986e-05,0.0001575124780675008
9015,37.375,28.875,0.8612857836223098,1.5199013058843738,0.009837277892223432,0.01624213254332611,2.693263633046783e-05,4.446754665776709e-05,0.00018851322229229694,0.0003112313050650517,0.0008076636346154853,0.0013331666038389756,0.0024210344690620555,0.003994170181417567
22014,40.625,28.625,0.48605349637992995,0.8553797337944835,0.005551517748576866,0.009140850762728357,1.519911173009092e-05,2.5025972300918298e-05,0.00010638893096026614,0.00017516865436995044,0.00045587287550163946,0.0007505067924613584,0.0013669952610084746,0.002249831018778403
2016,35.625,29.125,0.4998702611893296,0.6256310021592796,0.005709327569180105,0.00668568519610049,1.5631164811291676e-05,1.8304240951949602e-05,0.00010941302281353149,0.0001281226509286526,0.0004688286748534276,0.0005489815087778016,0.0014058267266298108,0.0016460405496949715
26002,41.625,25.625,0.10397980135207197,0.17927973051199664,0.0011876176531982246,0.0019158383074178084,3.251514640423281e-06,5.24526566147987e-06,2.2760380465003394e-05,3.671628186674436e-05,9.754084038149369e-05,0.00015734600235850493,0.0002925939794258259,0.0004719637376778829
3020,35.875,30.125,0.6012498067100898,0.6753499897920441,0.006867246091509237,0.007216997580611848,1.8801318370065268e-05,1.975886729776999e-05,0.0001316018055420587,0.00013830387268509714,0.0005638858101175703,0.0005925962206656532,0.001690703708029484,0.0017767353592569313
4020,36.125,30.125,0.4961576161545673,0.5656638269851421,0.0056669231528799335,0.006044857529424815,1.5515069654803426e-05,1.654978099585591e-05,0.00010860043264915298,0.00011584271532971702,0.00046534739274217696,0.0004963743038444157,0.0013953926344087986,0.0014883838714849773
5002,36.375,25.625,0.7823365377990922,1.086160798842973,0.008935549702448706,0.011607048161530175,2.4463902540183824e-05,3.177786101837832e-05,0.00017123475016045386,0.00022242382177051212,0.0007336567957390017,0.0009528966836946928,0.0021993560252275834,0.002855966880056404
3026,35.875,31.625,0.8729136890417236,1.009042642678369,0.009970087395283133,0.01078293984010624,2.729623907382628e-05,2.9521644556496085e-05,0.00019105802745067457,0.00020663321071856533,0.0008185631429418194,0.0008852703266725159,0.0024536798404433124,0.002653460563153187
3057,35.875,39.375,0.022366235172906975,0.034843298952043904,0.00025545861197587364,0.00037234620276646157,6.994073172839066e-07,1.0194278247110944e-06,4.895840948426766e-06,7.135972949101621e-06,2.0982006730951852e-05,3.0582382679278375e-05,6.294469946832582e-05,9.174434222014582e-05
9014,37.375,28.625,0.886414822365166,1.3001189627195744,0.010124292193374752,0.013893470867370536,2.7718417188404842e-05,3.8037526705170244e-05,0.0001940127865401875,0.00026623230494005057,0.0008312183869645384,0.0011404966432930763,0.0024915829631817488,0.003417589215580219
11013,37.875,28.375,0.2869825589555316,0.5767314162959656,0.0032778053885827905,0.006163129190765942,8.974101795677925e-06,1.687358574553599e-05,6.28170213706758e-05,0.00011810912131138274,0.0002691880242964295,0.0005060837395857165,0.0008073467058179462,0.0015174829861213102
25016,41.375,29.125,0.04142029849812403,0.05261766467676617,0.0004730868597310683,0.0005622885384015452,1.2952403924959555e-06,1.539460932509229e-06,9.066647516764448e-06,1.0776176758819922e-05,3.885648200618874e-05,4.618279706558592e-05,0.00011656491659883805,0.00013854199274287993
3014,35.875,28.625,0.8880824513487279,1.0913502026793078,0.01014333921591288,0.01166250372604892,2.7770563647222524e-05,3.1929685243015093e-05,0.00019437775099162558,0.00022348638823976863,0.0008327815225223079,0.0009574472048379246,0.0024962645699290187,0.0028695923767605436
12006,38.125,26.625,1.3432056164650303,5.296436848716528,0.015341582511660443,0.05659935218896026,4.200208164328867e-05,0.00015494857517106553,0.00029397752642412733,0.001084135966103128,0.0012592953339897184,0.004638028401723782,0.003773130524776125,0.013849651052860734
4028,36.125,32.125,0.31485279243111425,0.33884712876239564,0.0035961285710082447,0.003621024573093566,9.84561497041625e-06,9.913775835923566e-06,6.891726916724572e-05,6.939436694319845e-05,0.0002953262857675609,0.00029737052594780433,0.0008857172302151328,0.0008918463164506729
7023,36.875,30.875,0.7203727094917237,0.7766896638522575,0.008227822476577176,0.008299944487500465,2.252629652310656e-05,2.2723751359920996e-05,0.00015767341994665784,0.00015905541618366215,0.0006755682082875136,0.0006814879679682972,0.0020253357559746332,0.0020430709428539418
5027,36.375,31.875,0.45891022519097185,0.4933279632963786,0.005241497652266006,0.005271854255383121,1.4350335506008172e-05,1.4433446159589636e-05,0.00010044802407038755,0.00010102974841041945,0.0004304204966995018,0.00043291277589330157,0.0012907057844270264,0.0012981761683988902
8009,37.125,27.375,1.1526295641388316,2.249861765206622,0.013164895490946951,0.02404271438755351,3.60428699225368e-05,6.582319806902603e-05,0.0002522728102387628,0.0004606714099024689,0.0010807211842459585,0.0019728123778030016,0.003238660940140803,0.005906768845538313
28008,42.125,27.125,0.02303708870910379,0.03483759129796301,0.00026312084533213994,0.0003722852090205292,7.203853540360683e-07,1.0192608330683584e-06,5.042686580192246e-06,7.134804015040963e-06,2.161133487688094e-05,3.057737307921027e-05,6.483260349121611e-05,9.172931433909515e-05
27005,41.875,26.375,0.10300364595256158,0.14803339004474442,0.0011764683783424483,0.001581930308656201,3.2209896883017564e-06,4.33107976161029e-06,2.254670994883412e-05,3.0317164410709196e-05,9.662517775721469e-05,0.00012992423333790803,0.00028984752489880083,0.0003897220612877339
4026,36.125,31.625,0.8378780635559028,0.9200863170073957,0.009569923836815502,0.009832325200509933,2.6200680265597853e-05,2.6919076964726507e-05,0.0001833903465001674,0.00018841832206484277,0.0007857218640726638,0.0008072571711567056,0.0023553140007471773,0.0024198170471094738
20000,40.125,25.125,0.6815457475374479,1.0881728773877877,0.007784355718251474,0.011628549851334598,2.131217732281865e-05,3.183672756434941e-05,0.0001491757032118235,0.00022283580895787747,0.0006391677781090177,0.0009546610518217369,0.0019162779891039872,0.0028612498923504814
20055,40.125,38.875,0.40696025272066316,0.48339945524823946,0.004648144870411793,0.005165755166546873,1.2725846117889184e-05,1.4142966836216964e-05,8.907752200704167e-05,9.899656745837593e-05,0.0003817049448890941,0.00042420200634196714,0.0011446777942862862,0.001272066253333426
22033,40.625,33.375,0.4607419266073604,0.9934349544617767,0.005262418647586295,0.010616151286318334,1.440761324589257e-05,2.906501575983267e-05,0.00010084893365991388,0.0002034373709000059,0.0004321381125128587,0.0008715830952750192,0.0012958541881926688,0.0026124709766534027
17031,39.375,32.875,0.4522549691848847,1.9823258742497107,0.005165483855195744,0.021183743621362477,1.4142224036617357e-05,5.7996247300740045e-05,9.899136830315847e-05,0.000405903103073868,0.0004241797314948892,0.0017384250600692708,0.0012719994854728522,0.005206214068871562
14007,38.625,26.875,2.084018301996836,3.68426115391074,0.023802862602702146,0.03937114716223434,6.516656268007459e-05,0.00010778651686438323,0.0004560767681474065,0.0007542616852771467,0.001953150697292183,0.0032285467854455963,0.005848015149812369,0.009654403466103134
1024,35.375,31.125,0.525693092539861,0.648903005771968,0.006004266105017581,0.006934376980075315,1.6438649565686525e-05,1.898510925368857e-05,0.000115064872302173,0.0001328881958935213,0.0004930419553023091,0.0005693965164371706,0.0014783967146516641,0.0017072170967382672
16075,39.125,43.875,0.4142700103054426,1.8517024197147718,0.004731634135013188,0.01978786123504587,1.2954424331690362e-05,5.417474395363886e-05,9.067744623858509e-05,0.0003791615802791748,0.00038855973833340496,0.001623966281148137,0.001165226337653813,0.004863991326829242
19075,39.875,43.875,0.1383742696997192,0.21492844633025762,0.0015804581592473305,0.0022967914423864346,4.3270492535718574e-06,6.288252487274271e-06,3.0288951587742474e-05,4.401693703515175e-05,0.0001298033332779447,0.00018863037480576494,0.00038935945530504945,0.0005657843868741574
16007,39.125,26.875,1.4733858034833474,2.0327977350796873,0.016828450982163814,0.021723101440278093,4.607272638712523e-05,5.9472841797636455e-05,0.0003224645115138536,0.00041623562254833324,0.0013812588157394723,0.0017826475044075973,0.004138055454740552,0.005338414681802295
15077,38.875,44.375,0.41615912093226864,0.695912622120024,0.004753210836450292,0.0074367361902292674,1.3013497353719927e-05,2.0360466755020568e-05,9.109092517955997e-05,0.00014251456205960356,0.0003903312618231958,0.0006106337082694147,0.0011705367694579971,0.0018307827319202774
16077,39.125,44.375,0.29999229871592814,0.4588437519501987,0.0034263976767200475,0.004903345373149598,9.38092157509729e-06,1.342453787955833e-05,6.566460301926647e-05,9.396798065886003e-05,0.00028138936986998875,0.0004026577512834528,0.0008439305919578644,0.0012074869193404725
5009,36.375,27.375,1.7662513974027148,3.2594592802457734,0.020173450153448465,0.03483158376426424,5.523037112864504e-05,9.535913205493962e-05,0.00038654854552522266,0.000667322994086117,0.0016555848962671593,0.0028568218665839806,0.004958536342649533,0.008546004621974967
5005,36.375,26.375,0.9535211660241442,1.1283335081307504,0.01089075526922868,0.0120577186960651,2.9816818356120933e-05,3.3011689725248594e-05,0.00020869905952503043,0.00023105894413077976,0.0008941179247314857,0.0009898767871118208,0.0026799561484042167,0.002966691763111373
20079,40.125,44.875,0.07253786495826665,0.07347752588913245,0.0008284998415995701,0.0007852034272400019,2.2683063708450746e-06,2.1497675105619507e-06,1.5878036546901342e-05,1.5048275522899779e-05,6.80469530048855e-05,6.449101500494159e-05,0.00020412696816640707,0.00019346056800995104
19076,39.875,44.125,0.13451438155973422,0.2117460772075475,0.0015363719883294317,0.002262783667741639,4.206348410917826e-06,6.195144855891677e-06,2.944406731797411e-05,4.336520802306065e-05,0.00012618275601350426,0.00018583765141910735,0.00037850050378596123,0.0005574093537772384
17077,39.375,44.375,0.2568232322626112,0.3645403796635591,0.0029333370560476377,0.003895590549838228,8.031006919151373e-06,1.0665488776484544e-05,5.62156940133729e-05,7.465603267220455e-05,0.00024090215344996224,0.00031991518581686584,0.0007225323727877431,0.0009594385530142802
17074,39.375,43.625,0.25130635943117025,0.6797139665423048,0.002870325437638363,0.007263632377568276,7.858491880674556e-06,1.988654388240807e-05,5.5008146307766737e-05,0.00013919750248503338,0.0002357278945757102,0.0005964243169359618,0.0007070169939051851,0.0017882059970715236
17009,39.375,27.375,0.8488341164177902,1.3607167187864588,0.009695059696078144,0.014541037115294635,2.654327454121308e-05,3.9810397456929714e-05,0.00018578812698943903,0.00027863950218398603,0.0007959918348906525,0.001193622762331925,0.0023860752000113283,0.0035765957816961125
8004,37.125,26.125,0.27300235090244007,0.3525566221237562,0.0031181287815558374,0.0037675284331896027,8.536934899106008e-06,1.0314877487593854e-05,5.975701385130261e-05,7.220190812118332e-05,0.0002560763470226268,0.0003094000465210245,0.0007680323325736094,0.0009279129840151779
2017,35.625,29.375,0.5569088856269295,0.7032542928233895,0.006360800993974137,0.007515191540054848,1.7414772369273024e-05,2.057526139975785e-05,0.00012189703800924434,0.00014401793993434886,0.0005223112681981279,0.0006170737238518909,0.001566115519903044,0.0018500790665830769
21066,40.375,41.625,0.22937501968061946,0.2812368584542655,0.0026198340353913913,0.003005383516283606,7.172688952117312e-06,8.228257773357228e-06,5.02077422808167e-05,5.759638264446476e-05,0.00021515829041296453,0.0002468182841250943,0.0006453360019293974,0.0007402721096152476
19060,39.875,40.125,0.5300727691548304,0.8917577195673837,0.006054289101749662,0.00952959710059592,1.657560280587944e-05,2.609027456579316e-05,0.00011602345003813852,0.00018261762783111646,0.0004971485861510194,0.0007824122035096082,0.001490704411176491,0.0023454005829285363
14010,38.625,27.625,0.9376533076259576,1.3882826514909874,0.010709518639545883,0.01483561514541669,2.9320634178930938e-05,4.061687571588202e-05,0.00020522638644304703,0.0002842834880135703,0.0008792451583655714,0.001217788910640616,0.002635416938670976,0.003648919508422055
25017,41.375,29.375,0.04391978494373827,0.055363093502092994,0.0005016350410907359,0.0005916270347213968,1.3734009489674293e-06,1.6197852308330596e-06,9.61376703212391e-06,1.1338441518238263e-05,4.12012079700208e-05,4.859241563137662e-05,0.00012359853136134635,0.00014577016334016424
23016,40.875,29.125,0.47345261983265485,1.1871936222442847,0.005407595340198296,0.012686715967957734,1.4805079562418832e-05,3.4733732068970014e-05,0.00010363095405230283,0.0002431107908742458,0.00044405705222971825,0.0010414873341761943,0.001331579684254347,0.003121209044623763
4005,36.125,26.375,0.8701098600651825,1.0359722904394606,0.009938063129552772,0.011070718333740884,2.7208563802116892e-05,3.030951556148853e-05,0.0001904444008949957,0.00021214731790364372,0.0008159349627423484,0.0009088859598408439,0.002445808181845255,0.0027241804092653643
14060,38.625,40.125,0.8000669419409128,1.8692901653955993,0.009138059619599508,0.019975809291528455,2.501833075874149e-05,5.46892896786666e-05,0.0001751151716047339,0.00038276222418898165,0.0007502777124879234,0.0016393783047080612,0.0022491448098701516,0.004910076636375993
11046,37.875,36.625,0.33992807244725753,0.4062492986404498,0.003882528860476263,0.004341304878550729,1.062972820076169e-05,1.1885774342523803e-05,7.440572463379702e-05,8.319745375229282e-05,0.0003188426997607907,0.00035651178393325544,0.0009562231496944573,0.0010691540951563994
7024,36.875,31.125,0.7128644593119164,0.7567238786430793,0.008142066105222171,0.008086583969653973,2.2291513635530613e-05,2.213961520158847e-05,0.00015603016069354325,0.00015496701337747165,0.0006685292974956125,0.0006639752793873299,0.0020042473970086627,0.0019906035413692624
7022,36.875,30.625,0.6888980764259134,0.7639643447659699,0.007868331216055085,0.00816395781622424,2.15420847792247e-05,2.235144853590665e-05,0.0001507848485149399,0.00015644964880989765,0.0006460607172426025,0.0006703261809520855,0.0019369302380389808,0.002009630832492282
17076,39.375,44.125,0.3238389761632309,0.5115582742226195,0.003698765335998869,0.0054666689615904835,1.0126616312056136e-05,1.4966811915595457e-05,7.088416070522019e-05,0.00010476297941208745,0.0003037538850418908,0.0004489069287048064,0.0009109848838838586,0.0013461163242849405
5025,36.375,31.375,0.8244441060897959,0.8759126859320301,0.00941648629575845,0.00936027220070768,2.5780602091463045e-05,2.562670024297553e-05,0.0001804502578113265,0.00017937311100690856,0.0007731290141398395,0.0007685153990286686,0.0023175943191230397,0.0023037748032278538
6015,36.625,28.875,1.442174745045803,2.507643928141262,0.01647197017056924,0.026797453817988755,4.509677960673475e-05,7.33647387046732e-05,0.0003156347523470826,0.0005134401546695866,0.001352019092453527,0.0021986024261222425,0.004050575881912488,0.0065813163482023596
21032,40.375,33.125,0.5412186657323406,1.125947806145347,0.006181593283562364,0.012032224351329833,1.692413682230498e-05,3.294189231517475e-05,0.00011846294297124249,0.00023057045892382888,0.0005075995288609247,0.0009877848663610855,0.0015220257455244024,0.0029604284060569253
18075,39.625,43.875,0.2439171209467295,0.3892953192276138,0.002785928372499724,0.004160129443215553,7.627427098588768e-06,1.1389748806989175e-05,5.339076797505893e-05,7.972551744672707e-05,0.00022879750748350247,0.00034163603923398345,0.0006862354895292855,0.0010245580120260556
16079,39.125,44.875,0.15368580971037177,0.2039633742298783,0.0017553407323802669,0.0021796153114679467,4.805849457722999e-06,5.9674436908574435e-06,3.364046118781161e-05,4.17713580255219e-05,0.00014416543733941634,0.0001790078210721635,0.0004324339639946162,0.0005369273375525063
15078,38.875,44.625,0.37531521827519077,0.5082484429492549,0.004286707350289428,0.005431299087224362,1.1736296222308873e-05,1.4869975921927292e-05,8.215118105925345e-05,0.0001040851881286553,0.0003520289760503559,0.0004460031054654978,0.0010557151985760571,0.0013374126488046034
27075,41.875,43.875,0.1703358035008841,0.23209657180476712,0.0019455106143585925,0.0024802553083610648,5.326503580982411e-06,6.790545892476629e-06,3.728492926802218e-05,4.75328529161434e-05,0.00015978276638073385,0.00020369631953554013,0.00047927171162420734,0.0006109644904866984
1018,35.375,29.625,0.38045861234697037,0.45487048361223664,0.00434545323667863,0.004860885806383299,1.1897131793059401e-05,1.3308291475055967e-05,8.327695023369053e-05,9.315432108492061e-05,0.0003568523899687426,0.00039917171070025237,0.0010701751844646168,0.0011970371815400727
20078,40.125,44.625,0.09100519621904576,0.09489309891281765,0.0010394266593812206,0.0010140568233094145,2.8457910482559967e-06,2.7763324178531334e-06,1.992036726972124e-05,1.9434165057452546e-05,8.537020868293332e-05,8.328661963374895e-05,0.00025608876245331036,0.0002498390494959368
18064,39.625,41.125,0.6497188247096815,1.3556789538559393,0.0074208407383637015,0.014487202010734336,2.031694826476471e-05,3.9663010830470746e-05,0.0001422099698004109,0.00027760804175369636,0.0006093289233874977,0.001189206255996389,0.0018268731511845715,0.0035633778152205364
18076,39.625,44.125,0.25147941353798453,0.40117003774822985,0.0028723019956769305,0.004287026335388635,7.863903359051072e-06,1.1737169545722459e-05,5.504602487016452e-05,8.2157293892271e-05,0.00023589020192260612,0.00035205516683500804,0.0007075036863316564,0.0010557937156182584
14059,38.625,39.875,0.8837626621288603,1.8049851376959576,0.01009400023017815,0.019288625999392184,2.76354846084903e-05,5.280798548434884e-05,0.0001934323548777872,0.0003695973411946829,0.0008287324057232315,0.0015830270849641614,0.002484137394140107,0.004741567297663285
11006,37.875,26.625,1.1582338401600876,3.2908113221347675,0.01322890539527157,0.03516662132090918,3.62181131576822e-05,9.627632700115463e-05,0.0002534992469801489,0.0006737396684851626,0.0010859729755708925,0.0028842613587709565,0.0032543821955300922,0.008627851179620949
1022,35.375,30.625,0.2554755365882079,0.30308523313211827,0.002917944189805848,0.0032388619638644193,7.988863885755038e-06,8.867481460783644e-06,5.592070695703555e-05,6.20707189734615e-05,0.00023963815609506778,0.0002659902416367599,0.0007187422027092882,0.0007977584913033686
27033,41.875,33.375,0.046809528668672724,0.04732716807859674,0.0005346405923259284,0.0005057526655558508,1.4637650952442627e-06,1.384674374826922e-06,1.0246310671924164e-05,9.692680360107175e-06,4.391202083497969e-05,4.1539397219958474e-05,0.00013173027779278534,0.0001246130151668634
2020,35.625,30.125,0.4326655749150108,0.4810856746168043,0.00494174126146267,0.005141029395507362,1.352965867584821e-05,1.4075272319558074e-05,9.470376673259562e-05,9.852274595556487e-05,0.0004058101428556782,0.0004221720016261976,0.0012169364497803814,0.0012659813925252061
3015,35.875,28.875,0.8098756857227662,0.9870759396673957,0.009250091351912446,0.01054819689958583,2.5325049204383276e-05,2.8878972178847384e-05,0.00017726187647881808,0.0002021352921989239,0.0007594725512841682,0.0008660064752902263,0.00227668769624656,0.002595770173701273
12011,38.125,27.875,0.47633346366460805,0.7040610610115213,0.00544049924024856,0.007523812912898365,1.4895164193284849e-05,2.0598864946319573e-05,0.00010426149028419651,0.00014418314435193924,0.0004467584275396064,0.000617781407611262,0.0013396765925111076,0.0018521994970097655
22004,40.625,26.125,0.8020126427583444,1.6225263053156593,0.009160282672621122,0.017338814832214482,2.507917263783188e-05,4.746996110205348e-05,0.0001755410007543423,0.0003322424101167565,0.0007521016434360872,0.001423119039430265,0.002254608385093504,0.004263284197086881
9027,37.375,31.875,0.14635860789749996,0.16460841167847792,0.001671652226455465,0.0017590560846795012,4.576723890759027e-06,4.816021488940336e-06,3.203662736439572e-05,3.371166335142117e-05,0.00013729260542794108,0.0001444705557055448,0.0004118212710930713,0.00043334905490755027
24003,41.125,25.875,0.12777275757471596,0.20990072731637907,0.00145937172912791,0.002243063691579285,3.9955340551678376e-06,6.141154836658558e-06,2.796840313812332e-05,4.298729187490746e-05,0.00011985907744604951,0.0001842182405430437,0.00035953413546485624,0.0005525529188005196
24028,41.125,32.125,0.18019917905116237,0.28748719953710317,0.002058166329904454,0.0030721765823303357,5.63493643002122e-06,8.411125700380495e-06,3.944388821397471e-05,5.8876394236073715e-05,0.00016903428128711706,0.00025230299846812354,0.0005070171309262683,0.000756718041056037
21011,40.375,27.875,0.5672382218196778,0.7759692708323025,0.006478778734350756,0.008292246146254165,1.7737772141313002e-05,2.2702674928987143e-05,0.00012415779798502502,0.0001589079012720429,0.000531996323472228,0.000680856091389126,0.0015951400607178146,0.00204117789473679
4012,36.125,28.125,1.2319056522102765,1.5282291835220707,0.014070356748286324,0.016331126803593138,3.8521795315160645e-05,4.471118879900704e-05,0.00026962140670339085,0.0003129363438225674,0.0011550085824865164,0.0013404664224238028,0.0034610251538159664,0.004016011125199892
10010,37.625,27.625,0.7730076924716178,1.1755799197511465,0.00882899918734096,0.012562608373285626,2.4172190222548906e-05,3.4393955737566095e-05,0.00016919306186180538,0.00024073284975900666,0.0007249115957800312,0.001031304256551402,0.002173158677813647,0.0030907231011286784
10028,37.625,32.125,0.13535825214122413,0.1584336555221407,0.0015460103564216984,0.0016930707423907189,4.2327367132388716e-06,4.635364321381452e-06,2.9628780757740003e-05,3.2447099034604854e-05,0.00012697430821739797,0.0001390515833740169,0.0003808745592744911,0.0004170967467821418
21001,40.375,25.375,0.9163687061084479,1.4619806253546728,0.010466414034855459,0.015623174347474265,2.8655069339467154e-05,4.277300539368145e-05,0.00020056824282654873,0.000299372620364613,0.0008592949915380288,0.0012823946338853531,0.00257567044545981,0.0038422524026090477
4032,36.125,33.125,0.030925364124706263,0.03495055296198546,0.0003532177200620548,0.00037349235208453216,9.670569453001931e-07,1.0225658073625965e-06,6.76937897792218e-06,7.157938692881061e-06,2.901130155108511e-05,3.067651937027627e-05,8.703137971077801e-05,9.202673499308922e-05
23004,40.875,26.125,0.2775813657469792,0.5728307961540422,0.0031704285435569025,0.006121445964953182,8.680122611015584e-06,1.6759465212179414e-05,6.0759276065081025e-05,0.00011731035817652558,0.0002603709061164139,0.0005026617928154398,0.0007809093569742798,0.0015072274988193746
26077,41.625,44.375,0.1501583883730413,0.1811510622032897,0.001715051870543561,0.0019358359330826028,4.695545089639097e-06,5.30001588805451e-06,3.286835262006349e-05,3.7099521327799145e-05,0.00014085676216679666,0.00015898825802163064,0.00042251076741284255,0.00047688894628505896
20069,40.125,42.375,0.45990747164177376,0.6267200991553866,0.005252887821069575,0.0066973236213685155,1.438151964061607e-05,1.833610463997104e-05,0.00010066629419791528,0.00012834567222852478,0.00043135563106633246,0.0005499369116876984,0.0012935087704188941,0.0016489036095603815
19016,39.875,29.125,0.5376576921027375,0.6737368455204451,0.006140921200233695,0.007199759025075788,1.6812784605302333e-05,1.971167163639098e-05,0.00011768355633934302,0.00013797354217293112,0.0005042605961217417,0.0005911811609342621,0.0015120190803417088,0.0017724952039225306
20022,40.125,30.625,0.10666404242888942,0.21585881269447205,0.0012182760315257066,0.0023067336233312885,3.3354524292539267e-06,6.31547252361031e-06,2.3347933375772456e-05,4.420747008537784e-05,0.00010005873354668182,0.00018944682667343393,0.00030014616639129077,0.0005682328165191874
23017,40.875,29.375,0.385870655414848,1.0365757572261616,0.004407267529490342,0.011077167165317741,1.2066368075491773e-05,3.0327170964850048e-05,8.446151904806243e-05,0.00021227088324660137,0.00036192771459875317,0.0009094151564419395,0.0010853902161939155,0.0027257651136645134
10013,37.625,28.375,0.4040085548489757,0.5779203313149092,0.004614431702529751,0.0061758343021081534,1.2633545665052814e-05,1.690836985712707e-05,8.843146798975798e-05,0.00011835258541670335,0.0003789369493196748,0.0005071267518951261,0.0011363801227369796,0.0015206088534793771
17078,39.375,44.625,0.17008917674328083,0.22935524898506593,0.0019426937375491347,0.0024509606900794366,5.318791433728265e-06,6.710342140170411e-06,3.723094596064236e-05,4.6971449388921727e-05,0.00015955143767043545,0.00020129067794938393,0.0004785779470892759,0.0006037504881928335
13027,38.375,31.875,0.24978730349737568,0.36645732319953833,0.0028529753598375653,0.00391607559769555,7.810990328649403e-06,1.0721573181160515e-05,5.4675651074309606e-05,7.504859831641841e-05,0.0002343031717615407,0.00032159719626057015,0.000702744834218394,0.0009644813477728276
18059,39.625,39.875,0.639393630304084,1.4822315190555986,0.00730291030390104,0.01583958162230048,1.9994078839680185e-05,4.336547070327157e-05,0.00013995015713019754,0.0003035188059319349,0.0005996485006486418,0.0013001464067383672,0.0017978669825936544,0.0038953702759206843
12028,38.125,32.125,0.17109369745573816,0.2144024236932267,0.001954166990196331,0.0022911702027978054,5.3502033199315235e-06,6.272862468681417e-06,3.745082212647244e-05,4.3909210964643286e-05,0.00016049364848513825,0.00018816875833349567,0.0004814036749557493,0.0005644000592183174
12030,38.125,32.625,0.10415152147388874,0.13061319813565422,0.0011895789749686754,0.001395772783281231,3.256884429259088e-06,3.821410311743989e-06,2.279796825321867e-05,2.6749565517514284e-05,9.770191884583834e-05,0.00011463595719740649,0.00029307712047532686,0.0003438684488905608
5001,36.375,25.375,0.6781799135305909,1.0382176310982096,0.0077459124453051875,0.01109471273419513,2.120692761531373e-05,3.03752066563856e-05,0.00014843904923200757,0.00021260707185877248,0.000636012232983818,0.0009108549593199733,0.0019068234215441349,0.002730076663386094
15036,38.875,34.125,0.09127173517627107,0.10584667432335344,0.0010424709657440882,0.0011311100970663715,2.8541258810799164e-06,3.096805874513997e-06,1.9978710101842267e-05,2.167743972802949e-05,8.562023300240362e-05,9.290000461492642e-05,0.0002568387071618661,0.000278674123413869
29006,42.375,26.625,0.11376341274375794,0.147567485196589,0.0012993623329313141,0.0015769515062385561,3.557453858271664e-06,4.317448602408902e-06,2.4901911244157304e-05,3.0221748772096824e-05,0.00010671811079687732,0.00012951534984151358,0.0003201201673403986,0.00038849572901966667
30005,42.625,26.375,0.10080317701999493,0.11980756639325925,0.0011513354610291923,0.0012803004810370863,3.152179730125937e-06,3.5052655362743934e-06,2.206504945079235e-05,2.4536600731095426e-05,9.456106976712952e-05,0.00010515262146870707,0.00028365638475913446,0.0003154246943474215
44,35.125,36.125,0.03022290955631339,0.03183295133544401,0.00034519455176258495,0.00034017670281208693,9.450907286767674e-07,9.313526198040378e-07,6.6156163435193704e-06,6.5194501231991e-06,2.835233332265652e-05,2.794020127205865e-05,8.505458842644753e-05,8.381826187342512e-05
4006,36.125,26.625,1.151066599950978,1.6877159540281346,0.013147043909806432,0.018035451456409505,3.5993996717498256e-05,4.937715587427505e-05,0.00025193077173069067,0.00034558889515956537,0.0010792565188141312,0.0014802545898042752,0.003234276429654348,0.004434193551926202
29004,42.375,26.125,0.14865075775194228,0.1881809607034714,0.0016978322883089607,0.002010959589312139,4.6484006631652974e-06,5.505692138085827e-06,3.2538350885125134e-05,3.8539208407017966e-05,0.00013944262098275484,0.00016515757881985227,0.0004182695329261188,0.0004953909098871501
21070,40.375,42.625,0.3024681508408645,0.3976733754297277,0.003454675915878504,0.004249659927045877,9.45834244514554e-06,1.1634867090770662e-05,6.620651848077141e-05,8.144122691733369e-05,0.000283711361585115,0.0003489871331080474,0.0008508926311816545,0.001046596065770622
29025,42.375,31.375,0.02056377432846036,0.020592970325720644,0.00023487159132159035,0.00022006281078659797,6.430431643833501e-07,6.024989582797957e-07,4.50129346740713e-06,4.217485084501149e-06,1.929111505927228e-05,1.8074810840595923e-05,5.78722287436495e-05,5.422345243122351e-05
3025,35.875,31.375,1.1356925639302116,1.3176349768259665,0.012971447531069902,0.014080652378199788,3.551325722250809e-05,3.854998212737826e-05,0.00024856631710512556,0.00026981866877273664,0.0010648492802000087,0.0011558532423653345,0.0031911473360684006,0.003463553281158549
24076,41.125,44.125,0.3210083373561011,0.37144683856422345,0.0036664348586036236,0.003969395092564345,1.0038101181497616e-05,1.086755242629689e-05,7.0264592273106e-05,7.607038685164547e-05,0.0003010992074401475,0.0003259752028931251,0.0009030256674202874,0.0009776068638188695
17032,39.375,33.125,0.5730435456579941,2.7470276737147183,0.006545084930200971,0.029355582105180134,1.79193053753135e-05,8.036797389476824e-05,0.00012542839469709133,0.0005624401961943359,0.0005374395054631442,0.002408231653351356,0.0016114521479579924,0.007207310187697047
13021,38.375,30.375,0.5713007844494843,1.4572599886645767,0.006525179776030429,0.015572728172770299,1.7864809008338867e-05,4.263489719258384e-05,0.00012504696107884516,0.0002984061106365843,0.0005358054625377306,0.0012782565158421244,0.0016065552789550352,0.0038298698169595413
4014,36.125,28.625,1.1885652211588171,1.4914595148704137,0.013575338866499344,0.015938194822087342,3.716656150742903e-05,4.3635447185330634e-05,0.00026013692392989896,0.00030540814810764427,0.0011143961649298095,0.001308235490052101,0.003339464242297141,0.003919574268882897
5010,36.375,27.625,1.6764742570905418,2.561366004293784,0.01914804988049184,0.02737154443689523,5.242312929709669e-05,7.493639660949292e-05,0.0003669041982474752,0.0005244368662594701,0.0015714990033722787,0.0022456508792421115,0.004707092063752305,0.006721835118812414
28004,42.125,26.125,0.16276045629729904,0.21795773315483333,0.0018589878863758647,0.0023291633325387895,5.0896184958793e-06,6.376881330982798e-06,3.562678548685305e-05,4.463731536885618e-05,0.00015267728707601957,0.0001912887518736861,0.0004579619337251595,0.0005737564884609192
23021,40.875,30.375,0.4149550972870084,1.5907350632428725,0.004739458937356568,0.016999083847403784,1.2975847195173529e-05,4.653987207869914e-05,9.082739461796496e-05,0.00032573362292520613,0.000389202182639492,0.001395254379027877,0.0011671521718573663,0.0041799256489271075
22001,40.625,25.375,0.4938164542267985,0.7423479989545232,0.005640183293808655,0.007932958900431088,1.5441861043741234e-05,2.1719021908506164e-05,0.00010808801996264883,0.00015202324768359698,0.000463152120044108,0.0006513655024212861,0.0013888129298241791,0.0019528239525699043
12053,38.125,38.375,0.7254854807928742,0.9284028074502655,0.008286218601353871,0.009921197773712835,2.2686172785002512e-05,2.716239022959588e-05,0.000158792401992236,0.0001901212386046236,0.0006803613527853747,0.0008145508472204854,0.0020396956985784254,0.00244166260286216
9023,37.375,30.875,0.6074817266204425,0.6827233560651633,0.006938424705072774,0.007295791639038431,1.899619111034312e-05,1.997458938696184e-05,0.00013296576005128458,0.00013981374731875107,0.0005697287890913394,0.0005990641558235588,0.001708212779523488,0.0017961160488731975
23001,40.875,25.375,0.19666033534936678,0.2617533607617347,0.0022461793820318437,0.002797176871085982,6.149685079726019e-06,7.658223573958622e-06,4.3047001375251526e-05,5.360633341688903e-05,0.00018447410223398908,0.00022972119699171678,0.0005533202208966026,0.0006890052876128427
22002,40.625,25.625,0.755394562144662,1.2707159559083911,0.008627828726997924,0.01357926129866326,2.3621428681064316e-05,3.717730014229925e-05,0.00016533828381937177,0.00026021207760973386,0.0007084001961625841,0.00111471797687146,0.0021236954514710638,0.003340427527254719
19017,39.875,29.375,0.3908253619868781,0.507199870035384,0.00446385829918643,0.005420093714755442,1.2221303277382134e-05,1.4839297739821511e-05,8.554598643994993e-05,0.00010387045999304956,0.00036657413402019223,0.00044508315639013585,0.0010993193215322883,0.0013346552602926387
23029,40.875,32.375,0.24687147851513946,0.3710621506672759,0.002819671918423834,0.003965284199451848,7.71981118341536e-06,1.0856297536609993e-05,5.403742679488399e-05,7.59916077581746e-05,0.00023156841333438205,0.0003256376625435653,0.0006945443806305462,0.0009765949024993503
9052,37.375,38.125,0.2635187625560709,0.311026114298088,0.0030098108506754224,0.003323720660879247,8.240379054558211e-06,9.099809824109073e-06,5.768122742055848e-05,6.369692985752629e-05,0.00024718183573413377,0.0002729582769369632,0.000741362225725184,0.0008186513324851541
14028,38.625,32.125,0.17742643119614704,0.2057465031732991,0.0020264970608958144,0.0021986703754571374,5.548231181817798e-06,6.0196133001566565e-06,3.883697183837409e-05,4.2136532158010276e-05,0.00016643354559930934,0.0001805726373411698,0.0004992175410329924,0.0005416200984791342
12049,38.125,37.375,0.2338892465888998,0.25381775392620637,0.002671393814282134,0.00271237453718748,7.313850910795061e-06,7.426049188352657e-06,5.119583304880049e-05,5.1981186262817225e-05,0.00021939225971279175,0.00022275748871458667,0.000658032390807417,0.0006681236145008596
22039,40.625,34.875,0.4629986591638249,1.0229179484124042,0.005288194186563616,0.010931215622184236,1.4478181806332202e-05,2.992758945630225e-05,0.00010134287077767645,0.00020947431825923957,0.0004342542827889817,0.0008974381801285514,0.0013021971999109816,0.0026898990773166487
2025,35.625,31.375,0.8727807180081083,1.0570808264061176,0.009968568650826688,0.011296290637441564,2.7292081091645493e-05,3.0927079961440285e-05,0.00019102892634137447,0.0002164694745953044,0.0008184385021728913,0.0009273964482571229,0.0024533065299972012,0.002779609949875028
21010,40.375,27.625,0.7267333845192916,0.9213817882123183,0.00830047168200717,0.009846169004008852,2.2725194707029495e-05,2.695697821197829e-05,0.00015906551823574588,0.00018868358791734874,0.0006815312398548157,0.0008083933206536331,0.0020432005816326537,0.002423219990963066
16009,39.125,27.375,1.1782916945337645,1.768995226671348,0.013457998561729936,0.018904026747571627,3.6845313150180026e-05,5.175506517118844e-05,0.0002578886846831274,0.0003622292107280378,0.001104769051500032,0.0015514873325338518,0.0033106469589155862,0.004647244393377825
13046,38.375,36.625,0.1350079080896834,0.148180837595131,0.0015420088602186625,0.0015835059785021942,4.221781259916568e-06,4.3353936918233416e-06,2.9552094530260753e-05,3.0347361137161855e-05,0.0001266456849094988,0.00013005363498286293,0.0003798889393713534,0.00039011016530421383
30002,42.625,25.625,0.034133869532923584,0.039119220969464547,0.0003898640457294671,0.00041804001978141707,1.067389014841602e-06,1.144530542229738e-06,7.4716991780299225e-06,8.011686286724107e-06,3.202117484546463e-05,3.433534644481373e-05,9.60604485024108e-05,0.00010300250262695876
19032,39.875,33.125,0.3630289434218596,0.6811818326678561,0.004146378202530668,0.007279318446179943,1.1352100389938613e-05,1.992948914275594e-05,7.946199650710195e-05,0.00013949808340096848,0.0003405069591083665,0.0005977119311421086,0.0010211730818376896,0.001792064228306689
12046,38.125,36.625,0.16734266301644427,0.19065270151120534,0.0019113241047519149,0.0020373733713495213,5.2329065129974595e-06,5.578008731244033e-06,3.662977054619265e-05,3.9045407727256176e-05,0.0001569752842303096,0.0001673267279741486,0.0004708519328395777,0.0005018961939057265
13044,38.375,36.125,0.08479228858300807,0.10153442043436516,0.0009684651967672956,0.0010850280265041205,2.65150968603578e-06,2.9706404240936735e-06,1.8560420162239133e-05,2.079429765056151e-05,7.95422323872641e-05,8.911537408184955e-05,0.00023860771676476045,0.0002673222983036183
21008,40.375,27.125,0.6519833132193962,0.7688114996488772,0.007446704862882421,0.008215756003225865,2.038775893720146e-05,2.2493261063072367e-05,0.00014270558398199462,0.0001574422029575473,0.0006114519901064819,0.0006745777912361417,0.0018332345783166337,0.00202236851508919
10007,37.625,26.875,1.2818280209546757,2.243720450452016,0.014640551013320263,0.02397708641036287,4.0082840777388995e-05,6.564353027094239e-05,0.00028054614837857983,0.0004594142312616123,0.0012017865988628307,0.001967432609257913,0.0036010286592306207,0.005890693070078279
14058,38.625,39.625,0.940162592887619,1.7354822923950757,0.010738178739247062,0.018545897230659164,2.9399098951610192e-05,5.077461025682073e-05,0.0002057755431033037,0.00035536813709735604,0.0008815970981391752,0.0015221173824229162,0.002642460339276287,0.004559405149795692
10044,37.625,36.125,1.077380477206975,1.3718782804680898,0.012305429105502275,0.014660312994275523,3.3689861246410935e-05,4.013694396232115e-05,0.00023580519492116814,0.0002809247795393377,0.0010102022646665265,0.001203407807507828,0.0030275462990732027,0.0036058805942335015
17003,39.375,25.875,1.6041198684695352,2.4991770922631433,0.01832164563567396,0.026706974607251466,5.016067383656342e-05,7.311703826939908e-05,0.0003510718833155124,0.0005117070134392776,0.0015037262267884044,0.0021911871802587912,0.004504398502884199,0.006559168157549311
5026,36.375,31.625,0.6601616052713325,0.7013083251674311,0.007540114197076122,0.00749439633152997,2.0643494509697824e-05,2.051832839156109e-05,0.00014449551264439364,0.00014361945800556164,0.0006191194940705635,0.0006153667510307992,0.0018562087926817794,0.0018449644574024537
10006,37.625,26.625,0.9405730648066816,1.7171049941997243,0.01074286699303176,0.018349511773313006,2.9411934313494648e-05,5.023696333350536e-05,0.0002058653747855077,0.0003516057489699742,0.0008819818307660432,0.0015060115822508324,0.0026436125025351975,0.004511233949835769
7027,36.875,31.875,0.27045867512044514,0.29274964828829103,0.0030890758864413207,0.0031284127272618125,8.457393083305398e-06,8.565090567236311e-06,5.9200249526547566e-05,5.99540934161924e-05,0.0002536906804919692,0.00025692080762951264,0.0007608789809191441,0.0007705644149431645
23027,40.875,31.875,0.29949864257556164,0.8919729586260051,0.0034207593244700383,0.009531897211336725,9.365484752610342e-06,2.6096571761446974e-05,6.555655133899663e-05,0.00018266170130010195,0.00028092639106236383,0.0007826009764778652,0.0008425424364459921,0.0023459660158836604
14054,38.625,38.625,0.46480490548827885,0.689178815051881,0.00530882444352749,0.0073647766580553515,1.4534663552168148e-05,2.016345628508276e-05,0.00010173820858760951,0.0001411356564181565,0.0004359480224781498,0.0006047268660693828,0.0013072739982517012,0.0018130837356059581
12000,38.125,25.125,0.31950757765963567,0.4277987197580283,0.0036492937534509428,0.004571588616493835,9.99117186328835e-06,1.2516249163208037e-05,6.993610678396323e-05,8.76104544247358e-05,0.00029969173671806626,0.00037541933728180155,0.0008988057916597958,0.001125835245720519
13059,38.375,39.875,0.5459263957656482,0.960055362844648,0.00623536318138239,0.01025944671004847,1.707134827710899e-05,2.8088439762985473e-05,0.00011949331806404562,0.0001966025109474412,0.0005120136960535815,0.0008423100850513121,0.0015352547483143963,0.0025248023939231645
28001,42.125,25.375,0.10430399023037741,0.12148100267131483,0.0011913204149831067,0.0012981833354867532,3.2616522166462047e-06,3.554225950663792e-06,2.2831342112117348e-05,2.4879316372961036e-05,9.784493894837709e-05,0.00010662128355398703,0.00029350609688549856,0.0003198297475798251
23,35.125,30.875,0.24222193351013882,0.3069774882019147,0.0027665665878165795,0.0032804557979451677,7.5744178240633175e-06,8.981358155968344e-06,5.301971997573318e-05,6.286781315612e-05,0.00022720757975069894,0.0002694056584332527,0.0006814678811283281,0.000807999256626557
30065,42.625,41.375,0.05123039610630022,0.10463823402841482,0.0005851340549321732,0.0011181963326231806,1.602008449674841e-06,3.061450023156276e-06,1.1214005252724313e-05,2.1429953341312036e-05,4.805913710892451e-05,9.183942378510057e-05,0.00014417048239567798,0.0002754929686906715
30067,42.625,41.875,0.03156981689489101,0.06337488385632321,0.0003605784139330924,0.0006772434891181065,9.872094071106119e-07,1.854189900729608e-06,6.91044538358998e-06,1.297925710708192e-05,2.9615858274101292e-05,5.5624201509618665e-05,8.884494355110295e-05,0.0001668633225455629
13070,38.375,42.625,0.4285547411549766,1.0572971753014753,0.004894788885334836,0.011298602608238876,1.3401111806810029e-05,3.0933409596700656e-05,9.380401134650995e-05,0.00021651377382025938,0.0004019552424141537,0.0009275861670632324,0.001205381088134727,0.00278017805100772
14027,38.625,31.875,0.27809790168868054,0.40929561832620504,0.0031763282201758137,0.004373858787093225,8.696274904962387e-06,1.1974901023337203e-05,6.087233622875665e-05,8.382129586015363e-05,0.00026085535285857997,0.00035918465943096667,0.0007823619397803183,0.001077166983773803
11052,37.875,38.125,0.5412860252306329,0.6683193575495053,0.006182362638073934,0.007141866083385947,1.692624316451674e-05,1.955317251223221e-05,0.00011847768586947804,0.0001368641789895042,0.0005076626881186375,0.0005864288936623385,0.0015222150309769367,0.0017582551861173856
11023,37.875,30.875,0.5016065731760151,1.042872746600227,0.005729159062797459,0.011144458729343325,1.5685459631598064e-05,3.0511399622068502e-05,0.00010979305084957147,0.00021356024849294997,0.0004704567799787007,0.0009149371426649955,0.0014107064553167126,0.0027423008639728685
11020,37.875,30.125,0.6119588069324458,1.7570532296641954,0.006989560209701388,0.018776410896811292,1.9136189822632765e-05,5.140569003558859e-05,0.0001339456389346516,0.00035978434155903294,0.0005739264288396884,0.0015410217453329933,0.0017207913009282816,0.004615944651478632
7025,36.875,31.375,0.5921705626243225,0.6273255725619317,0.0067635464266344895,0.006703793896301822,1.851740945857383e-05,1.8353818962313362e-05,0.00012961466564909152,0.00012846965883683836,0.0005553731504474024,0.0005504680587079536,0.0016651943046324114,0.001650495297673138
29037,42.375,34.375,0.019575090730486154,0.019575092754408083,0.000223579224158799,0.00020918545818341834,6.121263674829791e-07,5.727184073656133e-07,4.284876703786189e-06,4.009021963291559e-06,1.8363628031980994e-05,1.71814095382139e-05,5.5089872433744524e-05,5.1543343017268484e-05
24040,41.125,35.125,0.1361739821487478,0.3381144866304022,0.0015553273136055114,0.0036131953340708795,4.258245043464726e-06,9.892340759876106e-06,2.980733452118134e-05,6.92443303268453e-05,0.00012773946391386737,0.0002967276583212275,0.00038316944171412626,0.0008899188591799945
15003,38.875,25.875,2.1832901440694314,3.7250393490475053,0.02493670773971799,0.03980691548990452,6.827065436643132e-05,0.00010897945621490823,0.0004777967131743832,0.0007626068318405954,0.0020460934385193585,0.003264222650413484,0.006125729386447509,0.009760737283486476
20016,40.125,29.125,0.597923764531885,0.796259392768729,0.006829257305660887,0.008509072626062953,1.869731269288355e-05,2.329629982400494e-05,0.0001308738476994975,0.00016306270214139218,0.0005607673358880572,0.0006986529638948191,0.00168135880398812,0.002094494884816167
22070,40.625,42.625,0.22316175524825788,0.2811528974483727,0.002548868497585868,0.003004486283166625,6.978397273260661e-06,8.225801303218816e-06,4.884775826630161e-05,5.757918820192831e-05,0.00020933073593576434,0.00024674460759976924,0.0006278607589090823,0.0007400511891175743
18060,39.625,40.125,0.6716796671744951,1.459998808692654,0.007671669109366338,0.015601996045451325,2.1003664729679627e-05,4.271502484121115e-05,0.00014701638919922821,0.00029896686057584443,0.0006299180775427571,0.0012806573721623193,0.0018885640922245983,0.0038370539669569936
2019,35.625,29.875,0.5194603367651378,0.6173013068458637,0.005933077944529843,0.006596671511592008,1.6243750189381956e-05,1.8060539196951275e-05,0.00011370071042804408,0.00012641692474035793,0.00048719774423400253,0.0005416743101854804,0.0014608812634180346,0.0016241428563147364
20031,40.125,32.875,0.3585497927722428,0.5715791336975758,0.004095219051295058,0.006108070315206239,1.1212035847751878e-05,1.67228452919721e-05,7.848161107870677e-05,0.00011705404448314471,0.0003363063974133329,0.000501563728448895,0.0010085799242981475,0.001503936613001966
15027,38.875,31.875,0.21772986973633107,0.2878743521871349,0.0024868275719423082,0.003076313814551909,6.808539647074063e-06,8.422452729583974e-06,4.765880406021328e-05,5.8955679436034636e-05,0.00020423602574182187,0.0002526427264092357,0.000612582948682161,0.0007577367103117627
9024,37.375,31.125,0.4612022850808176,0.5156165604403564,0.005267676686578175,0.005510037055552928,1.442200876455857e-05,1.5085545501669628e-05,0.0001009496935756582,0.00010559403958465552,0.00043256979757722025,0.00045246738443527335,0.0012971481237832316,0.0013567880657361364
16,35.125,29.125,0.26794679534735205,0.3912635606134281,0.0030603861532196154,0.004181162675664192,8.378845535839119e-06,1.1447334001490894e-05,5.8650444465069285e-05,8.012858619221852e-05,0.0002513348292642048,0.00034336302310056244,0.0007538149960800711,0.0010297354152867255
21022,40.375,30.625,0.1804806525726733,0.726306725947483,0.002061381213167429,0.007761536926296771,5.6437382510710066e-06,2.124970420480654e-05,3.950549887654642e-05,0.00014873844722129714,0.00016929829273781838,0.000637294740877925,0.0005078088973301531,0.0019106660477072879
2014,35.625,28.625,0.6632752579486182,0.8964992869580347,0.007575677151009374,0.009580266947199712,2.0740858556411723e-05,2.6228997416111177e-05,0.00014517697635940685,0.00018358853537825404,0.0006220386632128649,0.0007865707329995919,0.001864955434029758,0.0023578566050910243
4035,36.125,33.875,0.0738900825018684,0.08175356489784315,0.000843944354907575,0.0008736437239834816,2.310591046938981e-06,2.3919032967611997e-06,1.6174025213699927e-05,1.674320293265641e-05,6.93154090674053e-05,7.175461023622987e-05,0.00020793181365741376,0.00021524838490583065
3000,35.875,25.125,0.3473740670061893,0.6303968019811237,0.003967574171861916,0.0067366139979126004,1.0862567071279194e-05,1.8443673850176978e-05,7.60354916414796e-05,0.0001290985736194239,0.00032582568936023737,0.0005531622674128656,0.0009771586155316037,0.001658569006017463
6022,36.625,30.625,0.48046962375746854,0.5422113243724934,0.005487740884095356,0.0057942368776544685,1.5024502830085495e-05,1.5863630167589626e-05,0.00010516677948013697,0.0001110401265629335,0.0004506369036489932,0.00047579945141307256,0.0013513015816026819,0.0014267193065992112
1027,35.375,31.875,0.4257436095858636,0.5136072965860603,0.004862681212175919,0.005488565444396569,1.3313206962850543e-05,1.5026760319281074e-05,9.318872675112555e-05,0.00010518258047964579,0.00039931911841972756,0.0004507045988191294,0.0011974790516580125,0.0013515044841048152
20032,40.125,33.125,0.3633669626680819,0.5747750457592496,0.0041502389295056605,0.006142222813859641,1.1362670364278848e-05,1.6816348169301776e-05,7.953598128562778e-05,0.00011770849877068557,0.00034082395391399345,0.0005043674509229712,0.0010221234184298877,0.0015123393214964143
12023,38.125,30.875,0.5088771472095419,1.2351641754448648,0.0058122007878134985,0.013199344044691403,1.591281189172733e-05,3.613718151873613e-05,0.00011138436581403788,0.00025293284846894526,0.00047727422346188764,0.0010835475724003674,0.0014311394070509742,0.00324712176334252
10048,37.625,37.125,0.45922374202739413,0.8251042187734178,0.0052450785220567574,0.008817317303097908,1.4360139252378445e-05,2.4140207739220543e-05,0.00010051664438481822,0.00016896921692433065,0.00043071448667775236,0.0007239527931919287,0.0012915869950299586,0.00217028643606465
15001,38.875,25.375,0.9961378397416916,1.5354897501301132,0.011377506670649197,0.016408715450126246,3.1149430440247095e-05,4.4923605415525536e-05,0.0002180256381122403,0.0003144228603452204,0.0009340609610385409,0.0013468306437512956,0.00279956628841882,0.004035052515992232
13025,38.375,31.375,0.3948721707239259,1.1537385797492485,0.00451007940590851,0.012329205100414391,1.2347848216243129e-05,3.375495417756724e-05,8.643173572275842e-05,0.0002362607532536698,0.00037036912995902505,0.0010121531437758957,0.001110695920804483,0.003033387106272656
16000,39.125,25.125,0.5145413241825072,0.6451741129022265,0.0058768948579738705,0.006894528884678775,1.6089931768492605e-05,1.8876013179625062e-05,0.00011262408592094264,0.0001321246101115836,0.0004825853545952219,0.0005661254305067143,0.001447057510300831,0.001697414978953149
3078,35.875,44.625,0.07047619813463363,0.07862918268073044,0.0008049522690621958,0.0008402556152359678,2.2038367749610543e-06,2.3004918514590855e-06,1.542675543053651e-05,1.610333182289203e-05,6.611299054359865e-05,6.901245345802831e-05,0.0001983258591371495,0.00020702307254660823
4078,36.125,44.625,0.08117581599379359,0.08839323163891262,0.0009271592254785455,0.0009445972436853513,2.5384203934386562e-06,2.586162963003069e-06,1.7768807439755285e-05,1.810300028870504e-05,7.614980891434975e-05,7.758197957696833e-05,0.00022843203080424868,0.00023272788230721542
3077,35.875,44.375,0.06232266760940531,0.0692416370314007,0.0007118257515872825,0.000739937416874911,1.948870795187574e-06,2.0258361872471653e-06,1.3642015806891727e-05,1.4180767126559246e-05,5.846447171464764e-05,6.077330040477058e-05,0.0001753831610604717,0.00018230882125658265
2077,35.625,44.375,0.05830188015827906,0.07153870319143417,0.0006659018500734979,0.000764484571935314,1.823138242484923e-06,2.093042496653652e-06,1.2761897896895746e-05,1.4651205479165874e-05,5.46927014309917e-05,6.278936927572865e-05,0.00016406913058175654,0.0001883562805600203
5003,36.375,25.875,0.6831078851345734,0.8710620127038062,0.007802197858387799,0.009308436415586532,2.1361025397959033e-05,2.5484785224683115e-05,0.0001495175959655981,0.00017837985819257884,0.0006406323138749004,0.0007642611026192903,0.0019206659752617483,0.0022910314691599876
5022,36.375,30.625,0.5404950532000358,0.6118380530626759,0.006173328457064658,0.006538289502364947,1.6901509343303367e-05,1.7900700841066985e-05,0.00011830456669059686,0.00012529817695150491,0.0005069210373553901,0.0005368816592536962,0.0015199923355149192,0.001609780406764738
23061,40.875,40.375,0.05414850066918385,0.05737620086253713,0.0006184635328470667,0.000613139718765874,1.6932594366636522e-06,1.6786836526394566e-06,1.1852755847030494e-05,1.1750726391146493e-05,5.079653591877342e-05,5.035928377805643e-05,0.00015238186702337675,0.00015107024328941954
5045,36.375,36.375,0.31905471982018513,0.3962682620471533,0.0036441213838413907,0.004234644453534658,9.977010828499111e-06,1.1593757442196484e-05,6.983698547824435e-05,8.11534794306068e-05,0.000299267028661232,0.00034775425897570766,0.0008975324305229293,0.001042900019908255
13053,38.375,38.375,0.49240653017789016,0.6672693941763786,0.0056240796787951726,0.007130645852042017,1.5397772428538126e-05,1.9522453793219263e-05,0.0001077794282083877,0.00013664917316247305,0.00046183005292010915,0.000585507854102385,0.0013848503962693437,0.001755495304688992
10026,37.625,31.625,0.12155858470510206,0.1424724444709451,0.0013883958154983936,0.0015225043349260735,3.801213351639632e-06,4.168381004032717e-06,2.6608190029975276e-05,2.9178302147547797e-05,0.00011403011536148533,0.00012504387211687007,0.0003420513389655877,0.0003750847103960453
18079,39.625,44.875,0.07507743246755078,0.09186751389304545,0.0008575058135892864,0.0009817244917810538,2.347720210793547e-06,2.687811560431186e-06,1.643392572847624e-05,1.8814529212485276e-05,7.042920874800185e-05,8.063120430679138e-05,0.000211272745773039,0.00024187410927123398
16032,39.125,33.125,0.39034737376393247,1.5217870290909088,0.0044583988999164804,0.016262283961146456,1.2206356439281585e-05,4.4522715778039235e-05,8.544136624089038e-05,0.00031161738581864107,0.00036612588767770404,0.0013348195431382992,0.0010979755676148173,0.003999115778082318
19062,39.875,40.625,0.6541738366109418,1.706469320370311,0.007471724186017446,0.0182358556935688,2.045625671187601e-05,4.9925805530204315e-05,0.00014318500965537773,0.00034942829875916903,0.0006135057066838367,0.0014966903960433875,0.001839388183212054,0.004483354294414599
21007,40.375,26.875,0.43124670781242025,0.5595614519592362,0.004925535502299184,0.0059796456741444,1.348529032463297e-05,1.637124360542863e-05,9.439321344439922e-05,0.00011459307702177401,0.00040447961361678164,0.0004910207383126419,0.0012129480957512317,0.0014723390292272764
26013,41.625,28.375,0.042599794569817884,0.042754858127124984,0.00048655861422960354,0.00045689155597363243,1.3321239976660237e-06,1.2509001238170114e-06,9.324830718138166e-06,8.756268006782086e-06,3.996294800878708e-05,3.7526323054648536e-05,0.00011988405297846949,0.00011257474454196004
4043,36.125,35.875,0.5841715164829048,0.7366883961759155,0.006672184370900906,0.007872478645485037,1.8267278383055086e-05,2.1553439577548517e-05,0.0001278639413316851,0.0001508643218270933,0.000547873219580497,0.0006464011483910959,0.0016427193279996422,0.0019379502119281078
23018,40.875,29.625,0.34594552247229393,0.9280276951911123,0.003951257880767172,0.009917189208809176,1.0817895985115733e-05,2.715141567510848e-05,7.572281437606687e-05,0.00019004442923953313,0.00032448597800438517,0.0008142218697763104,0.0009731420947288738,0.0024406772773635232
1078,35.375,44.625,0.0644356072993348,0.09010736925280625,0.0007359589432579111,0.0009629150451205974,2.0149437420791116e-06,2.636314239135018e-06,1.4104520934976605e-05,1.8454053721472796e-05,6.0446546196746276e-05,7.908640393217148e-05,0.0001813286774563494,0.00023724044831341384
20015,40.125,28.875,0.5477224241294505,0.7071504517951237,0.006255876732694862,0.0075568270924316885,1.7127510359316034e-05,2.0689250977756757e-05,0.0001198864123073129,0.00014481576820679631,0.0005136977232257367,0.0006204913656608912,0.001540301649181841,0.0018603193072730395
12051,38.125,37.875,0.35823524295374987,0.4396623268495007,0.004091626383176877,0.004698366768519646,1.1202199768689525e-05,1.2863344421853995e-05,7.84127631553444e-05,9.003993624956408e-05,0.00033601141093198006,0.00038582836374889684,0.0010076955597280168,0.0011570385581035625
5077,36.375,44.375,0.09262558758484299,0.10284590812362672,0.00105793415185656,0.0010990429870778482,2.8964616556326206e-06,3.009011180221677e-06,2.0275055411023146e-05,2.1062888125089607e-05,8.689020033969541e-05,9.026639696152472e-05,0.0002606479519543514,0.0002707747475527711
15048,38.875,37.125,0.17406178092615732,0.19811191019033722,0.0019880673081407777,0.0021170847681130727,5.443016831141456e-06,5.796245400535582e-06,3.8100495668880185e-05,4.057301228466148e-05,0.00016327761809253882,0.00017387274834546051,0.0004897528798887274,0.0005215275550948251
3076,35.875,44.125,0.055118803691791445,0.061417010981660594,0.0006295459640848275,0.0006563210577667169,1.723601427916499e-06,1.796907510231982e-06,1.206514760865307e-05,1.2578284765085712e-05,5.170675055909957e-05,5.3905820767585766e-05,0.0001551122310512465,0.0001617087449468091
15009,38.875,27.375,1.363347422779712,1.9717593413009507,0.015571634545185882,0.02107082640232152,4.26319031310296e-05,5.768711468556731e-05,0.00029838515756674955,0.0004037399256501262,0.0012781668049840489,0.0017291666252737814,0.003829601371962421,0.00517853499440557
9026,37.375,31.625,0.1893618108349001,0.20773469010409135,0.002162818417277434,0.00221991675213029,5.921456574298212e-06,6.077782357394312e-06,4.1449459690534596e-05,4.2543700781383365e-05,0.00017762844538427025,0.00018231740297758314,0.0005327906861635201,0.0005468524960866583
5021,36.375,30.375,0.4165984475835831,0.47190794534921954,0.0047582286579871385,0.005042953359495182,1.3027235221452216e-05,1.3806758510592765e-05,9.118708274158394e-05,9.664330650804853e-05,0.00039074324226595625,0.0004141198434399751,0.0011717717456125598,0.0012418451156054333
22044,40.625,36.125,0.3178392322876807,0.3812468620886249,0.0036302385485976795,0.004074121156286243,9.939002075576298e-06,1.1154273605207266e-05,6.957094010417997e-05,7.807730251097045e-05,0.00029812709531573667,0.00033457409203963007,0.000894114673149704,0.001003386494101699
8070,37.125,42.625,0.26370026946160957,0.43907720107382764,0.0030118839533587525,0.004692113934624311,8.246054853611184e-06,1.2846225315721327e-05,5.7720956048723515e-05,8.992011174890902e-05,0.0002473520690050579,0.0003853149819845747,0.000741872673010846,0.001155499600254628
19036,39.875,34.125,0.21570043840642128,0.24431268157901495,0.0024636481809258396,0.0026108004124076097,6.745078363179502e-06,7.147956417430379e-06,4.7214593135613825e-05,5.003462197561426e-05,0.00020233256134671862,0.0002144164684272365,0.0006068748769273435,0.0006431114918736824
3042,35.875,35.625,0.28442764930030995,0.35077039637356466,0.0032486241844507115,0.00374844027577136,8.894208726739627e-06,1.0262617498479898e-05,6.22577998662388e-05,7.183611077976604e-05,0.0002667918531372715,0.0003078327145703552,0.0008001620447226632,0.0009232138899409881
8074,37.125,43.625,0.1879783758193791,0.3099688730613481,0.002147017349905491,0.0033124226560476712,5.878195864728042e-06,9.068877853679602e-06,4.1146645443523866e-05,6.348041786619074e-05,0.00017633084613133398,0.00027203056226032807,0.0005288992661747205,0.0008158697050310026
20009,40.125,27.375,0.6182519031938195,0.7283493950406056,0.007061437556225423,0.007783365516103363,1.9332975487174053e-05,2.1309466354924034e-05,0.00013532297962071116,0.00014915672886250952,0.0005798267066356999,0.0006390864993177647,0.0017384717178150488,0.0019160344643156524
19000,39.875,25.125,0.5340280640729336,0.8668051231330567,0.0060994649725174795,0.009262945985146915,1.669928554148825e-05,2.5360242380201292e-05,0.0001168891427644203,0.00017750819125261774,0.0005008572783790077,0.0007605275708908454,0.00150181938674121,0.00227984794600522
16002,39.125,25.625,1.3200337533638973,2.128275522758104,0.01507692232459951,0.02274340642745886,4.127751171401073e-05,6.226611457449405e-05,0.00028890680396698176,0.00043578139202082866,0.0012375844695369231,0.001866297891922275,0.003708160458156362,0.005588450972744852
30014,42.625,28.625,0.030085884945574473,0.030085884998730633,0.00034362950889348825,0.00032150701492312834,9.40805878868467e-07,8.802378465011529e-07,6.585622564503346e-06,6.161648654079421e-06,2.8223791343484628e-05,2.640679835064219e-05,8.466898430570247e-05,7.921830311330424e-05
12001,38.125,25.375,0.43302742585837156,0.5882647403884099,0.0049458741849975636,0.006286377837141451,1.3540973850645344e-05,1.7211016398399615e-05,9.478296652398743e-05,0.00012047089436628688,0.00040614946488037873,0.0005162016573457828,0.0012179535894750737,0.0015478057171335324
17067,39.375,41.875,0.3954962699128187,0.5638047658990856,0.004517207628932963,0.006024991031219327,1.2367363986021118e-05,1.6495390386839226e-05,8.656833598297276e-05,0.000115462018808965,0.00037095439327439195,0.0004947433672376489,0.0011124504093834586,0.0014834959098135592
11028,37.875,32.125,0.17087235610221696,0.21420703207964556,0.0019516389136333212,0.0022890821879554255,5.343281860525906e-06,6.267145831517773e-06,3.740237346505637e-05,4.386919600940509e-05,0.00016028603689699494,0.00018799729039742363,0.0004807810399681811,0.0005638858488929976
18067,39.625,41.875,0.3788696979665722,0.5037544557699805,0.004327305262331266,0.00538327495886077,1.1847445937074319e-05,1.4738494970800708e-05,8.292917401642175e-05,0.00010316490321959915,0.0003553623274045181,0.0004420603700135972,0.0010657081799383405,0.001325594944314945
15012,38.875,28.125,1.094481662383802,1.6498585723381984,0.0125007523234977,0.01763089583903443,3.4224608913335786e-05,4.826959703629896e-05,0.0002395476659954321,0.00033783825415589774,0.0010262289042433093,0.0014470748375614573,0.003075528356206725,0.004334945466139772
4076,36.125,44.125,0.06571477734719776,0.07362138560907201,0.0007505691359158162,0.0007867407564270076,2.0549441881456687e-06,2.1539764794020755e-06,1.4384520638732745e-05,1.5077737924529266e-05,6.164648876405554e-05,6.461727619144764e-05,0.0001849280656576191,0.00019383930266703153
10041,37.625,35.375,0.4369443358518818,0.6093134409478937,0.00499061163778929,0.006511310721288816,1.366345665487767e-05,1.782683828355225e-05,9.564027618269577e-05,0.00012478119446390767,0.0004098224998322353,0.0005346669301745655,0.0012289637048840119,0.001603143337189472
12058,38.125,39.625,0.40267663451342955,0.7358321945022289,0.0045992190161947165,0.007863329011219973,1.259189612512479e-05,2.152838978375371e-05,8.813994327272479e-05,0.00015068899593251306,0.0003776879200640959,0.0006456501238846224,0.0011326358695737948,0.0019357000485547005
3005,35.875,26.375,1.2454088234647,1.527172333273742,0.014224584822848736,0.016319832976983906,3.8944032415333396e-05,4.46802693688797e-05,0.00027257637958366665,0.0003127199658483626,0.0011676614748146186,0.0013395400410812774,0.003498895716513295,0.004013239424306092
8045,37.125,36.375,0.9728047911425509,1.2428121011814248,0.011111005484275085,0.013281072129938652,3.0419812419024694e-05,3.636093271019991e-05,0.00021291925525401822,0.0002544987661877718,0.0009121919530657996,0.0010902530553543732,0.0027340803357494003,0.0032671945068202257
34,35.125,33.625,0.29409014652754256,0.30855837715351997,0.003358985544367002,0.0032973496632171047,9.196358929819404e-06,9.027610621714643e-06,6.43727365027269e-05,6.319156292533545e-05,0.00027585398179019727,0.0002707928701171092,0.0008273336801039033,0.0008121586438726291
4000,36.125,25.125,0.3362880234052303,0.6983608640102754,0.003840953607930998,0.007462898855611313,1.0515902566288204e-05,2.043209476798591e-05,7.360899573660706e-05,0.00014301589679432958,0.00031542897758063404,0.0006127812780011288,0.0009459884778061367,0.001837217561419191
16052,39.125,38.125,0.26855812600238543,0.382351722045436,0.0030673685389177815,0.004085928029397584,8.397962105610723e-06,1.118659870102956e-05,5.878425371896867e-05,7.830356301607999e-05,0.00025190818686415817,0.00033554353081699517,0.000755534203374264,0.0010062928618462808
11040,37.875,35.125,0.2153911036097297,0.24852461995050393,0.002460115076798669,0.002655810480514788,6.7354053164825345e-06,7.271186379331773e-06,4.71468845468781e-05,5.089719439566043e-05,0.00020204242666277406,0.0002181125944252793,0.0006060048248093253,0.0006541950743406133
1026,35.375,31.625,0.5542773723075032,0.6738048913708983,0.006330744851991378,0.007200486183949726,1.7332484566923156e-05,1.9713662449682978e-05,0.00012132108343521075,0.00013798747621751595,0.0005198438776107261,0.00059124085119866,0.001558721060342494,0.0017726740630411575
5004,36.375,26.125,0.6749121000262781,0.7991468621032368,0.007708588725172843,0.008539929010924452,2.1104743000655013e-05,2.3380778029991056e-05,0.0001477238477199938,0.00016365396678064137,0.0006329485747527119,0.0007011855953430457,0.0018976441061375748,0.002102082147057649
26009,41.625,27.375,0.07765617163588787,0.07995105418791938,0.0008869591893361889,0.0008543815404798549,2.4283589662443816e-06,2.339166437215212e-06,1.6998388928546326e-05,1.637405015553206e-05,7.284820388109292e-05,7.017261298047917e-05,0.00021852869144733944,0.0002105030667000074
4064,36.125,41.125,0.24068462844120186,0.26409885401437566,0.0027490080753508864,0.002822241532943552,7.526345599861983e-06,7.726846350197825e-06,5.2683229650463126e-05,5.4086670680408844e-05,0.00022576572876942258,0.00023177942107210914,0.0006771442873226841,0.0006951771105678795
7065,36.875,41.375,0.04972723393200694,0.05685830232342307,0.0005679655095935843,0.0006076052957847774,1.555003608433303e-06,1.6635312536372737e-06,1.0884974480762644e-05,1.164466066172487e-05,4.6649056424041824e-05,4.990473383725824e-05,0.00013994064097033743,0.000149706730188659
21012,40.375,28.125,0.42267231630825985,0.6072310594311763,0.004827602071158127,0.006489057752316849,1.3217166782930612e-05,1.7765914059220123e-05,9.251649899810754e-05,0.00012435477042893606,0.00039643902119079755,0.000532840146489022,0.0011888456341858644,0.001597668834885213
17029,39.375,32.375,0.1774902724842263,0.3017080341835163,0.002027226231751499,0.0032241447925749935,5.550227531680996e-06,8.827188398341512e-06,3.8850945822566096e-05,6.178868250794611e-05,0.0001664934264598017,0.0002647817598661062,0.0004993971238113071,0.0007941349700207878
8026,37.125,31.625,0.3161580639143236,0.3355766419355869,0.0036110368843106223,0.0035860751455770727,9.886431304950705e-06,9.81809046229909e-06,6.920296659673753e-05,6.872460897611177e-05,0.0002965504255096896,0.0002945007859285198,0.0008893874761438658,0.0008832421911891819
27031,41.875,32.875,0.06925283195691642,0.08173345561689083,0.0007909794469362605,0.000873428830026016,2.1655813565724102e-06,2.3913149506116227e-06,1.5158971011453026e-05,1.673908456845119e-05,6.496540069900192e-05,7.173696107487526e-05,0.00019488354086116821,0.000215195445019023
19054,39.875,38.625,0.6410898527553459,0.8768874665262315,0.007322283910127204,0.009370689005766264,2.004711982073193e-05,2.5655219169640198e-05,0.00014032139940001187,0.00017957271278279396,0.0006012388064776664,0.0007693703308668809,0.0018026321724662342,0.002306335655896663
22030,40.625,32.625,0.43575070438071495,0.8912984056703791,0.0049769784341464895,0.009524688731108205,1.3626131486921267e-05,2.607683653299553e-05,9.537902139611365e-05,0.00018252357632242422,0.0004087031877928471,0.0007820093673610584,0.001225608516760457,0.0023441939643602527
20007,40.125,26.875,0.4200178543662104,0.5345901984151711,0.004797283818755947,0.005712795183085894,1.313416102544096e-05,1.564065847237117e-05,9.193550462738287e-05,0.0001094794722062975,0.00039394979977003253,0.0004691133555676519,0.0011813838711155489,0.0014066799679182118
5013,36.375,28.375,1.264510813887798,1.5981123188138269,0.014442760475645773,0.017077919468062527,3.954134135719656e-05,4.675570217627101e-05,0.00027675655779269004,0.00032724401080197474,0.0011855603614624455,0.0014017205285170586,0.0035524660906435246,0.004199269878360279
19068,39.875,42.125,0.47976147848620504,0.6211963029696993,0.005479652718757034,0.006638294637418766,1.5002358972782126e-05,1.8174495040157446e-05,0.00010501178644117815,0.0001272145289333837,0.000449972877102911,0.0005450911897368904,0.001349311295646971,0.0016343823579550998
26,35.125,31.625,0.318881514327505,0.3809520089889531,0.0036421430967311726,0.004070970265430935,9.971594627566915e-06,1.1145647032417827e-05,6.979907434090382e-05,7.801692054099085e-05,0.0002991045896275635,0.0003343153785236863,0.0008970454049750387,0.001002610872619325
26074,41.625,43.625,0.2558367111053254,0.28946675224263646,0.0029220693874580515,0.0030933306910183754,8.000157971088662e-06,8.469042004688454e-06,5.5999761762293154e-05,5.92817878362073e-05,0.00023997690011146044,0.00025404006237528254,0.0007197579474165217,0.0007619265944608378
20068,40.125,42.125,0.5275397705613003,0.6937916176034451,0.0060253581574115705,0.007414070484008808,1.649639550704851e-05,2.0298412694907952e-05,0.00011546905395376506,0.00014208023662054536,0.0004947735064206871,0.0006087731836812438,0.0014835862379151132,0.0018252079622903539
19057,39.875,39.375,0.6058174408978522,0.8483886729311706,0.006919415867986986,0.009066142137424349,1.894414873804262e-05,2.4821436330202395e-05,0.0001326015049077922,0.00017373711666923697,0.0005681683766038947,0.000744375146874865,0.0017035368673126161,0.0022314635700007024
8044,37.125,36.125,1.098130231513022,1.4383688149885674,0.01254242488923096,0.015370851284082318,3.4338698268965295e-05,4.208221180590499e-05,0.0002403461272294516,0.0002945382960859444,0.0010296481838241167,0.0012616963096986344,0.003085765116932704,0.0037803153048283633
28000,42.125,25.125,0.09568062553355902,0.10826512924102691,0.0010928276307044435,0.0011569544497035023,2.991994512924201e-06,3.16756363405446e-06,2.0943773598625093e-05,2.2172734736813915e-05,8.975594136217957e-05,9.502254459592407e-05,0.00026924365642255754,0.00028504054679368007
6025,36.625,31.375,0.6374955911039767,0.6721039205578785,0.007281231623703554,0.007182309086995841,1.9934727032988597e-05,1.9663897250277174e-05,0.00013953474424766021,0.00013763916097220275,0.000597868977043059,0.0005897487474226804,0.001792534802894763,0.001768203036629501
20002,40.125,25.625,1.081030090751027,1.8298039435502726,0.012347113600143612,0.019553847387578514,3.38039833214232e-05,5.353408346131516e-05,0.0002366038877069654,0.0003746784057390151,0.0010136225778972774,0.001604776460843893,0.003037786482927407,0.00480660759285656
18032,39.625,33.125,0.4928530769220954,1.8175535288458506,0.005629179965480667,0.01942293569050345,1.54117360373629e-05,5.3175685891804214e-05,0.00010787716443594331,0.0003721704257797498,0.00046224877408251874,0.0015940411577020086,0.0013861053992305639,0.004774504621874898
17021,39.375,30.375,0.12812817652218378,0.14970690541815815,0.0014634311888576388,0.0015998140083431777,4.00664820565666e-06,4.380042449625421e-06,2.8046200324260973e-05,3.0659894269868815e-05,0.00012019246327688027,0.00013139292845321116,0.0003605340528822776,0.00039412699532304085
25074,41.375,43.625,0.3574649443284676,0.39455673516585754,0.004082828325922256,0.004216354551190442,1.117811227024923e-05,1.1543682997938731e-05,7.824416198687345e-05,8.0802982650785e-05,0.00033528902044455133,0.0003462525295558905,0.0010055298428446324,0.0010383979577376357
6024,36.625,31.125,0.6748850491839824,0.7155487203547031,0.007708279760764117,0.007646573571726782,2.1103897120067217e-05,2.09349583328855e-05,0.00014771792730550182,0.0001465355049294903,0.000632923213861214,0.0006278581387046955,0.001897568119743509,0.0018823920460923071
22054,40.625,38.625,0.05514967405809289,0.06152361849867318,0.0006298985536407178,0.0006574602984626289,1.7245667638388085e-06,1.800026575571323e-06,1.2071904890276208e-05,1.2600117987426884e-05,5.1735709189038026e-05,5.399938785022318e-05,0.00015519909795469466,0.00016198941590639393
15072,38.875,43.125,0.5680723636440819,5.540215853547878,0.006488305984288261,0.05920444956760028,1.7763855867047873e-05,0.0001620798124981615,0.00012434036461972386,0.0011340071693082265,0.0005327784325276363,0.004850984251231316,0.0015974838902391708,0.014482470762672062
10003,37.625,25.875,0.18214306344732864,0.22676019083583313,0.0020803686364548085,0.002423229101025401,5.6957226881593215e-06,6.63441769377382e-06,3.98693775571779e-05,4.643999954134781e-05,0.000170857569448013,0.00019901338525774026,0.0005124851364045613,0.0005969213446729293
10071,37.625,42.875,0.3350175403923273,0.44529765024998197,0.003826442635274846,0.004758587566568021,1.0476174105433778e-05,1.3028217846766665e-05,7.333091402339509e-05,9.119396058132612e-05,0.0003142374864825159,0.000390772709890963,0.0009424162548833381,0.0011718600794128342
22046,40.625,36.625,0.35921090418306756,0.39946530807599284,0.004102770013809093,0.004268809070109753,1.1232709024366905e-05,1.1687293975715107e-05,7.862631357147265e-05,8.180818943659407e-05,0.0003369263909029918,0.0003505594078682117,0.0010104386527779452,0.0010513095909902015
20020,40.125,30.125,0.15074018665497832,0.24131445693930204,0.0017216969487341728,0.002578760462310621,4.713738236628018e-06,7.060236437927969e-06,3.299570105397276e-05,4.942060829238315e-05,0.00014140248211536033,0.00021178541114974525,0.00042414746518748547,0.0006352216837673952
31064,42.875,41.125,0.041382224999717374,0.05581099302005414,0.0004726519987461578,0.0005964134266460908,1.2940498095304065e-06,1.6328896363937417e-06,9.05831350084263e-06,1.143017146232328e-05,3.8820765858815776e-05,4.898552925780564e-05,0.00011645777647917299,0.00014694938914461275
15052,38.875,38.125,0.20404092448268504,0.34489921071757346,0.002330477657579156,0.0036856989811610515,6.380479733891775e-06,1.009084294378848e-05,4.4662503225101347e-05,7.06337623153086e-05,0.00019139668399315024,0.0003026809985621215,0.0005740801609188662,0.0009077681760560896
22003,40.625,25.875,0.9098481956407127,1.715895524043445,0.01039193924995829,0.018336587003454967,2.8451174312937866e-05,5.020157901924893e-05,0.00019914122214126362,0.0003513581333935978,0.0008531832037208531,0.0015049515977041406,0.00255736646747573,0.004508063563711917
4072,36.125,43.125,0.043196199580850976,0.06035897121600691,0.000493370524911761,0.0006450145196097162,1.3507739676787978e-06,1.765951950893907e-06,9.455379457512514e-06,1.2361598166421572e-05,4.052242534369199e-05,5.297720196517641e-05,0.00012156234989668668,0.00015892318629262547
18054,39.625,38.625,0.7474722358687921,1.117709499114992,0.008537342936322467,0.011944187270105152,2.337369790905708e-05,3.2700867834023484e-05,0.000163604412885765,0.00022888361978046223,0.0007009733356668768,0.0009805610111239815,0.0021014462605813966,0.0029387994764916714
5078,36.375,44.625,0.1013963163258614,0.1093680242673851,0.0011581100720718467,0.0011687403249640421,3.1707275456316353e-06,3.1998314992121024e-06,2.219488169685757e-05,2.2398605478035627e-05,9.511745322043907e-05,9.599049117758884e-05,0.00028532521853208426,0.00028794383189412187
22013,40.625,28.375,0.40456103037397384,0.5832662856169609,0.004620741867368653,0.006232962813024174,1.2650821736404083e-05,1.7064776538844306e-05,8.855239131644321e-05,0.00011944732060731322,0.0003794550414797371,0.0005118166414684877,0.0011379332206900017,0.0015346641896556434
2022,35.625,30.625,0.46730696837924707,0.5154239778077011,0.005337402052063831,0.005507979058344149,1.4612903640021102e-05,1.507991109739315e-05,0.000102285841312999,0.00010555460232364311,0.0004382942332921136,0.00045229842622540595,0.001314306478568561,0.0013562816496054397
12014,38.125,28.625,0.5337970786455588,1.444813805266144,0.0060968267450193046,0.015439724431255474,1.6692062588807843e-05,4.227076825313869e-05,0.00011683858716060591,0.00029585785724040026,0.0005006406946904685,0.0012673460883941834,0.0015011702862368637,0.003797221802427697
23069,40.875,42.375,0.16938597426657678,0.2086163685805315,0.0019346620269260427,0.0022293386393406616,5.296801925180894e-06,6.103577921634518e-06,3.7077024302889505e-05,4.272426313223221e-05,0.00015889185394968308,0.00018309113322734216,0.00047659982599679296,0.0005491728387305717
22066,40.625,41.625,0.09567842643486392,0.10839246409271625,0.0010928025134374604,0.001158315189068957,2.991925745821078e-06,3.1712891236379548e-06,2.0943292237340927e-05,2.219881266773971e-05,8.975387852749872e-05,9.513429900975812e-05,0.00026923746902929313,0.00028537574628573203
15039,38.875,34.875,0.0636342429814398,0.07618071506108831,0.0007268060655047329,0.0008140905376402683,1.9898845786681107e-06,2.2288559353711435e-06,1.3929108898858011e-05,1.560188722427025e-05,5.969481494960682e-05,6.686351711360228e-05,0.00017907375464887298,0.0002005771394500977
11072,37.875,43.125,0.3806427925205371,0.5755073690072849,0.004347556872410308,0.0061500486451903326,1.1902891165260776e-05,1.6837773767264252e-05,8.331726296062492e-05,0.00011785846281453516,0.00035702511151802785,0.0005050099052738011,0.0010706929792724251,0.001514264739603477
27012,41.875,28.125,0.03198980748118766,0.03199364924214844,0.00036537538630635266,0.00034189397003859916,1.0003427886040583e-06,9.36054236899686e-07,7.002378506260065e-06,6.552361258127526e-06,3.000984836543097e-05,2.8081245963984536e-05,9.00268433502438e-05,8.424137224505301e-05
16043,39.125,35.875,0.28048258646909474,0.44734010050715045,0.003203565180678784,0.004780413817826341,8.77084498751568e-06,1.3087974085723708e-05,6.139429945373198e-05,9.161222148179604e-05,0.0002630918888041345,0.0003925647183179448,0.0007890680325971511,0.0011772318942766535
18031,39.625,32.875,0.40369800391055666,1.3599751840812668,0.004610884708095371,0.01453311284750134,1.2623834646174892e-05,3.978870285759051e-05,8.836349600838123e-05,0.00027848767624927273,0.0003786457254293385,0.0011929726751218617,0.0011355071128194005,0.003574650171774274
5029,36.375,32.375,0.13922368485608722,0.1475905093735287,0.0015901598553602235,0.0015771975496705263,4.3536109346486995e-06,4.318122229673982e-06,3.047487851315367e-05,3.0226464041049894e-05,0.00013060008341647666,0.00012953555613015588,0.00039174908333150515,0.0003885563321829322
14052,38.625,38.125,0.17356161191363836,0.2902117623427656,0.0019823545683477968,0.003101292097950237,5.42737628705936e-06,8.49083896414804e-06,3.799101543033867e-05,5.9434358788967856e-05,0.00016280847572125445,0.000254693810368134,0.0004883459116798994,0.0007638868408150756
13019,38.375,29.875,0.375734516188547,1.1374784782935974,0.004291496411216415,0.012155444658214528,1.174940780257483e-05,3.3279239959216333e-05,8.224295565462114e-05,0.0002329314233405766,0.0003524221895285784,0.0009978955824847535,0.0010568940081580047,0.0029907003543737654
18034,39.625,33.625,0.23297862711986295,0.5702879507305658,0.00266099306584146,0.006094272337135775,7.285375421384188e-06,1.6685069117894358e-05,5.099651335271904e-05,0.00011678963776573514,0.00021853817584926993,0.0005004309920776384,0.000655471261181928,0.0015005418080229482
9047,37.375,36.875,0.6616708434715423,1.280349495291238,0.007557352140466505,0.013682208261674456,2.069068845111932e-05,3.745914304775777e-05,0.00014482582927177745,0.00026218453623827465,0.0006205344639964583,0.0011231641182618546,0.0018604484418711653,0.0033657092787446885
25061,41.375,40.375,0.03512106319708431,0.037019465039963485,0.00040113939543621433,0.00039560138249388144,1.0982592064667784e-06,1.0830969698893966e-06,7.687789115640165e-06,7.581654154265038e-06,3.2947251513704146e-05,3.2492398804095934e-05,9.883849801284317e-05,9.74740291787013e-05
19059,39.875,39.875,0.5877848435092222,0.9636194596141676,0.0067134544147693575,0.010297533743662863,1.838026753464561e-05,2.8192713443564443e-05,0.00012865477844103967,0.0001973323034785146,0.0005512610933552375,0.0008454357436137316,0.0016528717812086535,0.0025341635503365323
23070,40.875,42.625,0.14633549265890383,0.18712176760228014,0.0016713882130119145,0.0019996407262570706,4.576001064626745e-06,5.474702950092336e-06,3.203156772058069e-05,3.832229123679198e-05,0.00013727092352244785,0.00016422805118787576,0.000411756243234529,0.000492603245434653
12024,38.125,31.125,0.3790943967131469,1.008303980408103,0.0043298716857578705,0.010775046268035497,1.1854472338201916e-05,2.950003377177879e-05,8.297835532700137e-05,0.0002064819620091196,0.0003555730470058416,0.0008846225577459066,0.0010663398893980824,0.0026515206942961944
4079,36.125,44.875,0.06568644346662846,0.07633642220819083,0.0007502455171330319,0.0008157544720756103,2.05405816999793e-06,2.233411529384277e-06,1.4378318588414984e-05,1.5633775955592455e-05,6.161990980413368e-05,6.700017609229114e-05,0.0001848483386064359,0.00020098706150684098
21069,40.375,42.375,0.3972939484005627,0.5512333460851205,0.004537740027332057,0.005890648974872841,1.2423577932296759e-05,1.6127587881609173e-05,8.696180434253353e-05,0.00011288765323735905,0.0003726402055543865,0.00048371451037332314,0.0011175040862397845,0.0014504417051166563
33,35.125,33.375,0.24355896293993448,0.2536989798618841,0.002781837628278509,0.002711105281027252,7.616227336693093e-06,7.422574180182551e-06,5.331237322669935e-05,5.195686228909313e-05,0.0002284615888833441,0.0002226532609125309,0.0006852281944818017,0.0006678110703517426
10033,37.625,33.375,0.03605023774477829,0.040782251214336304,0.00041175207291198123,0.00043581167216186575,1.1273151014901117e-06,1.1931866178427342e-06,7.891179023000738e-06,8.35227642725922e-06,3.3818900235904614e-05,3.579497923456021e-05,0.00010145326959221102,0.00010738109390784345
2018,35.625,29.625,0.5854809183512342,0.7327830438303006,0.0066871398598875925,0.00783074484988904,1.8308223531438017e-05,2.1439181128624085e-05,0.00012815052592318743,0.00015006461583666475,0.0005491009227504007,0.0006429755311175844,0.0016463983983416863,0.0019276866065693898
14078,38.625,44.625,0.46559699009111005,0.6035761941254052,0.005317871331912703,0.006450000738223557,1.4559432222394086e-05,1.765898367644958e-05,0.00010191157414629615,0.0001236063372941354,0.0004366907691765176,0.0005296338823771451,0.0013095002943221967,0.0015880602595521598
78,35.125,44.625,0.04687412536542424,0.06686617614173551,0.0005353783911715007,0.0007145525116366201,1.4657850754273838e-06,1.9563362427810205e-06,1.0260450408972055e-05,1.3694273327646833e-05,4.3972617666532265e-05,5.868842246015138e-05,0.00013191205231144476,0.00017605493458960897
20073,40.125,43.375,0.13567424560818328,0.1579307779403057,0.0015496195133423325,0.0016876968379762613,4.242618004468568e-06,4.6206514410229715e-06,2.9697948037754607e-05,3.234411173203e-05,0.00012727071052665018,0.000138610256199434,0.0003817635401403008,0.00041577313285212636
9010,37.375,27.625,0.858762668827867,1.645235098388441,0.00980845983687074,0.017581487975239694,2.685373891686549e-05,4.813433219785779e-05,0.00018796102950635607,0.0003368916740952299,0.0008052985574791283,0.001443022561009144,0.0024139506773780406,0.0043228237455188445
1023,35.375,30.875,0.3692169589807739,0.45193425043950186,0.004217055357328727,0.0048295083161574315,1.1545601678486506e-05,1.3222385728317576e-05,8.081641248391946e-05,9.25530287181342e-05,0.0003463100707027378,0.00039659552953907884,0.0010385704616462377,0.0011893147869549425
18013,39.625,28.375,0.7689109877502606,1.1147879345886973,0.008782208187706805,0.011912966533544006,2.4044086535779385e-05,3.261539290744242e-05,0.00016829646575700075,0.0002282854125255085,0.0007210711711275186,0.0009779991907777896,0.002161654057397322,0.002931129060520843
77,35.125,44.375,0.03788658876422999,0.053925084520379654,0.0004327261742259951,0.0005762600287262994,1.1847389949082299e-06,1.577712728684233e-06,8.293143488713461e-06,1.1043936827936918e-05,3.554155928531255e-05,4.7330299083325755e-05,0.00010662088829360705,0.0001419841768842689
22067,40.625,41.875,0.15921815247215626,0.18884317624635494,0.0018185290424366774,0.0020180362281558084,4.9788487757052025e-06,5.525066812506196e-06,3.4851420866899296e-05,3.867482663966193e-05,0.00014935468058674406,0.000165738726091047,0.0004479971246300618,0.0004971337748500559
20029,40.125,32.375,0.19505711635266024,0.27144723659307735,0.0022278680258100278,0.0029007686079320786,6.09955162578224e-06,7.941840079905838e-06,4.269608009310755e-05,5.559155604772936e-05,0.000182970365723234,0.00023822776775328514,0.0005488106688309458,0.0007145130593719795
11047,37.875,36.875,0.25944798753674825,0.31951667659001687,0.0029633160102133177,0.0034144534193675576,8.113084159822037e-06,9.348220286975462e-06,5.679020687276992e-05,6.543570686357025e-05,0.00024336389433465833,0.0002804085976134685,0.0007299140194620968,0.0008409899279437916
10001,37.625,25.375,0.09501309684858798,0.10940285305756235,0.0010852033725314212,0.0011691125161215814,2.9711204938553948e-06,3.2008504997627085e-06,2.0797658079496628e-05,2.2405738345221415e-05,8.912977493613639e-05,9.602105835837538e-05,0.0002673654931659719,0.0002880355158293435
11043,37.875,35.875,0.4162018731815146,0.5485483185700716,0.004753699136343714,0.0058619559455208295,1.3014834228552985e-05,1.604903191243512e-05,9.110028257286462e-05,0.00011233781453212632,0.0003903713529348485,0.0004813589305858734,0.0011706569489137175,0.0014433817840314722
8048,37.125,37.125,0.6787788910910096,1.3549036318477556,0.007752753738665754,0.014478916681435703,2.12256576583858e-05,3.964032773451365e-05,0.0001485701428439734,0.0002774492978545595,0.0006365737886546707,0.0011885265451833105,0.0019085059453551878,0.0035613435284113093
8049,37.125,37.375,0.5493400354721945,1.020124920188933,0.006274352472806651,0.010901368464064668,1.7178093311254194e-05,2.9845874833123176e-05,0.00012024045653169502,0.00020890241846149848,0.0005152144571193285,0.0008949888652461935,0.001544847170309005,0.0026825642974224184
12050,38.125,37.625,0.2786205543631733,0.3216091071950392,0.0031822977597849265,0.003436813775986049,8.712618471462541e-06,9.40943903271485e-06,6.0986735219037413e-05,6.586421397003495e-05,0.00026134553609957756,0.0002822446605337259,0.0007838317216813939,0.0008464950179403186
13073,38.375,43.375,0.5606813281110354,3.456696711388975,0.006403888393945496,0.03693932358048145,1.753273717985948e-05,0.0001011292422343768,0.00012272270511315408,0.0007076899622395771,0.0005258484196341007,0.0030294326644851877,0.001576715854626931,0.009060793409153556
8079,37.125,44.875,0.11896001960597657,0.14142804653248064,0.0013587159955278133,0.0015113435775276542,3.7199547388011567e-06,4.137824642591603e-06,2.603939257406207e-05,2.8964412946863582e-05,0.00011159262281534854,0.00012412729167099457,0.00033474051109527725,0.00037233565417194026
26073,41.625,43.375,0.1770627681660282,0.2115901144325206,0.0020223434403967492,0.0022611170015877217,5.53685925164249e-06,6.190581800846751e-06,3.875737097469578e-05,4.333326782501867e-05,0.0001660924425269661,0.00018570078435231618,0.0004981945720645697,0.0005569989051167346
18038,39.625,34.625,0.06043200112703053,0.06591142524665411,0.0006902312797612047,0.0007043497500995819,1.8897484670432618e-06,1.928402658335493e-06,1.3228164275291832e-05,1.3498740515260899e-05,5.669090058812998e-05,5.7850462129249713e-05,0.00017006306037181673,0.0001735413465535629
23015,40.875,28.875,0.4398084704339987,0.9511106847251946,0.005023324691157609,0.010163861130240696,1.3753018886064616e-05,2.7826748024595283e-05,9.626716023747317e-05,0.0001947709760402594,0.00041250829883776596,0.0008344656955634466,0.0012370144774170866,0.0025013086687650787
9009,37.375,27.375,0.7896143244761625,1.3894594528493078,0.009018673807529787,0.014848190806457976,2.469147834327501e-05,4.065130460029209e-05,0.0001728275458785511,0.0002845244314531037,0.000740479205345812,0.0012188205607477354,0.0022197930936883603,0.0036520069221518403
24060,41.125,40.125,0.06123567543682909,0.06137415562553077,0.0006994105413613197,0.0006558630922581952,1.9148798677814938e-06,1.795653671199382e-06,1.340408207284316e-05,1.256950798678158e-05,5.744480102010119e-05,5.3868207557705716e-05,0.0001723245035342158,0.00016159591747810786
22011,40.625,27.875,0.7714255849202005,1.0772571996440568,0.008810928957999403,0.011511901563694136,2.4122717825592055e-05,3.151737207474081e-05,0.00016884680525453,0.00022060074537932906,0.0007234284628500065,0.000945089184361092,0.00216871572093269,0.0028325888165317004
11002,37.875,25.625,0.2578914410626249,0.3168265154805264,0.0029455377297525473,0.0033857055308473744,8.064410274344347e-06,9.26951359037087e-06,5.644950621019884e-05,6.488479075927867e-05,0.00024190402026103008,0.00027804803405739875,0.0007255365222735843,0.0008339121915403869
17045,39.375,36.375,0.22716082775672283,0.2812526246052828,0.0025945443793024664,0.0030055519982195907,7.103450141543455e-06,8.228719048042343e-06,4.972309136397346e-05,5.759961140727743e-05,0.00021308155603350087,0.00024683211906151303,0.0006391084665265945,0.0007403135939380023
11057,37.875,39.375,0.2410743255047237,0.39920593750979877,0.002753459046655121,0.004266037356513843,7.538531603401566e-06,1.1679705526179696e-05,5.276852781976871e-05,8.175507401309012e-05,0.00022613122902515048,0.00035033183150179337,0.0006782402926405195,0.0010506273403259048
21041,40.375,35.375,0.3396345168974368,0.714830992297164,0.003879175980891689,0.007638903709088016,1.0620548614337366e-05,2.0913959832835616e-05,7.434147162477256e-05,0.00014638853388204698,0.00031856739700886205,0.0006272285658530663,0.0009553977677970726,0.0018805056972994727
13026,38.375,31.625,0.3140504815766267,0.6807854570893968,0.0035869648822749326,0.007275082654910239,9.820526404635821e-06,1.9917892409293536e-05,6.874165956827216e-05,0.000139416915970747,0.0002945738433935974,0.0005973642300970416,0.0008834612344945647,0.0017910223713868412
24,35.125,31.125,0.3092673300407817,0.3774592626069603,0.0035323335488041414,0.004033645703989401,9.670955423035643e-06,1.1043459086201857e-05,6.76947239177661e-05,7.730165253305721e-05,0.0002900879819527358,0.00033125072632977925,0.0008700115171575984,0.000993423034205465
30006,42.625,26.625,0.08874163853494652,0.09949078679342734,0.0010135731663978432,0.001063189129243092,2.7750082410848975e-06,2.9108489578710817e-06,1.9424895974284873e-05,2.037576477187386e-05,8.324689752781111e-05,8.732178306214422e-05,0.00024971990302269376,0.0002619424745710086
25006,41.375,26.625,0.03504685302843177,0.050526927571904884,0.0004002917951793129,0.0005399462790463248,1.0959386059772314e-06,1.4782912524102798e-06,7.671545019127812e-06,1.0347992874804035e-05,3.287763571413471e-05,4.434778696071895e-05,9.86296643611384e-05,0.0001330374607907414
1052,35.375,38.125,0.04192184702092188,0.04441347469655078,0.00047881535576457557,0.00047461604246158603,1.310924139463765e-06,1.299427061174363e-06,9.17643288700365e-06,9.095953969584514e-06,3.9326976634335153e-05,3.898207734220893e-05,0.00011797629013043931,0.00011694167327891414
2041,35.625,35.375,0.08999160308844625,0.10623150471042539,0.0010278497850324754,0.0011352225128721369,2.8140953833855065e-06,3.10806502035188e-06,1.969850138305862e-05,2.175625228240108e-05,8.441941677062026e-05,9.323774860403589e-05,0.00025323687099976233,0.00027968716678938854
25044,41.375,36.125,0.10526633205748431,0.11325040769917818,0.0012023119164807235,0.001210228667686733,3.29174520907749e-06,3.3134200210227505e-06,2.3041988917671397e-05,2.3193709594804268e-05,9.874764293793525e-05,9.939782502188521e-05,0.00029621367648580144,0.0002981638362649086
11048,37.875,37.125,0.2894232917300475,0.3596386072863382,0.003305682507908493,0.003843208703503993,9.050424500944843e-06,1.052207661655924e-05,6.335125141876397e-05,7.365221136068634e-05,0.0002714771071080646,0.00031561414259440035,0.0008142102418731145,0.000946543622361129
22063,40.625,40.875,0.0743511205680487,0.14644823575429514,0.0008492101559484728,0.0015649908626622926,2.3250079910219767e-06,4.284702285861641e-06,1.6274942419070015e-05,2.999253047142325e-05,6.974788832003753e-05,0.00012853308287119614,0.00020922907099574228,0.0003855496884770382
18040,39.625,35.125,0.07552254085991544,0.07733354963435439,0.000862589671968368,0.0008264100822495292,2.3616390236735896e-06,2.262584934520362e-06,1.6531356042182033e-05,1.5837987036970702e-05,7.084674462198848e-05,6.787532119156836e-05,0.00021252517643788327,0.00020361214270969707
29073,42.375,43.375,0.5264269889371296,1.2095797422289671,0.006012648389900619,0.012925940927179972,1.6461598633443764e-05,3.53886713481133e-05,0.00011522549992137865,0.0002476944014685456,0.0004937300989722448,0.0010611155445803266,0.0014804591090410435,0.003179969929924309
10049,37.625,37.375,0.4780350601854514,0.7506915924755805,0.005459934227048849,0.00802212110545847,1.4948373493139933e-05,2.1963129389956926e-05,0.0001046339220378556,0.00015373177614064204,0.00044835401592169255,0.0006586840898193946,0.0013444590739228879,0.001974750961047267
10050,37.625,37.625,0.39808246855249263,0.5225528635485664,0.00454674620391787,0.005584160522654419,1.2448235193418533e-05,1.5288481412412125e-05,8.713439229135478e-05,0.00010701446152094896,0.00037337965665851236,0.00045855278099504737,0.0011197207849251711,0.0013750276274464568
13024,38.375,31.125,0.49271610661812537,1.4928657908764582,0.005627615542882783,0.015953222719750332,1.5407452947702183e-05,4.3676589530528e-05,0.00010784718558043416,0.00030569606909602864,0.0004621203388015527,0.0013094681987478873,0.0013857204494701625,0.003923262720707199
11001,37.875,25.375,0.1922573447879573,0.23350913714108032,0.002195890102290968,0.0024953504157405253,6.012001372845965e-06,6.831873762602747e-06,4.208325059029683e-05,4.782213618448328e-05,0.0001803443193582055,0.00020493591076398143,0.0005409353917195103,0.00061468174471635
14,35.125,28.625,0.3873015817098454,0.5842289344566446,0.0044236110241524474,0.006243249974424909,1.2111113584345468e-05,1.7092940770790932e-05,8.47747148918776e-05,0.00011964445002898838,0.00036326960934474073,0.0005126611500447797,0.0010894129815458564,0.0015371951205084278
5041,36.375,35.375,0.27315428530307967,0.3216757249948968,0.003119864118361461,0.0034375256742723665,8.541685951768407e-06,9.411388085744932e-06,5.979026951596911e-05,6.587785657030665e-05,0.00025621884331039624,0.00028230311616717074,0.0007684596024644108,0.0008466702858513919
6041,36.625,35.375,0.26937718673274297,0.4205411436069243,0.003076723538348108,0.004494031926902779,8.423574482718799e-06,1.2303913154654289e-05,5.896353131140675e-05,8.612421303633155e-05,0.00025267637078507654,0.0003690515491715507,0.0007578375924421898,0.0011067461006414314
13014,38.375,28.625,0.3356982691264628,0.7470188800225805,0.0038342176593774715,0.00798287337126402,1.0497460738001507e-05,2.1855677304283283e-05,7.347991107642393e-05,0.00015297971041217107,0.00031487589128065263,0.0006554625747839937,0.0009443302645801843,0.001965099112398394
20070,40.125,42.625,0.3704409515437121,0.47852209264695605,0.004231035333787874,0.005113634170581406,1.1583876325382825e-05,1.4000269334291104e-05,8.108431642206426e-05,9.7997769278102e-05,0.0003474579250788423,0.0004199228278900513,0.0010420116361549159,0.0012592395521733302
5017,36.375,29.375,0.9000492741887709,1.265278839469332,0.01028001970455326,0.013521158601129676,2.814476396850729e-05,3.7018229527507884e-05,0.0001969967138775175,0.0002590988311320652,0.000843998433987414,0.0011099509897749549,0.0025298589031006458,0.003326158363175624
6019,36.625,29.875,0.44327489172753126,0.6742112303584423,0.005062916833747709,0.007204828447271469,1.3861414768112645e-05,1.972555068430193e-05,9.702586855520057e-05,0.0001380706840142798,0.00041575887347056195,0.0005915972943382197,0.0012467581259550942,0.0017737421279903076
16023,39.125,30.875,0.20383302085548038,0.37277327866221366,0.0023281030616035766,0.003983569839173832,6.37397848579635e-06,1.0906360344953292e-05,4.4616996230373296e-05,7.634202453776773e-05,0.00019120168261999027,0.00032713907293380196,0.0005734953805998089,0.0009810961938927498
21078,40.375,44.625,0.07395367735201297,0.0757523682898945,0.0008446707110431138,0.0008095130923776713,2.3125796970724366e-06,2.216323601089698e-06,1.618794557145531e-05,1.5514162054253156e-05,6.937506457183051e-05,6.648757131821892e-05,0.00020811075535054346,0.00019944945245720103
22065,40.625,41.375,0.07315983885110183,0.09512670158443388,0.00083560379030263,0.0010165531732633072,2.287755878072062e-06,2.783167032616163e-06,1.6014181236756464e-05,1.9482006562321352e-05,6.863039967663909e-05,8.349164154630717e-05,0.00020587706895802693,0.0002504540126583299
7076,36.875,44.125,0.12583178599672684,0.16950947491070273,0.0014372026916763883,0.0018114303528723294,3.93483877914047e-06,4.9594137194741705e-06,2.7543546314290346e-05,3.471537952937087e-05,0.0001180384285366376,0.00014877171291438618,0.00035407348804283867,0.00044624874296828043
5037,36.375,34.375,0.11230233795897777,0.14585510554391562,0.0012826744937117294,0.0015586524909172736,3.5117652059657445e-06,4.267348843955965e-06,2.4582097461034458e-05,2.9871059494923635e-05,0.0001053475917199842,0.00012801254416860974,0.00031600948198395873,0.00038398847296927663
6026,36.625,31.625,0.5069977602035173,0.5411165548970551,0.005790735145866475,0.005782537834528698,1.585404310056049e-05,1.5831600440829874e-05,0.00011097302347873317,0.00011081593979334059,0.00047551197164552583,0.0004748390011176662,0.0014258576875498807,0.0014238406941851078
24066,41.125,41.625,0.0300250628550083,0.03180031081908091,0.00034293482216085804,0.00033982789622115925,9.389039320462089e-07,9.30397640375169e-07,6.572309011798616e-06,6.5127653039454e-06,2.816673449368423e-05,2.7911552660131456e-05,8.449782340869127e-05,8.37323208378038e-05
30077,42.625,44.375,0.1369501754776726,0.22290062642768782,0.0015641926979180333,0.002381984609403542,4.282517039211342e-06,6.521497172728985e-06,2.9977234138334197e-05,4.564958709041278e-05,0.00012846753361628327,0.00019562641579062845,0.0003853530912473202,0.0005867644457746568
28066,42.125,41.625,0.03929009951122101,0.07315976063625604,0.0004487565389497756,0.0007818076900727921,1.228627688587558e-06,2.1404705088379217e-06,8.600362120469995e-06,1.4983197348383825e-05,3.685817402265812e-05,6.421212230300899e-05,0.00011057044654305681,0.0001926239975836852
12079,38.125,44.875,0.1613659783467507,0.2030446992474479,0.0018430606908096856,0.0021697980682225436,5.046012431897395e-06,5.940565703799194e-06,3.532155232077727e-05,4.1583218836960256e-05,0.00015136929740366956,0.00017820162067461176,0.0004540391576866032,0.0005345096002300487
23076,40.875,44.125,0.15471344820254543,0.18499907461533002,0.0017670780274947197,0.001976956976523221,4.837984265426698e-06,5.412598566123528e-06,3.38653983339432e-05,3.788757474776361e-05,0.00014512934677235467,0.0001623652137707765,0.0004353248557918965,0.00048701655820460044
23077,40.875,44.375,0.10511191510552473,0.13133960845736845,0.0012005482249202895,0.0014035354272637348,3.286916500644388e-06,3.842663191200302e-06,2.3008188625661674e-05,2.68983322534444e-05,9.860279550244488e-05,0.00011527347273165844,0.00029577921993206857,0.0003457805558062521
27077,41.875,44.375,0.09838206183193805,0.12659080273484208,0.00112368240629766,0.0013527882296205961,3.0764700281737944e-06,3.703725460435514e-06,2.153509144053878e-05,2.592579015592289e-05,9.22899838344815e-05,0.00011110579687245714,0.0002768443999661141,0.0003332803584945587
6020,36.625,30.125,0.39734451240892943,0.47545737682130557,0.004538317550160259,0.005080883675233367,1.2425159084061832e-05,1.391060461619631e-05,8.697287157921618e-05,9.737016880428939e-05,0.0003726876230168985,0.00041723397477322344,0.001117646232622449,0.0012511797443843786
14057,38.625,39.375,1.0338933239121786,1.8889663464679987,0.01180873541818347,0.020186075010550544,3.2330032932903485e-05,5.526493419405476e-05,0.00022628828186155303,0.000386790406793347,0.0009694464496571298,0.001656620128221542,0.0029055207808263983,0.004961631760329155
19011,39.875,27.875,0.5654671814910449,0.8028909617387548,0.006458550586850372,0.00857993961049435,1.7682391472595427e-05,2.349031851422989e-05,0.00012377017449549665,0.00016442064235733245,0.0005303357564910849,0.0007044695771925014,0.0015901636505895045,0.0021119202490342825
2001,35.625,25.375,0.6709053328903103,0.8371755608688658,0.007662824958354154,0.008946315375229975,2.097945127210732e-05,2.4493376624357133e-05,0.00014684691634314628,0.00017144103844934921,0.0006291921158892988,0.0007345403907874637,0.001886388948597939,0.002202002919926338
9045,37.375,36.375,1.213489186108188,1.524756822598107,0.013860010892957074,0.016294020087422204,3.7945921768200996e-05,4.4609600684086814e-05,0.00026559121653735307,0.0003122254175494943,0.0011377515213750744,0.0013374227236694347,0.003409372601347105,0.0040069044646303675
21067,40.375,41.875,0.3190392104057775,0.39533886028468646,0.0036439442412223265,0.004224712580620578,9.976525843224948e-06,1.1566565771059523e-05,6.983359078494011e-05,8.096315095695861e-05,0.00029925248331363896,0.00034693878274472123,0.0008974888205931508,0.001040455290437059
29016,42.375,29.125,0.017927010771850223,0.01792701077569727,0.00020475548313114575,0.00019157354756997713,5.605898035776491e-07,5.244996504893962e-07,3.9241220252117515e-06,3.67149177615822e-06,1.681755740312596e-05,1.5734869845851485e-05,5.045182372331869e-05,4.7203866783140924e-05
24075,41.125,43.875,0.37523465920791155,0.42814291318003944,0.004285787235332659,0.004575266773199933,1.1733777114386612e-05,1.2526319281391807e-05,8.213354854558208e-05,8.768093995603632e-05,0.0003519534285280068,0.0003757213311462726,0.0010554887155334036,0.0011267405469220781
6068,36.625,42.125,0.12122537532419297,0.13711477754770807,0.0013845900249714533,0.0014652506593398312,3.790793704605555e-06,4.011629624378621e-06,2.653525416196345e-05,2.8081069416541204e-05,0.00011371756035971625,0.00012034188846454796,0.0003411138874990227,0.00036098222062608265
13012,38.375,28.125,0.3530738436278101,0.5623857196857824,0.004032674847638389,0.006009826667196254,1.1040801055739458e-05,1.6453873304844713e-05,7.728304755239002e-05,0.00011517142796102497,0.0003311710109463739,0.0004934984497022565,0.0009931840464446617,0.0014797648471340796
6046,36.625,36.625,0.2960269172556464,0.32655056850689784,0.003381106601312528,0.003489619750475442,9.2569225241812e-06,9.55401254076893e-06,6.479665819436597e-05,6.687617095357812e-05,0.0002776704035292177,0.00028658067333064974,0.0008327799294373106,0.0008594956580812996
5053,36.375,38.375,0.055205080594203364,0.05921852883378433,0.0006305313859748034,0.0006328274017630691,1.7262993613487154e-06,1.7325854990701828e-06,1.2084032947279333e-05,1.2128035455027941e-05,5.17876845136378e-05,5.197625918851312e-05,0.00015535500778707245,0.00015592067311143154
11027,37.875,31.875,0.14488127833352918,0.18396164237266138,0.0016547787313444036,0.0019658706566911973,4.5305269892326194e-06,5.382246040519512e-06,3.171325788897672e-05,3.7675113948809624e-05,0.00013590688138720441,0.000161454780518544,0.0004076652346305387,0.0004842861428258072
5039,36.375,34.875,0.13304189523545487,0.1564145011458144,0.001519553810855848,0.0016714934380757873,4.1603029430348215e-06,4.576289153845892e-06,2.9121757133432347e-05,3.203358428960357e-05,0.00012480155955163497,0.0001372795650517178,0.0003743579543108444,0.0004117821607052541
15042,38.875,35.625,0.3142845297216499,0.4953454499067763,0.003589638090966558,0.0052934137374387,9.827845179333217e-06,1.4492471950733332e-05,6.879288797090322e-05,0.00010144289309532706,0.0002947933440868855,0.00043468280707192886,0.0008841193485320531,0.0013034816559204243
19023,39.875,30.875,0.0931333124389401,0.14472590538780608,0.001063733191591706,0.0015465855109545162,2.912338515015378e-06,4.234311393847001e-06,2.0386191490029404e-05,2.9639803242109686e-05,8.736646600493447e-05,0.00012702154283661393,0.00026207649998355453,0.00038101622714226124
16041,39.125,35.375,0.14374611628813372,0.21920728730495176,0.0016418133431938,0.0023425164522760463,4.495029851336874e-06,6.413439946562072e-06,3.146478465121394e-05,4.4893215858543556e-05,0.00013484210660541507,0.00019238530695497857,0.0004044717750868454,0.0005770448916665449
3002,35.875,25.625,0.6782209165852078,0.8367300390379745,0.007746380766564363,0.008941554392000166,2.120820978190885e-05,2.4480342081911743e-05,0.0001484480232557539,0.00017134981005639816,0.0006360506743301464,0.0007341496320996121,0.00190693859893043,0.002200832364940619
7043,36.875,35.875,0.6803126736666866,0.9998975299923986,0.00777027201855623,0.010685212354910904,2.1273619075556915e-05,2.925408914733474e-05,0.00014890582996185397,0.00020476065307128977,0.0006380117447628564,0.0008772505022921484,0.0019128143170377143,0.0026294434766495067
31006,42.875,26.625,0.046876276159472485,0.0502998087256094,0.0005354029567212217,0.0005375192172428137,1.465852332183104e-06,1.4716463291319926e-06,1.0260921201821205e-05,1.0301478823637744e-05,4.397463528216239e-05,4.414844778943827e-05,0.00013191810462576115,0.0001324394961979003
30030,42.625,32.625,0.010949085250197476,0.011563343504227755,0.00012505627785802374,0.0001235694430372205,3.423853701667312e-07,3.383146396362946e-07,2.3966951293585836e-06,2.3682000740432585e-06,1.027151011079308e-05,1.0149389401137299e-05,3.081421382156169e-05,3.044785917416526e-05
3027,35.875,31.875,0.5755034044740813,0.6530036374876796,0.006573180499882517,0.0069781975910453145,1.7996225471605953e-05,1.9105081263015578e-05,0.0001259667773580997,0.00013372790399845957,0.0005397459069097499,0.0005729936894024457,0.0016183639010389772,0.0017179962910293112
30004,42.625,26.125,0.08113345295407402,0.10225605282327092,0.000926675370987963,0.0010927396120279874,2.5370956754366958e-06,2.9917535315782118e-06,1.7759534554739886e-05,2.0942086759845324e-05,7.611007029784123e-05,8.974871255096328e-05,0.00022831283310620343,0.00026922197388157265
13015,38.375,28.875,0.374703508841425,0.9264057156543216,0.004279720638324974,0.009899856236913486,1.1717167871849732e-05,2.7103961871666193e-05,8.201729202639285e-05,0.0001897123066791906,0.0003514553206546145,0.0008127993752105045,0.0010539954428485654,0.0024364167341284215
24027,41.125,31.875,0.20235182962707088,0.4862210763898272,0.00231118546003339,0.005195907877378352,6.327660911242816e-06,1.4225519288313393e-05,4.429278556228322e-05,9.957438544538899e-05,0.00018981241127313808,0.0004266775613867013,0.0005693291544038859,0.0012794866006140548
12062,38.125,40.625,0.13406887359949,0.1633568277567851,0.001531283566238348,0.0017456812741792876,4.192417128900949e-06,4.779403429244766e-06,2.934655080155668e-05,3.3455344311650315e-05,0.00012576486845028434,0.0001433721667462029,0.0003772471569335467,0.00043005483645119913
1000,35.375,25.125,0.5001964223244513,0.5817557267763802,0.005713052857330504,0.006216820516936778,1.5641363934948416e-05,1.7020582093962844e-05,0.00010948440998104214,0.00011913799112606149,0.00046913450984797933,0.0005104914632436675,0.0014067433712294797,0.0015306927181637509
26011,41.625,27.875,0.06401187135435267,0.06446430306964461,0.0007311191928255029,0.0006888853576983274,2.0016932541500054e-06,1.8860635402351278e-06,1.4011768637245403e-05,1.3202370079623549e-05,6.00490547102428e-05,5.6580358835711664e-05,0.00018013634668045952,0.00016973147267707045
2013,35.625,28.375,0.8228997555464836,1.0911081601529344,0.009398847312570228,0.011659917185212842,2.5732310431236805e-05,3.192260390627588e-05,0.0001801122684275125,0.0002234368283769994,0.0007716813460703076,0.0009572349613361508,0.0023132580214413334,0.0028689568648081476
29005,42.375,26.375,0.15856260219860557,0.20336124893025392,0.0018110415971126417,0.0021731808154343384,4.958349369532655e-06,5.9498271057778496e-06,3.4707929301158735e-05,4.1648046338882416e-05,0.00014873978700635782,0.00017847941483739582,0.00044615299373707007,0.0005353426854929344
26010,41.625,27.625,0.08022031628359876,0.08094640659459314,0.0009162458720320345,0.0008650181822498986,2.5085413355441233e-06,2.3682879067843388e-06,1.7559657201071666e-05,1.6577897563263555e-05,7.525350277159948e-05,7.104619743403262e-05,0.0002257435194719104,0.0002131234499742618
27010,41.875,27.625,0.05714563279360229,0.05741357027574302,0.000652695633443938,0.0006135390598020366,1.7869816570925678e-06,1.6797769869514312e-06,1.2508804540733998e-05,1.175837965439186e-05,5.3608060650023326e-05,5.0392082210803935e-05,0.00016081556063163305,0.0001511686286745917
10024,37.625,31.125,0.30202482059020436,0.4375347771200018,0.0034496123667561314,0.00467563111814205,9.444479334264066e-06,1.2801098402404065e-05,6.610948220719948e-05,8.960424765958042e-05,0.00028329558223494367,0.0003839616779550692,0.0008496460002802575,0.001151442810761072
22032,40.625,33.125,0.6684435592512058,1.6008106160376756,0.007634707518294049,0.01710675430160163,2.09024715287498e-05,4.683464395371928e-05,0.00014630812584148778,0.0003277964481102069,0.0006268841256440449,0.0014040855700828692,0.001879473672166343,0.004206345109477594
18053,39.625,38.375,0.6506965061398372,0.9368886510503299,0.007432007442959776,0.010011880106809447,2.0347520414132347e-05,2.741065815214938e-05,0.00014242394874008912,0.0001918588295580781,0.0006102455472299928,0.0008219929934455417,0.0018296196700614553,0.0024639525182906796
28079,42.125,44.875,0.11056813521530794,0.1288336881729792,0.0012628670910640415,0.001376756392832695,3.4575356819832592e-06,3.7693464698396184e-06,2.4202498730030442e-05,2.63851269231008e-05,0.00010372087039789424,0.00011307421384332272,0.00031113033825280745,0.00033918428564216896
28030,42.125,32.625,0.06247430812750009,0.07855693134626031,0.0007135577317785092,0.0008394835152671392,1.9536126892871764e-06,2.298377961729159e-06,1.3675208676788841e-05,1.608853479950767e-05,5.860672048751958e-05,6.89490409974125e-05,0.00017580985742071675,0.00020683286140910084
24014,41.125,28.625,0.13811613179943258,0.19721160324070144,0.0015775098065542734,0.0021074638113120956,4.318977138817459e-06,5.769904808716753e-06,3.0232448249400967e-05,4.0388634539700874e-05,0.0001295612001901425,0.0001730826631068938,0.0003886332444316132,0.0005191581216809071
20035,40.125,33.875,0.27084596815602857,0.3331654969261594,0.0030934993998548753,0.0035603089088663844,8.469503900432329e-06,9.74754704097247e-06,5.9285020941879374e-05,6.82308340107518e-05,0.000254053915843655,0.0002923850836048514,0.0007619681337518447,0.0008768988086991225
10011,37.625,27.875,0.5463013304946637,0.8089838919351432,0.0062396455429294005,0.00864505053542338,1.708307254377761e-05,2.3668578307933785e-05,0.00011957537952234087,0.0001656682843863555,0.0005123652499070541,0.0007098137153676021,0.0015363083297784685,0.0021279299972006838
23014,40.875,28.625,0.3449913295296004,0.5829648775371322,0.003940359452720912,0.006229741873636035,1.0788058037669579e-05,1.7055958237865987e-05,7.551396228167029e-05,0.00011938559881874422,0.0003235911199727104,0.0005115522232932435,0.0009704592601630369,0.001533871746714155
16024,39.125,31.125,0.2573357176113177,0.4442557423351835,0.002939190468337477,0.004747453418327882,8.047032559743705e-06,1.2997734606945421e-05,5.632786808695833e-05,9.098059456236207e-05,0.00024138281059848943,0.0003898585577424285,0.0007239736488759974,0.001169119763396731
8035,37.125,33.875,0.06900675506963001,0.07699709547896039,0.0007881688505359473,0.0008228146297254046,2.1578863795834735e-06,2.2527411441819467e-06,1.5105106871526885e-05,1.576908143829936e-05,6.473456586253423e-05,6.758002681683806e-05,0.00019419112616680945,0.0002027263795790768
28029,42.125,32.375,0.06116791702819205,0.07948416597886049,0.0006986366306478582,0.0008493922295653293,1.912761019795539e-06,2.325506480271855e-06,1.3389250307138667e-05,1.627843179496935e-05,5.738123910792314e-05,6.976284198878524e-05,0.000172133839692723,0.00020927392574332515
21025,40.375,31.375,0.13878115045726114,0.6047770490461327,0.001585105396154115,0.0064628334430263295,4.339772639694317e-06,1.7694117086408667e-05,3.0378012974674462e-05,0.00012385224508104642,0.00013018498689554292,0.0005306873445051208,0.0003905041185003899,0.0015912172957995852
28077,42.125,44.375,0.1136321487214558,0.1658648732776808,0.0012978630853073647,0.0017724830195408922,3.5533491565820086e-06,4.852782255482246e-06,2.4873178945283847e-05,3.396898125274106e-05,0.00010659498244203203,0.0001455732240966956,0.0003197508610665034,0.00043665610068410743
7019,36.875,29.875,0.5619436594044057,1.1727484584546972,0.006418306260768639,0.01253235050753462,1.7572210454952497e-05,3.431111706186929e-05,0.0001229989889407479,0.00024015309853864242,0.0005270320152545027,0.0010288215708638138,0.001580262903918217,0.003083290380098247
31010,42.875,27.625,0.02167432706439967,0.021678284638479324,0.0002475559013208307,0.00023166081313763772,6.777708896343881e-07,6.34252538489477e-07,4.744386580379789e-06,4.439759321406278e-06,2.0332926861987843e-05,1.9027401164550817e-05,6.099754031052562e-05,5.708111737467991e-05
14046,38.625,36.625,0.1257520351452262,0.13972594095990096,0.0014362918078521438,0.0014931543541843086,3.9323449250172615e-06,4.0880254679187544e-06,2.752608974698756e-05,2.861582732682777e-05,0.0001179636214451163,0.00012263349461560935,0.00035384911972902167,0.00036785536876904334
20036,40.125,34.125,0.28699519780014837,0.35089197364488856,0.0032779497446479853,0.00374973948786326,8.974497017533167e-06,1.0266174510831227e-05,6.281978777444852e-05,7.18610083327853e-05,0.0002691998778656668,0.00030793939318074504,0.0008073822473827486,0.0009235337287336609
30007,42.625,26.875,0.053555983719092516,0.058224161673952404,0.0006116960301148295,0.0006222012886436232,1.6747310551679107e-06,1.7034928369019653e-06,1.1723058487178584e-05,1.1924388918949091e-05,5.0240711619187195e-05,5.1103522806461577e-05,0.0001507145625971873,0.00015330273384284165
24001,41.125,25.375,0.13546021926664795,0.16566993049060139,0.0015471749860576907,0.0017703998009964705,4.235925281870223e-06,4.8470787415988426e-06,2.9651100171279587e-05,3.392905781740563e-05,0.00012706995353173323,0.00014540214274449959,0.00038116142232769157,0.0004361430059584004
25012,41.375,28.125,0.0761434108844119,0.08390285387600317,0.0008696810127080655,0.0008966116866545004,2.3810540105140277e-06,2.454785999028708e-06,1.666725901605659e-05,1.718337544853732e-05,7.142915417235329e-05,7.364095873318988e-05,0.00021427215650937637,0.0002209066076266364
3028,35.875,32.125,0.3766639309140863,0.4126787851416045,0.004302111831911974,0.004410012347603476,1.1778470898615723e-05,1.2073882887264631e-05,8.244638296750484e-05,8.45141189206311e-05,0.0003532937850078133,0.00036215308005072,0.0010595069496246445,0.001086065823090232
29030,42.375,32.625,0.03239071156373738,0.037500984164295335,0.0003699543599097274,0.000400747043866278,1.012879322526139e-06,1.0971850076257894e-06,7.090133713250069e-06,7.680269773047144e-06,3.0385933402654608e-05,3.291502657332135e-05,9.11550303210884e-05,9.87418295587128e-05
3033,35.875,33.375,0.08720917409154728,0.09918655642099035,0.0009960699417117611,0.0010599380299686216,2.727087155429686e-06,2.9019479590441932e-06,1.9089453911713683e-05,2.0313458866549894e-05,8.180937964885615e-05,8.705477560289054e-05,0.00024540806117012703,0.00026114159186663155
20074,40.125,43.625,0.08849613324146724,0.1080659874056497,0.0010107690985240996,0.0011548263588382628,2.7673311429055047e-06,3.1617372572290137e-06,1.9371157180758658e-05,2.2131950873638395e-05,8.301660309117942e-05,9.484776933221806e-05,0.0002490291345764728,0.0002845163205520418
29074,42.375,43.625,0.464631811210598,1.1181756430923862,0.005306847426672597,0.011949168627931345,1.452925085376755e-05,3.271450560249356e-05,0.0001017003230016078,0.0002289790654260715,0.00043578570994107224,0.000980969756280703,0.0013067874850279937,0.0029400233078427096
30075,42.625,43.875,0.3187254448914309,0.8058911684801546,0.003640360531127122,0.008612000741939225,9.966714277553912e-06,2.357809504249797e-05,6.97649139342893e-05,0.000165034991298052,0.0002989582214500963,0.0007071010764260199,0.0008966065630153786,0.0021198036070261272
29075,42.375,43.875,0.3075137488489098,0.7647767708698304,0.0035123048129082927,0.00817263965129437,9.61612026151304e-06,2.2375217573311623e-05,6.731089999634232e-05,0.00015661600974781198,0.0002884433871050973,0.0006710387897664871,0.0008650805865509925,0.0020117657922915644
31075,42.875,43.875,0.16020401611962853,0.3764011010323718,0.0018297892011998208,0.004022337864144681,5.009677256362366e-06,1.1012500249485413e-05,3.506721376445032e-05,7.708495501435042e-05,0.00015027940106315807,0.00033032225820950334,0.0004507704548880609,0.0009906394722882794
28076,42.125,44.125,0.128509342573378,0.2433586481487359,0.00146778472219115,0.002600605317919984,4.0185674825554685e-06,7.120043969077727e-06,2.8129633253382025e-05,4.983924320045574e-05,0.00012054999997446192,0.00021357926820064765,0.0003616064047679002,0.0006406009660331335
30076,42.625,44.125,0.19701455486862363,0.434821657710413,0.002250225142349777,0.0046466378901700725,6.160761699680606e-06,1.2721720283326299e-05,4.3124534851002316e-05,8.90486433700044e-05,0.0001848063415200718,0.0003815812155163467,0.000554316570720359,0.0011443068894367858
30071,42.625,42.875,0.21864963197565615,0.5474914411445954,0.0024973327456199253,0.005850661828488246,6.837301048889799e-06,1.6018110801097052e-05,4.786012563096076e-05,0.00011212138757399348,0.00020509869708573714,0.0004804317284713422,0.0006151699034581126,0.0014406028523675785
31077,42.875,44.375,0.09181696804565728,0.1335385995004532,0.001048698407731542,0.001427034521478005,2.871175639240775e-06,3.906999955560764e-06,2.009805635883044e-05,2.7348679133343268e-05,8.61316832857506e-05,0.00011720335878639965,0.00025837279449558714,0.00035156886808740406
30074,42.625,43.625,0.46222672867398035,1.203061228805949,0.005279377490774044,0.012856282089075015,1.445404335798095e-05,3.519796257434038e-05,0.00010117391630481976,0.000246359722718692,0.00043353043307292616,0.0010554001342235608,0.0013000275347911927,0.0031628599699187188
31073,42.875,43.375,0.19196707542445676,0.5552423334730475,0.0021925747562738253,0.005933490246386419,6.002924504699969e-06,1.6244878991988898e-05,4.2019714803220864e-05,0.00011370861127635301,0.00018007206074921456,0.000487231592363524,0.0005401189102453019,0.001460982708882952
28074,42.125,43.625,0.2532425972489876,0.5054090960021241,0.002892440407885746,0.005400956952986276,7.919038891746055e-06,1.4786904917629684e-05,5.54319553246474e-05,0.0001035037428329666,0.0002375438894054449,0.00044351204679249356,0.0007124624003219671,0.0013299461188105433
31071,42.875,42.875,0.08611898773682837,0.24167288231121722,0.0009836182487550098,0.0025825907060080234,2.692996370456946e-06,7.070722999658052e-06,1.8850822297133973e-05,4.949401111198348e-05,8.078673647360368e-05,0.0002120999435444304,0.0002423406304576936,0.0006361648810168097
30072,42.625,43.125,0.37837843387029235,0.9829998892829804,0.004321694231096951,0.010504638972277894,1.183208395272306e-05,2.875972051008535e-05,8.282164776440837e-05,0.0002013006748512458,0.000354901626083981,0.0008624319139997061,0.0010643270574609565,0.002585065017047583
28075,42.125,43.875,0.18488204218037696,0.3806878531710714,0.0021116522074253723,0.0040681474151645965,5.781371946067537e-06,1.1137918575654382e-05,4.04689017196036e-05,7.796282496042028e-05,0.00017342661961228245,0.00033408359972519897,0.0005201896336759493,0.001001916000908487
31074,42.875,43.625,0.19620109414515197,0.5292217604012778,0.0022409341040633387,0.005655426404314072,6.135324379541451e-06,1.5483593760579062e-05,4.294648017855174e-05,0.0001083801218785263,0.000184043357964514,0.0004644035402567859,0.000552028464254728,0.001392563708983885
43,35.125,35.875,0.031800263299700364,0.03525346996936647,0.00036321048492100454,0.0003767294163363109,9.944156176278085e-07,1.0314283971357696e-06,6.960888557117073e-06,7.219976439154507e-06,2.9832038376920167e-05,3.094238914591596e-05,8.94934453058438e-05,9.282429517321056e-05
23002,40.875,25.625,0.2800617491435728,0.4384926643708473,0.0031987585371728755,0.004685867395740838,8.75768523012077e-06,1.2829123443913737e-05,6.130218599609272e-05,8.980040786676913e-05,0.00026269719641269784,0.00038480211680180787,0.0007878845779158983,0.0011539621893769114
26012,41.625,28.125,0.05038725515196359,0.050664785115956734,0.0005755040203631119,0.0005414194671368402,1.5756428938251688e-06,1.482324615609265e-06,1.1029448121258056e-05,1.0376226166508573e-05,4.726820687761535e-05,4.4468782662399065e-05,0.00014179791788815344,0.00013340041565734762
15,35.125,28.875,0.31005106697924933,0.48502112201983266,0.0035412850933491838,0.005183084796137525,9.695463178971409e-06,1.4190412104042593e-05,6.786626824262232e-05,9.932865610451369e-05,0.00029082300819660567,0.0004256247797299606,0.0008722153151208278,0.0012763309469353556
22071,40.625,42.875,0.15199326049362705,0.18028972079084948,0.001736009080438495,0.0019266313739893604,4.752922532214043e-06,5.274815311873127e-06,3.326998333330611e-05,3.692312289127475e-05,0.0001425778496325636,0.00015823235665357593,0.0004276725664664749,0.0004746219614865099
24074,41.125,43.625,0.31220139269880987,0.35167114720005205,0.003565845293998435,0.003758065975976813,9.762704689442181e-06,1.028897095856074e-05,6.833693134022933e-05,7.20205736268742e-05,0.00029283968443594155,0.0003086230828082126,0.0008782618131778497,0.000925583533198604
29076,42.375,44.125,0.1897218133036587,0.4278123005141926,0.0021669302282400745,0.004571733744628672,5.932714032375053e-06,1.2516646497373607e-05,4.152825909531366e-05,8.761323555528389e-05,0.00017796611108400473,0.00037543125298200586,0.0005338033230783967,0.001125870965985487
19071,39.875,42.875,0.3197504469770746,0.4424407398012191,0.0036520677142112064,0.004728057743352809,9.99876647800324e-06,1.2944632831746183e-05,6.998926589918408e-05,9.060891106438262e-05,0.0002999195091296647,0.0003882661036276325,0.0008994886992312878,0.0011643461177124337
21071,40.375,42.875,0.20530074188931188,0.2405306266344046,0.0023448668117462277,0.0025703842107380154,6.419874838736739e-06,7.037303672685624e-06,4.493825837004195e-05,4.9260085724367464e-05,0.00019257831780250534,0.00021109756881010355,0.0005776237013240815,0.0006331590292866229
6076,36.625,44.125,0.09590055645295618,0.11667291689255833,0.0010953395978265561,0.001246802652941182,2.9988718834861317e-06,3.4135537985147124e-06,2.0991914327250782e-05,2.3894631892007467e-05,8.99622445571513e-05,0.00010240154534635337,0.0002698624547832207,0.00030717317888351303
6073,36.625,43.375,0.143694492565465,0.23700242422425796,0.0016412237167128107,0.002532680755281122,4.4934155492004635e-06,6.934077958598017e-06,3.145348484145938e-05,4.8537536011528104e-05,0.00013479368385482804,0.00020800142468546667,0.00040432654600186524,0.0006238744892776982
5075,36.375,43.875,0.07745689155450056,0.10105435558154625,0.0008846830882135775,0.0010798979059241265,2.422127356127568e-06,2.9565949609677844e-06,1.6954768292332112e-05,2.0695981157503596e-05,7.266126872496059e-05,8.869404640321488e-05,0.00021796796757866943,0.00026605854000560925
3043,35.875,35.875,0.35680355175454814,0.4575738612200442,0.004075274152070536,0.004889774930466998,1.1157430300445803e-05,1.3387384530494373e-05,7.809939789837905e-05,9.370792813379047e-05,0.00033466876226273534,0.0004015435840556414,0.00100367031473092,0.0012041471051609243
6023,36.625,30.875,0.5863580346372093,0.6383710449752411,0.006697157947742989,0.006821829209677803,1.8335651058687397e-05,1.867697605451024e-05,0.00012834249750837134,0.00013073150719145055,0.0005499233114810709,0.0005601575672791181,0.001648862853802946,0.0016795315481010764
7039,36.875,34.875,0.2568917298342958,0.3103514506344041,0.0029341194091996544,0.00331651099759039,8.033148868102913e-06,9.080071021183578e-06,5.6230686933722573e-05,6.355876577301967e-05,0.00024096639695359023,0.00027236626892990223,0.0007227250104389071,0.0008168762768414606
25073,41.375,43.375,0.22279587773165369,0.25260130255489527,0.002544689584066345,0.0026993751639197206,6.966956111353895e-06,7.390459107692315e-06,4.876767348349631e-05,5.173206677155928e-05,0.00020898757047693728,0.00022169001565519597,0.0006268316931447027,0.0006649226184717305
9005,37.375,26.375,0.3923040084938601,0.539712650009401,0.004480746835918538,0.005767535275365666,1.2267541004806759e-05,1.5790526321834975e-05,8.586962675416476e-05,0.00011052844823522534,0.0003679607733730883,0.000473607342423521,0.001103476184547203,0.001420149221758149
30015,42.625,28.875,0.03337351578802869,0.03337351578835662,0.000381179575107572,0.0003566396480960137,1.0436122551693572e-06,9.76425664545033e-07,7.305262914703015e-06,6.8349596303862725e-06,3.1307893890053506e-05,2.929235520843232e-05,9.392074114822346e-05,8.787449152425353e-05
2030,35.625,32.625,0.28069033374860247,0.30105912141400587,0.00320593799091057,0.0032172103112566076,8.777341330867827e-06,8.808202990651104e-06,6.143977146333413e-05,6.16557916848226e-05,0.0002632867295214725,0.0002642123432609056,0.0007896522471096956,0.0007924276237397665
17079,39.375,44.875,0.10182041739326159,0.12722922062277273,0.0011629539927933265,0.001359610559408494,3.1839894356622267e-06,3.722403912109762e-06,2.2287713157154165e-05,2.6056536404417407e-05,9.551527326279174e-05,0.00011166609008605999,0.00028651845115756913,0.0003349608637036594
15033,38.875,33.375,0.1880684801003221,0.3355113461160899,0.0021480464866540246,0.0035853773743792393,5.881013471098484e-06,9.816180087551807e-06,4.116636799178508e-05,6.871123714102811e-05,0.00017641535990842172,0.00029444349100260503,0.0005291527180781852,0.000883070407627029
9048,37.375,37.125,0.7006601128539813,1.5729108326335983,0.008002672712363932,0.016808608640284866,2.1909883759718696e-05,4.6018403517145146e-05,0.0001533591057828465,0.0003220843564682996,0.0006570877367786387,0.0013796313043952235,0.001969968201161465,0.004133186391543475
10032,37.625,33.125,0.04303811711485336,0.046356571753022734,0.0004915649672473046,0.0004953805748779857,1.3458306268310238e-06,1.3562771771225002e-06,9.420776351687365e-06,9.49390161064656e-06,4.037413091795283e-05,4.0687515146409226e-05,0.00012111750260834775,0.00012205757908489989
19035,39.875,33.875,0.2182211510437125,0.25597422756492055,0.002492438799755266,0.002735419277349608,6.8239022468219446e-06,7.489141777838881e-06,4.7766337860633e-05,5.2422814627584025e-05,0.00020469681264168038,0.00022464985708992025,0.0006139647441466556,0.0006737981799322945
21031,40.375,32.875,0.518564672192993,1.072722398482671,0.005922848005220555,0.011463441284572265,1.621574259658143e-05,3.138469923424925e-05,0.00011350467636883632,0.00021967221073526666,0.00048635791182316535,0.0009411126277952819,0.0014583642184593515,0.0028206816379880983
16059,39.125,39.875,0.6096677997754628,1.7535795804428473,0.006963393199302669,0.018739290413498512,1.9064549821035115e-05,5.130406491038464e-05,0.00013344421639116533,0.0003590731848498452,0.0005717784189370745,0.0015379775287956976,0.0017143546520620445,0.0046068400996431835
20013,40.125,28.375,0.3339888290177824,0.45645883991341824,0.0038146930861069394,0.00487785947004813,1.0444005929421962e-05,1.3354762213979576e-05,7.31057509235633e-05,9.347959023797703e-05,0.0003132727339004715,0.0004005652939800264,0.000939523813028531,0.0012012145885474945
17058,39.375,39.625,0.4379434825830307,1.1650025920762845,0.005002023510870581,0.012449575798483449,1.3694700233268797e-05,3.4084500009523566e-05,9.58589632813478e-05,0.00023856710463687758,0.00041075943542911997,0.0010220297984007143,0.0012317722056507385,0.0030629568280318153
26007,41.625,26.875,0.049910374185701656,0.06402141875406807,0.0005700572677569087,0.0006841525597678928,1.5607305212661515e-06,1.8731058699650305e-06,1.092506249578129e-05,1.3111667411247474e-05,4.682085604668096e-05,5.6191649918435616e-05,0.00014045599166490064,0.000168565477428273
19012,39.875,28.125,0.4698269403803459,0.6571573162669584,0.005366184211629003,0.007022585079242249,1.4691703743574536e-05,1.9226605253330753e-05,0.00010283739354666199,0.0001345784741129119,0.00044065723210151564,0.0005766373833309135,0.0013213892454821963,0.001728914809715154
26038,41.625,34.625,0.03785395915872875,0.03878713247192931,0.0004323534913105993,0.00041449122001909107,1.183718645880738e-06,1.1348144690614959e-06,8.286001096480256e-06,7.943674239729859e-06,3.551094986642411e-05,3.404387388383778e-05,0.00010652906656138939,0.00010212814473486986
27039,41.875,34.875,0.01774761481280284,0.01778923092355222,0.00020270649087393127,0.00019010118971905888,5.549799716453307e-07,5.204685564752509e-07,3.884853333135929e-06,3.6432742066550006e-06,1.6649265167312244e-05,1.561393885840534e-05,4.9946963912472775e-05,4.684108519370511e-05
10047,37.625,36.875,0.4283994684758311,0.6942158384770881,0.004893015419984693,0.007418603838661955,1.3396256388409356e-05,2.0310824091485102e-05,9.377002614963104e-05,0.00014216710581282932,0.0004018096364489798,0.0006091453063936658,0.001204944621267634,0.001826322971196448
32,35.125,33.125,0.24201017855936383,0.26012009305675377,0.002764148003491332,0.002779723270355243,7.567796151186634e-06,7.6104385842157285e-06,5.297337037124539e-05,5.327185381065469e-05,0.0002270089731761793,0.00022828796464868795,0.0006808723320052001,0.0006847075596589924
28012,42.125,28.125,0.02044751535739431,0.02044901269970554,0.00023354372567282655,0.00021852443534517457,6.394076687010752e-07,5.98287118291907e-07,4.475845095552877e-06,4.188002311500405e-06,1.9182052216959455e-05,1.7948457843974808e-05,5.754505280464173e-05,5.384440709643723e-05
20030,40.125,32.625,0.27423375710910786,0.4134031707520685,0.003132193433827529,0.004417753354899202,8.57544148891165e-06,1.209507635402396e-05,6.002654614256642e-05,8.466246243188369e-05,0.00025723125811294434,0.0003627886612750375,0.0007714952875990111,0.001087971184735581
1013,35.375,28.375,0.6941571250709542,0.9982079508524785,0.007928398064891724,0.010667156992877347,2.1706535292431717e-05,2.9204657705061976e-05,0.00015193585275774524,0.00020441469365473086,0.0006509911397417634,0.0008757688155296428,0.0019517023267165978,0.0026250062052233236
13045,38.375,36.375,0.10975844521707433,0.12449589395346172,0.001253619120563845,0.001330401390447799,3.432216205911942e-06,3.6424338603069373e-06,2.402526606071209e-05,2.5496758410459286e-05,0.00010296136199505757,0.00010926724472093419,0.00030885228395061137,0.00032776591747496475
25024,41.375,31.125,0.049838889226713354,0.18503082732433082,0.0005692407938059227,0.0019772962957317797,1.5584951409408632e-06,5.4135275664446425e-06,1.0909414979609622e-05,3.7894077538958015e-05,4.6753797668830366e-05,0.0001623930794060202,0.00014025483535584637,0.00048710012796404634
17048,39.375,37.125,0.22917406709921026,0.2507588589450489,0.002617538831611099,0.00267968624517291,7.166405071701298e-06,7.336554182946209e-06,5.0163757009946686e-05,5.1354748969001385e-05,0.00021496981319202302,0.0002200732132053851,0.000644770813448492,0.0006600743536172571
22,35.125,30.625,0.1857585610077029,0.23637740348931652,0.0021216634713358334,0.0025260015915880966,5.808781133986862e-06,6.915791531669768e-06,4.066075936415281e-05,4.8409536341331716e-05,0.0001742487570722817,0.00020745294203672326,0.0005226551886196029,0.0006222297248688058
24043,41.125,35.875,0.17295039353307987,0.23278047896579243,0.0019753734650058826,0.0024875637505037866,5.4082631713026075e-06,6.810555180369882e-06,3.78572279693401e-05,4.7672912217078256e-05,0.00016223517233227014,0.0002042964798022462,0.000486626560513459,0.0006127642367784736
29079,42.375,44.875,0.14100932337823477,0.165447526622995,0.0016105547378619967,0.0017680231249045256,4.4094488351742456e-06,4.840571788622405e-06,3.086573354083022e-05,3.388351047017846e-05,0.0001322750075929413,0.00014520696157405144,0.000396772535060097,0.00043555763259894853
25019,41.375,29.875,0.035576021290076504,0.05744246719769272,0.000406335753341087,0.0006138478611923532,1.1124860432865091e-06,1.6806224376608725e-06,7.787376313128647e-06,1.1764297749738972e-05,3.3374042938016935e-05,5.0417444496297925e-05,0.00010011878737092861,0.00015124470786087585
4075,36.125,43.875,0.060844387964731975,0.07384727696443755,0.0006949414050166139,0.0007891547008851339,1.902644062745651e-06,2.1605854849671147e-06,1.3318432418030213e-05,1.512400036407513e-05,5.707774718544112e-05,6.48155339521006e-05,0.0001712234681346958,0.00019443399896834634
26024,41.625,31.125,0.019572105114810782,0.026251723236495106,0.00022354512359469298,0.00028053398378375,6.120330052761247e-07,7.680598933523797e-07,4.284223170891721e-06,5.376406865265082e-06,1.8360827215735398e-05,2.3041540189172594e-05,5.5081470293538715e-05,6.912302784223279e-05
1035,35.375,33.875,0.2517149422803708,0.26315239068729307,0.002874992115187222,0.0028121273349055896,7.871268446923985e-06,7.69915539877708e-06,5.509757805166604e-05,5.3892842990288514e-05,0.0002361111041517816,0.00023094887832264543,0.0007081660802576994,0.0006926866351328886
20047,40.125,36.875,0.13605918643380122,0.15678004892874567,0.0015540161607103405,0.0016753997940466008,4.254655317725842e-06,4.586984124643756e-06,2.9782207082940104e-05,3.2108447027057174e-05,0.00012763178543506726,0.00013760037154708638,0.0003828464887664085,0.00041274431565985203
11025,37.875,31.375,0.18741312571753388,0.3707350706673386,0.002140561278719603,0.00396178892203437,5.860520208900155e-06,1.0846728092483993e-05,4.102292020990994e-05,7.592462601013761e-05,0.00017580066670686012,0.0003253506695476416,0.0005273092879306551,0.0009757344839076421
25001,41.375,25.375,0.13599251949099944,0.18990313468192907,0.0015532547163035748,0.0020293632698093417,4.252570605434158e-06,5.5560783905894695e-06,2.9767614469267123e-05,3.889190046979518e-05,0.00012756925178036838,0.00016666892396011157,0.00038265893567512865,0.0004999234409196474
2070,35.625,42.625,0.021663910245148153,0.02490278527183434,0.00024743692438230596,0.00026611881805560663,6.774451487556732e-07,7.285933500966735e-07,4.7421064034436355e-06,5.100142302594257e-06,2.0323154827472933e-05,2.1857569584393666e-05,6.096822539891633e-05,6.557127550355091e-05
19044,39.875,36.125,0.1307267868042246,0.15808848621725977,0.001493111524890254,0.0016893821571003062,4.087908208161295e-06,4.625265571989168e-06,2.8615006528731612e-05,3.2376409752843394e-05,0.00012262997724044045,0.00013874866157148613,0.0003678448192315775,0.0004161882338123979
3029,35.875,32.375,0.27217944923900744,0.28663004868258113,0.0031087299124521184,0.0030630168048271043,8.511202417293973e-06,8.386047806951957e-06,5.957689569080493e-05,5.870085782788692e-05,0.0002553045633756357,0.0002515508448821535,0.0007657181655074119,0.0007544627170814611
1017,35.375,29.375,0.39425254205751353,0.487455506079475,0.0045030022434876344,0.005209099372482049,1.2328472240530353e-05,1.4261635119083849e-05,8.629611393362602e-05,9.982717465639723e-05,0.0003697880586395197,0.00042776058885651835,0.0011089539968597295,0.0012827329074766025
24004,41.125,26.125,0.10216683971438865,0.18862333147282365,0.0011669106964865695,0.0020156868993297665,3.1948222654065717e-06,5.518634736190187e-06,2.236354151452513e-05,3.8629803597478585e-05,9.584022809849824e-05,0.00016554579470073882,0.0002874931291280136,0.0004965551724085415
16049,39.125,37.375,0.1998121456385095,0.222104210504561,0.0022821781576617714,0.002373473864045958,6.24824374495514e-06,6.498196173598814e-06,4.373688637182571e-05,4.548648646685027e-05,0.00018743033070034443,0.00019492751776961637,0.0005621856082989041,0.0005846685705039878
7001,36.875,25.375,0.3628563049877595,0.5171252145003477,0.004144406392147384,0.005526158996569452,1.1346701928593994e-05,1.5129684303727409e-05,7.942420985096454e-05,0.00010590298319312907,0.00034034505856406216,0.00045379096847597555,0.0010206877108391854,0.0013607552201461148
20043,40.125,35.875,0.21265556305441438,0.27994385119160403,0.0024288707753835135,0.0029915660432290572,6.6498636537293265e-06,8.190427904453124e-06,4.654811695237182e-05,5.733158660525817e-05,0.00019947667480868514,0.0002456836582123145,0.0005983106595320864,0.0007368699080867458
12029,38.125,32.375,0.14168263814970217,0.17695172667512726,0.001618245082509283,0.0018909605428330855,4.430503758201532e-06,5.177154409174989e-06,3.1013114093925154e-05,3.623951800724168e-05,0.0001329065743261859,0.00015530297356336487,0.00039866673285393617,0.00046583656739518364
20041,40.125,35.375,0.18135347987002046,0.2530517148244555,0.0020713503138297105,0.002704188407880374,5.671032006770993e-06,7.403636954061987e-06,3.969654868118955e-05,5.182430760164447e-05,0.00017011697108115786,0.0002220852662474515,0.0005102640988150497,0.0006661078440997059
29019,42.375,29.875,0.01748503262192563,0.01748503267098366,0.00019970737718794394,0.0001868504336873757,5.467688503069112e-07,5.115684761358708e-07,3.827375674392286e-06,3.580973836903034e-06,1.640293546523175e-05,1.53469404429174e-05,4.920799923135988e-05,4.604011474662606e-05
31026,42.875,31.625,0.016617354028140248,0.01661806652607782,0.00018979708305502294,0.0001775857669740698,5.196359582626542e-07,4.86203213689862e-07,3.6374460371524364e-06,3.4034175315778015e-06,1.5588961288059977e-05,1.4585993580173984e-05,4.676615482068769e-05,4.375734248995844e-05
5024,36.375,31.125,0.8558452428417239,0.9255721763015363,0.0097751381094007,0.009890948779175537,2.6762511444733406e-05,2.707957524228366e-05,0.0001873225399117162,0.0001895416280193185,0.0008025638602229268,0.0008120683508968662,0.0024057597713581513,0.0024342272231936413
14033,38.625,33.375,0.1151965859386253,0.13137875459352458,0.0013157314908272004,0.0014039537549074739,3.6022700096172144e-06,3.8438085054881554e-06,2.521561756563262e-05,2.690634926849622e-05,0.00010806245576666651,0.00011530782833035769,0.0003241523360787424,0.0003458835988384701
26015,41.625,28.875,0.022675274553693423,0.022892984312821215,0.00025898834197519066,0.0002446414672331458,7.090711845458841e-07,6.697916092868184e-07,4.96348773337818e-06,4.688531844210253e-06,2.127191682765872e-05,2.009355313070671e-05,6.381439300917613e-05,6.0279448147682047e-05
7031,36.875,32.875,0.05033211724891839,0.058813994841343586,0.0005748742562534933,0.0006285044271738207,1.5739186963736884e-06,1.7207498601568005e-06,1.1017378853117599e-05,1.2045186840725641e-05,4.721648331629247e-05,5.162120779922397e-05,0.00014164276186534597,0.00015485562928796437
17050,39.375,37.625,0.23907200433442313,0.2707558084275358,0.0027305892975471218,0.0028933797940232835,7.475918112787028e-06,7.921610770456056e-06,5.233025312789685e-05,5.544995762007954e-05,0.00022425323321262347,0.00023762102804658625,0.0006726088423775201,0.0007126937062977845
17033,39.375,33.375,0.44952157615414673,1.9910105798553452,0.005134264081987658,0.021276551054976996,1.4056750161195453e-05,5.8250325437270156e-05,9.839310178871852e-05,0.0004076810298692113,0.00042161656349293253,0.0017460345665774035,0.0012643164838458398,0.005228963112634322
30,35.125,32.625,0.28827865495889365,0.3633919696642926,0.0032926089030521108,0.003883318287586756,9.01463124491908e-06,1.0631889511447667e-05,6.310071220483326e-05,7.442085284337097e-05,0.0002704035906654356,0.00031890751909402493,0.0008109914374622162,0.0009564174836982353
14034,38.625,33.625,0.10653749234455838,0.11911647465504162,0.0012168306247042763,0.0012729152622940857,3.331495134206719e-06,3.4850459800228606e-06,2.3320232864665336e-05,2.4395066805293908e-05,9.994002617241815e-05,0.00010454609626064926,0.0002997901154889737,0.0003136055002660454
8000,37.125,25.125,0.0823006931197211,0.0999143005358034,0.0009400071431996711,0.0010677149272741617,2.573595985211341e-06,2.923239881380546e-06,1.801503280574046e-05,2.0462499718654215e-05,7.72049984483214e-05,8.769347932413574e-05,0.00023159711396969485,0.0002630573682078641
13018,38.375,29.625,0.26722793100156755,0.6058829906246106,0.003052175558698303,0.006474651874679272,8.356366341222277e-06,1.7726473615753413e-05,5.849309800298741e-05,0.00012407871671971105,0.0002506606170522563,0.0005316575419612724,0.0007517933746711281,0.0015941247969361028
20005,40.125,26.375,0.5853413126197775,0.9932189843981863,0.0066855453364416,0.010613843363833734,1.8303858044133037e-05,2.9058697196049366e-05,0.0001281199708679237,0.000203393148665576,0.000548970027637874,0.0008713936980547787,0.0016460061440818352,0.0026119037749059437
29072,42.375,43.125,0.4267956023897945,0.9376268240079787,0.004874696672955225,0.010019768449935157,1.3346103063027748e-05,2.7432254666392986e-05,9.34189810367636e-05,0.0001920099802864561,0.0004003056200090338,0.0008226403738487154,0.0012004361904056626,0.002465891466703507
31012,42.875,28.125,0.030976259716275795,0.030976272276422665,0.00035379903010719795,0.00033102196706059656,9.686484839788179e-07,9.062883423727186e-07,6.780519683613484e-06,6.344001148295142e-06,2.9059046369739328e-05,2.718829298387071e-05,8.717460584906078e-05,8.156266136194468e-05
1038,35.375,34.625,0.08599089292606142,0.08954071003916882,0.000982155198657089,0.0009568595505834434,2.6889907683846914e-06,2.619735242181953e-06,1.882278353526612e-05,1.8338002573003997e-05,8.066657778849073e-05,7.858907192925813e-05,0.0002419802126001347,0.0002357486875464998
2042,35.625,35.625,0.11456992813936026,0.15040380464932634,0.0013085740443304376,0.0016072612877409604,3.582674059532387e-06,4.400431899864721e-06,2.507844887145172e-05,3.0802616661995685e-05,0.0001074746385059111,0.00013200453408768187,0.00032238926436545245,0.0003959613289723496
25022,41.375,30.625,0.032666645960886406,0.09434735734072008,0.0003731059774057947,0.0010082248611194393,1.0215079722097897e-06,2.7603654197960736e-06,7.150533892330557e-06,1.9322397927457047e-05,3.06447852567171e-05,8.28076481460549e-05,9.193153849029745e-05,0.00024840237368628504
16025,39.125,31.375,0.24800401303524933,0.3812256635774311,0.0028326072959822565,0.0040738946224796084,7.755226043015817e-06,1.1153653396434038e-05,5.428531930329328e-05,7.807296133965913e-05,0.00023263062074818652,0.00033455549179184363,0.000697729523816859,0.001003330730690144
5046,36.375,36.625,0.2079291340478925,0.2372045940496606,0.002374887305019616,0.0025348412041785195,6.5020659388848046e-06,6.939992904242409e-06,4.5513573767697046e-05,4.857893890797271e-05,0.00019504358884747663,0.00020817883736146126,0.0005850166479577368,0.0006244065058215176
3044,35.875,36.125,0.3250737195454205,0.42650946289164277,0.0037128681042172167,0.004557811221326691,1.0165227195324533e-05,1.2478529182402553e-05,7.115442043570397e-05,8.734643435737155e-05,0.00030491187077352766,0.0003742881479052995,0.0009144567269216974,0.0011224442212975916
11065,37.875,41.375,0.09456666230557277,0.10811177422747473,0.0010801043673651471,0.0011553156508902801,2.957160219918542e-06,3.1630768616563998e-06,2.0699937899992804e-05,2.2141327926439303e-05,8.871100271756749e-05,9.488795377854409e-05,0.00026610939992477434,0.00028463685101876024
29077,42.375,44.375,0.15085848660547224,0.24361449158197618,0.0017230481256719258,0.0026033393394889774,4.717437540047165e-06,7.127529258799115e-06,3.302159544504857e-05,4.9891637989407656e-05,0.00014151344604163008,0.0002138037805071713,0.0004244802627927369,0.0006412742151251649
17057,39.375,39.375,0.33761852810589155,0.68617975265636,0.003856150125424028,0.007332727755442287,1.0557507925335052e-05,2.007571293727306e-05,7.390021483788534e-05,0.0001405215271246263,0.00031667675701307907,0.00060209610106432,0.0009497294502918141,0.0018052009623199528
1058,35.375,39.625,0.04972112221079202,0.05163312338067181,0.0005678957038436994,0.0005517674274822819,1.5548124910891303e-06,1.5106557446076252e-06,1.0883636671232821e-05,1.0574542288699362e-05,4.6643323159734074e-05,4.531867964696623e-05,0.00013992344278179747,0.00013594987768594802
25002,41.375,25.625,0.11883071145623984,0.1680597386603627,0.0013572390871347132,0.0017959380256799486,3.715911199075883e-06,4.916998248782889e-06,2.6011088427035922e-05,3.441848003127301e-05,0.0001114713297006853,0.00014749943100655916,0.00033437671291525195,0.000442433027982303
23007,40.875,26.875,0.2008185545031826,0.25948692614157537,0.002293672976063799,0.0027729570540762243,6.279714645396339e-06,7.591913834481545e-06,4.3957174395647947e-05,5.314218647622937e-05,0.0001883742862238691,0.00022773234464767977,0.000565016410740915,0.0006830414596911139
37,35.125,34.375,0.1655574488835338,0.18214214377754415,0.0018909340694622278,0.0019464269354246416,5.177081929375049e-06,5.329012317978332e-06,3.623901066462931e-05,3.7302489865553845e-05,0.00015530079949688247,0.00015985801686280166,0.00046583004722133836,0.00047949739091679433
31025,42.875,31.375,0.01596687125359867,0.015966951988806176,0.00018236751677290245,0.0001706277568886064,4.99294924738436e-07,4.671532294331371e-07,3.4950592376903344e-06,3.2700680228092693e-06,1.4978739297899502e-05,1.4014501951042924e-05,4.493554480911044e-05,4.2042916637119454e-05
19063,39.875,40.875,0.7329378263179614,2.0277313812223383,0.008371336451053918,0.021668960825658005,2.2919207442795297e-05,5.932462167790309e-05,0.00016042342142963406,0.00041519845142690137,0.000687347770975899,0.0017782085540049009,0.0020606262967881595,0.005325145207771165
4021,36.125,30.375,0.5917030126644466,0.65452878097308,0.00675820624922618,0.006994495743130294,1.8502789120300456e-05,1.9149702317977635e-05,0.00012951233464675305,0.00013404021553886647,0.0005549347756804712,0.0005743315787202219,0.0016638806401192419,0.0017220053553208547
1016,35.375,29.125,0.3611112155854267,0.4761465666587555,0.00412447464623452,0.005088248569680156,1.1292132400142485e-05,1.3930768317571562e-05,7.904224909371926e-05,9.7511302925124e-05,0.0003387085100177156,0.00041783864165911844,0.0010157813985466335,0.0012529922305360985
24022,41.125,30.625,0.15802116892925208,0.6822302972525267,0.001804857552708327,0.00729052266100973,4.94141846252294e-06,1.9960163999299674e-05,3.458941647171976e-05,0.00013971278170255008,0.0001482319327015258,0.0005986316447178508,0.0004446298832441187,0.00179482006914089
22038,40.625,34.625,0.3996792602597838,0.6919620822320961,0.0045649841500901124,0.007394519506666326,1.2498167345831313e-05,2.024488612129005e-05,8.748389120116773e-05,0.0001417055961758784,0.00037487707947891913,0.0006071683302175668,0.0011242096926452616,0.0018203992543436298
8027,37.125,31.875,0.21119143695251325,0.22693388096714304,0.0024121480851829573,0.002425085207157609,6.604079726635348e-06,6.639499401717153e-06,4.622764220552078e-05,4.647557008019554e-05,0.00019810342093629085,0.00019916580715517718,0.0005941925356873767,0.0005973784283095362
3037,35.875,34.375,0.07919603606344945,0.08894603087329182,0.0009045469338204465,0.000950504626223859,2.476511468230136e-06,2.6023364529947912e-06,1.7335451482636266e-05,1.8216212956390088e-05,7.429267620517876e-05,7.806714777403023e-05,0.0002228614708204013,0.0002341831603591693
23025,40.875,31.375,0.3767671559024491,2.5424259741133404,0.004303290828378948,0.02716914545258331,1.178169877702473e-05,7.43822997626431e-05,8.246897651909002e-05,0.0005205599254841653,0.0003533905882832089,0.002229063926844521,0.001059797154258968,0.006672296678171485
18052,39.625,38.125,0.4598189467467026,0.6328042569067466,0.005251876723464395,0.00676234080125349,1.4378751446053606e-05,1.8514108697353926e-05,0.00010064691850786289,0.0001295915628868327,0.0004312726198544281,0.0005552741807661743,0.001293259951560377,0.001664897725258463
29,35.125,32.375,0.3083179856435276,0.4251946058584427,0.0035214904989955896,0.0045437602549079645,9.641269057225621e-06,1.2440060212282056e-05,6.748693139646544e-05,8.707717169609275e-05,0.0002891976403348595,0.00037313449571529933,0.0008673420393662257,0.0011189858510415318
2033,35.625,33.375,0.14622630083457455,0.15873506600095158,0.0016701410656191312,0.001696291707415119,4.572586576823134e-06,4.644182802104879e-06,3.2007666961542114e-05,3.250882668115462e-05,0.00013716850247436074,0.00013931610220097035,0.000411449064409819,0.00041789008237791414
28,35.125,32.125,0.2814926984025964,0.39320846421215766,0.003215102294121334,0.004201946513346453,8.802431605059446e-06,1.1504236394843659e-05,6.161539412030681e-05,8.052687552040361e-05,0.0002640392459012375,0.0003450695268827353,0.0007919086059414715,0.0010348514028013511
27,35.125,31.875,0.27652968174371323,0.35161251567319557,0.0031584166097810744,0.0037574394214586124,8.647236013570314e-06,1.028725556351251e-05,6.052908184950301e-05,7.200856660216637e-05,0.0002593845560431296,0.0003085716363059321,0.0007779518445372169,0.0009254292889346871
13072,38.375,43.125,0.6078623890936451,3.363743722296449,0.006942772486730433,0.0359459993670644,1.900809446153673e-05,9.840994008547543e-05,0.00013304907401046062,0.0006886662391096809,0.0005700856928962938,0.0029480893047961754,0.0017092822708738575,0.008818219845265207
23005,40.875,26.375,0.1955169943863193,0.3971858149408589,0.002233120577401681,0.004244449705795039,6.11393224048129e-06,1.1620602448192408e-05,4.2796740707617964e-05,8.134138138615743e-05,0.00018340170776820486,0.0003485593381129526,0.0005501042209142826,0.0010453135758499155
5048,36.375,37.125,0.10749038744342704,0.11916755215949326,0.001227714229273116,0.0012734610922069058,3.3612927198278797e-06,3.4865403756301205e-06,2.352881177614119e-05,2.4405527356052836e-05,0.0001008338669935549,0.00010459092359837996,0.0003024710995995772,0.0003137399541552899
22034,40.625,33.625,0.307747771051678,0.5230797837187289,0.003514977725297371,0.005589791353557976,9.62343822641376e-06,1.5303897551444123e-05,6.736212279401244e-05,0.00010712236459042845,0.00028866286481443737,0.0004590150600561893,0.0008657386397480371,0.0013764131924044465
4044,36.125,36.125,0.5130166021097509,0.6777840249733019,0.005859480063693825,0.007243008428734717,1.6042253426218345e-05,1.9830079709182158e-05,0.0001122903696963995,0.00013880230036389385,0.00048115567060302844,0.0005947313669838472,0.0014427725908638944,0.0017831331951145835
17069,39.375,42.375,0.2689957093320686,0.46217232802244773,0.003072366448899523,0.004938915560198391,8.411645522343747e-06,1.3521922432091493e-05,5.888003280618559e-05,9.464961742078337e-05,0.00025231858932350804,0.0004055781465605035,0.0007567647900226238,0.0012162410254974443
8039,37.125,34.875,0.24299166426373292,0.30255507645817986,0.0027753581590572543,0.0032331965466866727,7.598487651749863e-06,8.851970531353892e-06,5.3188201099896304e-05,6.196214823883661e-05,0.00022792951573058495,0.00026552503329591026,0.0006836327034407397,0.000796363607978301
2034,35.625,33.625,0.15024378463293,0.16451477796926542,0.0017160272340703438,0.0017580554860816419,4.69821547688376e-06,4.813282012516851e-06,3.288704480408633e-05,3.3692487570124996e-05,0.00014093686287330875,0.00014438838288566291,0.00042275100182131986,0.0004331026076518363
9004,37.375,26.125,0.18558883004970572,0.23829818935950314,0.0021197248690362465,0.002546527699809818,5.803473560939132e-06,6.9719885629204725e-06,4.062360764722772e-05,4.8802899171418446e-05,0.0001740895566899603,0.00020913851351278545,0.0005221777538249039,0.0006272843329323541
9003,37.375,25.875,0.10897587994090245,0.13573350289338595,0.0012446809582988987,0.0014504899338062857,3.4077449350133904e-06,3.9712171217010095e-06,2.3853970679388325e-05,2.7798188672156776e-05,0.00010222729667597186,0.00011912965370919348,0.00030665053983569557,0.0003573463871949789
1029,35.375,32.375,0.3770313165158879,0.4513478381231279,0.004306307970205728,0.004823241733892709,1.178995916373271e-05,1.320522898784482e-05,8.25267951376496e-05,9.243294105609756e-05,0.0003536383152009659,0.0003960810245223767,0.0010605398096548146,0.001187772495170547
11045,37.875,36.375,0.46816125880388665,0.572713480586135,0.005347159431632435,0.00612019229473396,1.4639617498590773e-05,1.6756032907627727e-05,0.00010247282191333529,0.00011728633446084213,0.0004390953091900629,0.0005025588737097575,0.0013167075981580512,0.0015069190517935649
18045,39.625,36.375,0.1553512614890997,0.1856936128867444,0.0017743628877147487,0.0019843790259793602,4.857929029045138e-06,5.432918919856533e-06,3.400500761818748e-05,3.802981259604099e-05,0.00014572760556441633,0.00016297472852322414,0.0004371191101829597,0.0004888445076119963
9054,37.375,38.625,0.5963845746974281,0.7330630616184083,0.006811677266121912,0.007833737206044881,1.864918206662125e-05,2.1447373577565543e-05,0.00013053697106124584,0.0001501219556016009,0.0005593241988111064,0.0006432211517974906,0.001677034240736175,0.001928422521164097
5047,36.375,36.875,0.15268664051155414,0.165865413095547,0.0017439286026818283,0.0017724887882005402,4.774604899115964e-06,4.8527980490709055e-06,3.3421755563534106e-05,3.3969091805086116e-05,0.00014322823078405378,0.00014557369783951835,0.0004296231523122085,0.0004366575214991286
7040,36.875,35.125,0.269769095848474,0.3994883970361523,0.0030811997748694253,0.0042690558058351225,8.435829647157611e-06,1.1687969493467953e-05,5.9049313123282765e-05,8.181291772890731e-05,0.00025304393584946183,0.0003505796665316252,0.0007589397300507006,0.0010513703243755224
4040,36.125,35.125,0.1580274054042941,0.1670305851084482,0.001804928783348868,0.0017849401744820354,4.941613480413665e-06,4.8868879207741855e-06,3.4590781556542716e-05,3.420771393458644e-05,0.0001482377824002512,0.0001465962495702522,0.00044464742713790084,0.0004397242804800028
2023,35.625,30.875,0.64110784343517,0.7365866227284605,0.007322489392813979,0.007871391063142318,2.0047682390389454e-05,2.1550462003472326e-05,0.00014032533691388238,0.00015084348150418148,0.0006012556737581276,0.0006463118769843845,0.0018026827134778323,0.0019376827438030153
15066,38.875,41.625,0.4627898181876157,0.6234079571925814,0.0052858088845450305,0.006661929054264769,1.4471651299863275e-05,1.8239201368785984e-05,0.00010129716120232946,0.00012766742375602824,0.00043405844981780906,0.0005470313549119643,0.0013016102110193772,0.00164019649852154
19066,39.875,41.625,0.596307529286331,0.7834732826363574,0.006810797282806623,0.008372436322982268,1.8646772848462945e-05,2.2922218659071625e-05,0.00013052010842151684,0.00016044449704444297,0.0005592519613448754,0.000687438047434541,0.0016768177706790732,0.0020608967539598178
25000,41.375,25.125,0.11421460259570453,0.15518207592130967,0.0013045156514234443,0.0016583233633027433,3.5715628250443388e-06,4.540231618666013e-06,2.5000671899477744e-05,3.178118844604505e-05,0.00010714133604927678,0.00013619798197872512,0.00032138957158023285,0.00040853829879183845
25010,41.375,27.625,0.08838455831627501,0.1008291379481302,0.0010094947322617147,0.0010774911610658417,2.763842127939675e-06,2.9500056721865064e-06,1.9346734480785166e-05,2.064985695293675e-05,8.291194103482447e-05,8.849638466745802e-05,0.00024871520050462337,0.0002654656598651828
30011,42.625,27.875,0.030243968974231292,0.030248699340758762,0.0003454350844060423,0.00032324689902806143,9.457492705644555e-07,8.850013852867988e-07,6.6202261104209015e-06,6.194993249497571e-06,2.8372089036943215e-05,2.654970085869124e-05,8.51138522075523e-05,7.964698793505587e-05
9041,37.375,35.375,0.4949062057094058,0.7093833137666783,0.005652630019821925,0.007580688141798864,1.5475937795605965e-05,2.0754577616854952e-05,0.00010832653510106649,0.00014527299782818304,0.0004641739643912457,0.0006224499874616374,0.0013918756207759175,0.0018661878715887648
1030,35.375,32.625,0.34118293302931263,0.3913728722272753,0.003896861399682653,0.004182330813170067,1.0668968136617885e-05,1.1450532151013881e-05,7.468038663438481e-05,8.015097170144259e-05,0.0003200195343354695,0.0003434589357375062,0.0009597513982734229,0.0010300229556067242
1025,35.375,31.375,0.6127889167874061,0.7559086868361594,0.006999041408020922,0.008077872579430826,1.9162147431805998e-05,2.2115765242802787e-05,0.0001341273213232297,0.00015480008582968718,0.0005747047247837145,0.0006632602396181575,0.0017231235076058393,0.0019884612681955183
5000,36.375,25.125,0.4048531943669315,0.6972392338170842,0.0046240788531212084,0.007450912770599162,1.2659957789873388e-05,2.0399279325733488e-05,8.861633883472386e-05,0.00014278621683450066,0.00037972902251137697,0.0006117973974212321,0.001138754539897091,0.0018342695330905157
3041,35.875,35.375,0.18521598764207808,0.2119872063437165,0.0021154664051865205,0.0022653604478092343,5.791814589928279e-06,6.202199651417217e-06,4.054199768910305e-05,4.34145897556526e-05,0.00017373984636226414,0.00018604925724519106,0.0005211289877286029,0.0005580439351970945
15051,38.875,37.875,0.16829600077315143,0.31012783471220917,0.0019222127651898422,0.0033141213691105496,5.262717884035872e-06,9.073528634329087e-06,3.683844357338373e-05,6.351297155926527e-05,0.0001578694892667709,0.00027217004898250075,0.00047353370340808,0.0008162879375022136
10045,37.625,36.375,0.9637979254188473,1.1811791234860358,0.011008132497460679,0.012622443185484989,3.013817005925734e-05,3.455776887750783e-05,0.0002109481168777183,0.00024187930455943363,0.0009037500983535285,0.0010362137397073035,0.0027088007404905134,0.003105421115001894
6028,36.625,32.125,0.2206944157031299,0.24623911249929273,0.002520687485868925,0.002631386845369786,6.901242403656305e-06,7.204318594578041e-06,4.83076966667495e-05,5.042914022912459e-05,0.0002070165556341541,0.0002161069818967798,0.0006209211082112143,0.0006481808491001217
11042,37.875,35.625,0.34339354047999837,0.44903134704424524,0.003922110115284989,0.004798486998178634,1.0738094612605664e-05,1.3137455107892215e-05,7.516424089137885e-05,9.195856138732861e-05,0.00032209268500060784,0.00039404858460545533,0.0009659668573237523,0.001181679992140916
1019,35.375,29.875,0.2915916895293337,0.33621145541073355,0.0033304491209631653,0.0035928589575020334,9.118231175997416e-06,9.83666334453126e-06,6.382587227371506e-05,6.885461148642413e-05,0.00027351077152726333,0.0002950578136244886,0.0008203079106160471,0.0008849122892207184
30009,42.625,27.375,0.018842111634691676,0.01925316455535084,0.00021520741634351655,0.00020574523449371008,5.892056206269203e-07,5.632995935256346e-07,4.124432054108951e-06,3.9430904914539155e-06,1.767601760438442e-05,1.689884977906786e-05,5.3027115493708976e-05,5.069569262861062e-05
17060,39.375,40.125,0.8690260910838914,2.3566494400595537,0.009925684733388965,0.025183880305524552,2.7174674521956987e-05,6.89473295411025e-05,0.00019020721463458568,0.00048253148983945504,0.0008149190857414945,0.0020663533419105207,0.0024427655190577546,0.0061862594002793925
24037,41.125,34.375,0.23087884247084747,0.2632803655250074,0.002637010126033355,0.002813494913358427,7.219714186934567e-06,7.70289959561854e-06,5.053690471223948e-05,5.3919051157591547e-05,0.00021656875307829448,0.00023106117914684088,0.0006495655633179664,0.0006930233819713028
24053,41.125,38.375,0.03683621594893201,0.037491426354379506,0.0004207292163393032,0.0004006449061716291,1.1518931526399712e-06,1.0969053700904396e-06,8.063224204879482e-06,7.678312323622372e-06,3.455621740389159e-05,3.290663771637892e-05,0.00010366506985648449,9.871666464444928e-05
58,35.125,39.625,0.03812494707968257,0.03823145868117077,0.0004354486120411972,0.0004085531190875301,1.192192614518639e-06,1.1185568531413281e-06,8.345318454283657e-06,7.82987169711813e-06,3.576516016834397e-05,3.3556161339820534e-05,0.00010729164311085171,0.00010066510600925671
16047,39.125,36.875,0.1983964556486669,0.22389956496852426,0.0022660086862689548,0.0023926595737055576,6.203974420637692e-06,6.550723441134387e-06,4.342701267745497e-05,4.585416294622391e-05,0.00018610249074313412,0.00019650303766471922,0.0005582035762637938,0.0005893932802505386
7067,36.875,41.875,0.09022333617278996,0.1110160673343598,0.0010304965519835375,0.0011863518197547105,2.8213418159506176e-06,3.2480489886577146e-06,1.974922555336711e-05,2.273612137515535e-05,8.463679198411622e-05,9.743688062469058e-05,0.0002538888863991007,0.00029228216096199855
26018,41.625,29.625,0.02200700439839859,0.022431340874883673,0.0002513556150107835,0.00023970820355496543,6.88173931617797e-07,6.56285078393104e-07,4.817207576057747e-06,4.593986504097813e-06,2.0645011940989555e-05,1.96883649951074e-05,6.193375718233085e-05,5.906393209798022e-05
2028,35.625,32.125,0.4157372366854195,0.46772226546072826,0.004748392235408078,0.004998223897608674,1.300030491457882e-05,1.3684297601512796e-05,9.099858531280702e-05,9.578615084004927e-05,0.0003899356379098995,0.00041044748034679834,0.0011693508236141348,0.0012308371087849101
5042,36.375,35.625,0.4245855362373645,0.5176534735343568,0.004849454139855219,0.005531804134983616,1.3276993693911443e-05,1.514513961642372e-05,9.293525408948788e-05,0.00010601116055630744,0.00039823313914422176,0.00045425442436042296,0.0011942237116888688,0.0013621443255691368
4041,36.125,35.375,0.2719928040654424,0.3028893108665062,0.0031065981224301363,0.0032367682783113246,8.505365943989318e-06,8.86174931302719e-06,5.953604246311528e-05,6.203059607279293e-05,0.0002551295123732755,0.00026581832140404327,0.0007651932805222694,0.0007972430048547308
22042,40.625,35.625,0.4479695806278102,1.0360401230894432,0.0051165377807176554,0.01107144321428906,1.4008218874317357e-05,3.031150011612027e-05,9.805341138224843e-05,0.0002121612072597534,0.00042016121725341193,0.0009089454441688627,0.0012599541195880137,0.0027243585379992385
1031,35.375,32.875,0.26201485225550036,0.291274150743452,0.002992633760523686,0.003112645106957885,8.193351131113857e-06,8.521921544324407e-06,5.735204818635431e-05,5.965192574619582e-05,0.00024577133418168806,0.00025562605777473824,0.0007371328067443672,0.0007666821559837445
5028,36.375,32.125,0.2732276157212197,0.2943312625886863,0.0031207016704433753,0.0031453143438338782,8.54397902483317e-06,8.611364273991562e-06,5.980632020452514e-05,6.027799267305234e-05,0.00025628761846074877,0.00025830867312981454,0.0007686658221860432,0.0007747258665128376
22047,40.625,36.875,0.35983756553150925,0.40197889033106055,0.0041099275008432,0.004295669982714606,1.1252304935593926e-05,1.1760834284335608e-05,7.876347569724107e-05,8.232293538523727e-05,0.0003375140766018747,0.00035276486714042044,0.0010122005209982632,0.0010579213161657774
22041,40.625,35.375,0.5024199954442088,1.4469805050050522,0.005738449661862373,0.015462878450667584,1.571089550622684e-05,4.233415782173289e-05,0.00010997108520238719,0.00029630147160819575,0.00047121950890660624,0.0012692454438987255,0.0014129924878761857,0.0038029054244396177
7044,36.875,36.125,0.7297378624792701,0.9317496050713829,0.008334787683937523,0.009956962681833792,2.2819144660402024e-05,2.7260306546983415e-05,0.00015972307805811603,0.0001908065409274018,0.0006843478777336376,0.0008174860195652167,0.002051638957649704,0.0024504537548313277
6066,36.625,41.625,0.08465785149500726,0.08814762239508213,0.0009669297075965312,0.0009419725878101861,2.6473057569420533e-06,2.578977065459398e-06,1.8530993126320006e-05,1.805269978505386e-05,7.941612420392374e-05,7.736641879407813e-05,0.0002382294523504136,0.00023208130015694994
3036,35.875,34.125,0.09005105788133526,0.10379733892964116,0.0010285288550122606,0.001109210269122585,2.8159545705230826e-06,3.036847597170933e-06,1.971151547253136e-05,2.1257739509894513e-05,8.447518782883634e-05,9.110141626633705e-05,0.0002534041559173472,0.0002732793511508458
17049,39.375,37.375,0.23270362629346059,0.2469537687693175,0.002657852111234577,0.002639023881942965,7.276776018971809e-06,7.2252275103990016e-06,5.093632016539562e-05,5.057549630349545e-05,0.00021828024824399606,0.0002167341181400495,0.0006546978163319839,0.0006500614435669405
23049,40.875,37.375,0.08220575677095594,0.09160129778518189,0.0009389228164144917,0.0009788796246226743,2.5706272679393294e-06,2.6800227594936388e-06,1.7994252105357766e-05,1.8760008484330903e-05,7.71159435720703e-05,8.039755846644958e-05,0.00023132999056851844,0.00024117328461692455
21029,40.375,32.375,0.2202465149871777,0.33958190090396195,0.002515571734634281,0.003628876574053273,6.887236336683422e-06,9.935273229566555e-06,4.820965825336199e-05,6.954483973820036e-05,0.00020659645762477474,0.00029801526216755025,0.0006196613354032543,0.0008937793736808475
11073,37.875,43.375,0.3255857850669993,0.6202228124775642,0.003718716721401645,0.006627891618787417,1.0181239673667797e-05,1.8146013644582126e-05,7.126650094191334e-05,0.00012701518088742425,0.00030539210341962164,0.0005442371977467664,0.0009158965457306545,0.0016318231720579002
1036,35.375,34.125,0.19738148661911661,0.20687402857654608,0.002254416096926896,0.002210719458496019,6.172235837209605e-06,6.052601692507764e-06,4.320485084197134e-05,4.2367442541602074e-05,0.00018515050409428913,0.00018156211589082094,0.0005553486765024207,0.0005445874592520106
14053,38.625,38.375,0.2656764338283011,0.3846445326891774,0.0030344549494270897,0.004110429708702826,8.307850361433111e-06,1.1253679890299573e-05,5.8153503122104766e-05,7.877309973036706e-05,0.0002492054893064033,0.0003375553117844765,0.0007474301732680599,0.0010123241430500807
2038,35.625,34.625,0.0671643943796467,0.06973848782953718,0.0007671261090560509,0.0007452469172262476,2.100274615890463e-06,2.0403727774009894e-06,1.4701829677554734e-05,1.4282522016406674e-05,6.30063196637165e-05,6.120937239795232e-05,0.00018900704985236327,0.00018361687766144108
19033,39.875,33.375,0.3011471645437617,0.5193785370792631,0.0034395881139624358,0.005550238694276086,9.417034684711112e-06,1.5195609923468467e-05,6.591738053052243e-05,0.00010636442054912099,0.00028247246789459,0.00045576786759349286,0.0008471780541371432,0.0013666805244070268
15053,38.875,38.375,0.23794965896716933,0.3351451447147577,0.0027177702966084427,0.0035814640336412837,7.440821862769731e-06,9.805466049672695e-06,5.208459037131519e-05,6.863624329034312e-05,0.000223200573419291,0.0002941221613016465,0.0006694522758894372,0.0008821069858114816
6027,36.625,31.875,0.3559222178527983,0.38923604953939045,0.004065207892215546,0.0041594960691088275,1.1129870690074206e-05,1.1388014742985675e-05,7.790649352446e-05,7.971337982781712e-05,0.000333842241100335,0.0003415840344914711,0.0010011924085822077,0.0010244021043723794
28068,42.125,42.125,0.025428408284538892,0.044617871251071174,0.00029043358593460714,0.00047680028687078975,7.951635057068529e-07,1.3054071886786645e-06,5.566131262013663e-06,9.137814534931898e-06,2.3854630129660492e-05,3.91614743908697e-05,7.156218327220021e-05,0.00011747982236942622
1043,35.375,35.875,0.04811832326990569,0.0625280341116894,0.0005495891453393337,0.0006681937924415049,1.5046919421557448e-06,1.8294132272389518e-06,1.0532796048901005e-05,1.2805822308892267e-05,4.5139773394820004e-05,5.48809410038098e-05,0.00013541320747889607,0.00016463378742370693
2043,35.625,35.875,0.1299586867024982,0.17235796044953264,0.001484338578333596,0.0018418701449103411,4.063889287420075e-06,5.042752911355031e-06,2.8446878195365066e-05,3.5298736367206374e-05,0.00012190949478541047,0.00015127152608984673,0.00036568390039315446,0.0004537459325072435
19070,39.875,42.625,0.3893997840246217,0.5288704377308108,0.0044475758911420695,0.005651672062267579,1.2176725017520873e-05,1.5473315091329987e-05,8.523396146020712e-05,0.00010830817787577107,0.00036523725925885486,0.00046409531856517194,0.0010953116317320433,0.001391639902260211
18051,39.625,37.875,0.30104899920312184,0.3891256726640336,0.0034384669068629786,0.00415831654789102,9.413965015858672e-06,1.1384785426615807e-05,6.589589406258423e-05,7.969077615788134e-05,0.0002823804029713495,0.0003414871869867886,0.0008469020153547557,0.0010241117602857175
12048,38.125,37.125,0.19702375002091818,0.2108296407990451,0.0022503301658740277,0.0022529903465853254,6.161049236563798e-06,6.16833236954939e-06,4.312654753535483e-05,4.317752758031812e-05,0.0001848149660880205,0.00018503342101860998,0.0005543424348616321,0.000554997557290049
6047,36.625,36.875,0.23396132225401103,0.25743935360305337,0.0026722170350532743,0.0027510760645448693,7.316104750021424e-06,7.532007403110441e-06,5.1211609230383814e-05,5.2722860482523615e-05,0.00021945986054516808,0.00022593554578276276,0.0006582351043142864,0.0006776535082689827
6030,36.625,32.625,0.0566546775434783,0.06221662710632168,0.0006470881297326802,0.0006648660014615768,1.7716291760283553e-06,1.8203022487117693e-06,1.2401338320144895e-05,1.2742046157532272e-05,5.31475099809775e-05,5.460762611242398e-05,0.00015943405611973382,0.00016381393252173915
2029,35.625,32.375,0.36002519506791947,0.3921598959373041,0.004112070533882353,0.004190741190451498,1.1258172174288816e-05,1.147355824515639e-05,7.88045435943241e-05,8.031214327575142e-05,0.0003376900363183388,0.00034414948898253694,0.0010127280437813857,0.001032093191095984
6044,36.625,36.125,0.4844819972377054,0.5862334403871593,0.005533568684441107,0.006264670740945245,1.5149970616357145e-05,1.715158662907168e-05,0.00010604497448252204,0.00012005492886468794,0.00045439929070745233,0.0005144196523931832,0.0013625785297999293,0.0015424652105728853
24044,41.125,36.125,0.1431707226585757,0.16729012637383026,0.0016352414165011616,0.0017877137122219383,4.477036977368343e-06,4.894481416162222e-06,3.133883792361125e-05,3.426086684232832e-05,0.00013430239060596705,0.00014682402212329304,0.0004028530628439331,0.00044040739765460746
7046,36.875,36.625,0.4498809064532448,0.5464879251666159,0.005138368215684672,0.005839937948285903,1.406798650882557e-05,1.5988750887041547e-05,9.84717495862153e-05,0.00011191588790937512,0.00042195351648144364,0.00047955133973787145,0.0012653264902606765,0.001437964221033372
2055,35.625,38.875,0.025540947278285975,0.026439989756837375,0.0002917189634205158,0.00028254585768966174,7.986826746630982e-07,7.735680996878713e-07,5.590765327023739e-06,5.4149641312006835e-06,2.396020275841071e-05,2.3206782684748184e-05,7.187888601511983e-05,6.961873240241001e-05
7038,36.875,34.625,0.28523478852632683,0.3282511840245604,0.0032578430210030217,0.0035077930506339284,8.919448300837018e-06,9.60376784830963e-06,6.24344674433619e-05,6.7224438089597e-05,0.00026754884480484353,0.00028807291796983936,0.0008024318064130398,0.0008639698197971946
14048,38.625,37.125,0.17148545480424113,0.19495438501278503,0.0019586414932902243,0.0020833424835027888,5.362453776136533e-06,5.703864591199981e-06,3.753657256400089e-05,3.9926368929577016e-05,0.00016086110508817253,0.00017110178616919214,0.0004825056905416458,0.0005132175360529345
10056,37.625,39.125,0.2370124165532309,0.2916993612926031,0.0027070654710399603,0.003117189037587719,7.411513865296371e-06,8.534362042289523e-06,5.187944353002294e-05,5.97390047759605e-05,0.00022232152282786188,0.000255999180422406,0.0006668162988937576,0.0007678009513030215
16037,39.125,34.375,0.10689470461869367,0.1311042724547317,0.0012209105671275716,0.0014010205544017636,3.34266537049821e-06,3.8357778709974255e-06,2.3398422953180287e-05,2.6850136122247292e-05,0.00010027510083276958,0.00011506693612195473,0.0003007951382191232,0.0003451610886899825
23041,40.875,35.375,0.35980470227371036,1.1643927794725804,0.00410955214924033,0.012443059153555515,1.1251277290513784e-05,3.4066659016063205e-05,7.875628266706958e-05,0.00023844224321389884,0.0003374832573064257,0.0010214950972536885,0.0010121081255101139,0.003061356000941373
21040,40.375,35.125,0.3366346561521243,0.7215461083436226,0.0038449127150271354,0.0077106635032589506,1.0526741896721425e-05,2.1110423313541737e-05,7.368486625991544e-05,0.00014776360487489537,0.0003157540582899854,0.0006331188798600618,0.0009469631044748406,0.0018981543748110008
16048,39.125,37.125,0.20810781116203803,0.2286492913232195,0.0023769280869043903,0.0024434166095070376,6.5076532588248526e-06,6.689687711558534e-06,4.5552683480831746e-05,4.682687420110021e-05,0.0001952111768288578,0.000200671165476618,0.0005855192157148137,0.0006018926977605643
22040,40.625,35.125,0.5060646620957645,1.3913516125999446,0.005780077654983406,0.014868411007167064,1.5824864942892702e-05,4.070666224076369e-05,0.00011076879578553189,0.0002849118403663864,0.0004746370289120394,0.0012204793319298135,0.0014232353527346975,0.0036569711043795694
26046,41.625,36.625,0.022515438076670394,0.030486259294210175,0.0002571627506654437,0.00032578553771203775,7.040729914642441e-07,8.919517930916498e-07,4.928500530243518e-06,6.2436458443393406e-06,2.1121974107862762e-05,2.6758207718580174e-05,6.336458391964506e-05,8.027247516995129e-05
27043,41.875,35.875,0.04254223574126561,0.04967696059964187,0.0004859011992317173,0.0005308632707171012,1.330324095882851e-06,1.4534233673257901e-06,9.312231506353186e-06,1.0173919210432203e-05,3.9908953040068695e-05,4.360178212248211e-05,0.00011972208101029835,0.00013079964310402925
26044,41.625,36.125,0.07510677869733716,0.08318646778878395,0.0008578409950389135,0.0008889561647230689,2.3486378853965206e-06,2.433826373549053e-06,1.6440349360435924e-05,1.7036660221680933e-05,7.045673711258971e-05,7.301221453792639e-05,0.00021135531923199835,0.00021902065165257945
8042,37.125,35.625,0.659052479867133,1.0590069943189038,0.007527446189515904,0.011316874259824842,2.060881211052301e-05,3.0983433103703995e-05,0.00014425276589447034,0.00021686387333097468,0.0006180796442851744,0.0009290855255319475,0.0018530931016358387,0.002784667778841121
1032,35.375,33.125,0.22369563322434508,0.24095605338767098,0.002554966248310627,0.002574930451791482,6.995091888284399e-06,7.0497505146871475e-06,4.896461567227561e-05,4.934720993610142e-05,0.0002098314729174211,0.00021147089780426676,0.000629362340249906,0.0006342785430479836
9049,37.375,37.375,0.6082539397857164,1.217951115506515,0.0069472446294733415,0.01301539999522418,1.902033828826699e-05,3.563358823033269e-05,0.00013313477102006033,0.0002494084543913644,0.0005704528052098423,0.001068455488179798,0.0017103823520554506,0.0032019428928944382
2012,35.625,28.125,1.0973943030435787,1.4599378970961885,0.012534019394794184,0.015601345125408431,3.431568606937496e-05,4.2713242795366924e-05,0.0002401850750071155,0.00029895438945171104,0.0010289585047577043,0.0012806039769709399,0.003083700336875217,0.003836894191397322
17054,39.375,38.625,0.5355311153211746,0.7601551451840595,0.006116632250900986,0.008123251538616715,1.6746286202073968e-05,2.2240003306528422e-05,0.00011721811437903629,0.00015566963655799793,0.0005022666145539922,0.0006669849851305143,0.001506043155113268,0.0019996206452014276
19053,39.875,38.375,0.47473553640368943,0.6378244945792568,0.005422248324215667,0.006815988604147157,1.4845196651402937e-05,1.866098564662355e-05,0.00010391174869761599,0.00013061958687343722,0.00044526004758438376,0.0005596781146900431,0.0013351854614988001,0.0016780948006074325
6034,36.625,33.625,0.0629434580712049,0.0771395507936892,0.0007189161835921863,0.000824336951006641,1.9682833020118196e-06,2.256909023334863e-06,1.3777901757716648e-05,1.5798256197463445e-05,5.904681384216737e-05,6.770505501452195e-05,0.0001771299821536898,0.0002031014134306064
10052,37.625,38.125,0.40926879039608727,0.48954895963686246,0.004674512107709388,0.00523147066068395,1.2798034757954824e-05,1.4322883492789984e-05,8.958280379578465e-05,0.0001002558765071937,0.0003838698027331944,0.00042959727863900454,0.001151167396688746,0.0012882382537353632
7045,36.875,36.375,0.593811849486596,0.7210061717398434,0.006782292579505068,0.0077048935747447604,1.856873267636061e-05,2.109462644361848e-05,0.00012997388820368272,0.0001476530407853449,0.0005569120192224775,0.0006326452636933322,0.001669805777402833,0.001896735324200871
18049,39.625,37.375,0.2575637546391773,0.27421257117689096,0.0029417950203403406,0.00293031982330577,8.054163377124723e-06,8.022746252334123e-06,5.637778139733207e-05,5.6157872131201714e-05,0.0002415966851799789,0.00024065439112896936,0.0007246149627669896,0.0007217894437163697
20044,40.125,36.125,0.17268447965137027,0.21458171681835939,0.001972336298017272,0.002293086184244257,5.399947906270519e-06,6.27810810704954e-06,3.7799023001050536e-05,4.394592905088146e-05,0.000161985753471372,0.00018832609884833484,0.00048587854651138684,0.0005648719030658667
19043,39.875,35.875,0.15562546721870366,0.19488922313212492,0.0017774947610290969,0.002082646143616537,4.8665035891071184e-06,5.701958127435347e-06,3.4065027788021673e-05,3.991302413941522e-05,0.0001459848060991753,0.0001710446017123557,0.0004378904867180511,0.0005130460413740323
14032,38.625,33.125,0.12095894161582539,0.14306758995082397,0.0013815469207209166,0.001528864242460418,3.782462170809353e-06,4.185793409217098e-06,2.6476934750219172e-05,2.930018592861572e-05,0.0001134676417907654,0.0001255661809962394,0.0003403643021160363,0.00037665124437114006
21024,40.375,31.125,0.12377136072068072,0.6880927896441495,0.0014136692996222647,0.007353171056724854,3.870408114670099e-06,2.01316825205744e-05,2.7092542223439153e-05,0.00014091326695175876,0.00011610572734976898,0.0006037742099183063,0.0003482767419945576,0.0018102292199672076
3030,35.875,32.625,0.17959326227566588,0.18530262258585925,0.002051245779474549,0.001980200783441147,5.6159891022034e-06,5.421479577383259e-06,3.9311261395669206e-05,3.794973980575378e-05,0.00016846595417530086,0.00016263160225571394,0.0005053127249738942,0.00048781546395437747
30016,42.625,29.125,0.029549030167550432,0.02954903016755251,0.00033749775827178485,0.00031577001917823267,9.240180762759564e-07,8.64530821820253e-07,6.468108603718825e-06,6.051700057296827e-06,2.772017088314982e-05,2.5935599533344345e-05,8.315820744719815e-05,7.780478065144703e-05
6049,36.625,37.375,0.10489353914642947,0.12480513364504388,0.0011980540179619835,0.0013337060208464238,3.2800877566296904e-06,3.6514814123478345e-06,2.2960388359027917e-05,2.556008988818803e-05,9.839795268695717e-05,0.00010953864257401413,0.00029516481254232563,0.00032857993289381326
17047,39.375,36.875,0.23773244154461112,0.2737414832214546,0.0027152893220128206,0.002925285632610533,7.434029375086304e-06,8.008963499950283e-06,5.2037045078945354e-05,5.606139750391481e-05,0.00022299684273396903,0.00024024100466202292,0.0006688413565154594,0.0007205498806306387
5050,36.375,37.625,0.06782230511447378,0.07647131194202565,0.0007746405146689605,0.0008171959452338983,2.120847893860578e-06,2.2373580590429043e-06,1.484584079924911e-05,1.5661401292277333e-05,6.362348022548314e-05,6.711856430541285e-05,0.00019085829709220015,0.0002013421785134195
3046,35.875,36.625,0.11625066528003385,0.1425960335758164,0.001327770783242173,0.0015238250460896598,3.635231676568651e-06,4.171996899060559e-06,2.54463442245223e-05,2.9203612779360455e-05,0.00010905120200621621,0.00012515233584953211,0.0003271179308216299,0.00037541002018748326
7042,36.875,35.625,0.5114939800316324,0.9046170102442087,0.005842089254751998,0.009667015433468935,1.5994640748973055e-05,2.64664955699212e-05,0.00011195711298694899,0.0001852507596548092,0.00047972795366924004,0.0007936902355577535,0.0014384935546830624,0.002379181374083772
12040,38.125,35.125,0.18425070369979005,0.1988290408966685,0.00210444129997086,0.002124748247273217,5.761629671363622e-06,5.817226741089421e-06,4.033071058218152e-05,4.071987655207554e-05,0.00017283445049309787,0.00017450208257774324,0.0005184137414004919,0.0005234149001165367
21045,40.375,36.375,0.22774943508847298,0.2521142140802283,0.0026012672278643858,0.0026941699867577312,7.121856166802942e-06,7.376208214560087e-06,4.985192804274341e-05,5.163231493854337e-05,0.00021363362290749421,0.00022126258039123492,0.0006407639604981696,0.0006636408806176552
23042,40.875,35.625,0.32630820092527196,0.8322303405486405,0.0037269678799447346,0.008893469230821729,1.020382988425883e-05,2.434869529965855e-05,7.142462274623007e-05,0.00017042841756453875,0.0003060696094492332,0.0007302030239384472,0.0009179278212022579,0.0021890098717884943
28007,42.125,26.875,0.05003161967827105,0.08071272057236888,0.000571442087553386,0.0008625209415857882,1.5645219453297443e-06,2.3614508506408782e-06,1.0951602215203415e-05,1.6530038849271733e-05,4.6934593613712217e-05,7.084109981592146e-05,0.00014079717237636125,0.00021250824441909621
5043,36.375,35.875,0.5356178182552143,0.6681006708019364,0.006117622538761807,0.007139529129581292,1.6748997417104228e-05,1.9546774406520306e-05,0.00011723709097699597,0.00013681939750265215,0.0005023479115093821,0.0005862370592828459,0.0015062868010247144,0.0017576803576537792
4045,36.125,36.375,0.31008396636963104,0.41345068470000074,0.00354166085764464,0.004418261103551687,9.696491955590858e-06,1.2096466477262702e-05,6.787346925984927e-05,8.467219258834202e-05,0.00029085386281746395,0.0003628303503457886,0.0008723078251490213,0.0010880961612131923
30034,42.625,33.625,0.00939663017671093,0.009398482115007939,0.00010732472781565554,0.00010043506879495486,2.9383904731616894e-07,2.749761943698914e-07,2.0568715183300057e-06,1.9248317726372477e-06,8.81513386230548e-06,8.24925293940737e-06,2.6445168467947866e-05,2.4747554668302918e-05
17046,39.375,36.625,0.24783405740219291,0.29441265405506917,0.002830666127529791,0.0031461841180618283,7.749911454690839e-06,8.613745565599906e-06,5.424811891518999e-05,6.029466085255564e-05,0.00023247121893865685,0.0002583800940354486,0.000697251540776378,0.0007749400185370625
8050,37.125,37.625,0.32586331020719533,0.4859948109081465,0.003721886507758392,0.005193489934891423,1.0189917987291075e-05,1.4218899416662545e-05,7.13272454252456e-05,9.952805029833645e-05,0.00030565237593849215,0.0004264790471324442,0.0009166768862457486,0.0012788915658342725
14036,38.625,34.125,0.09758218178921514,0.10841948838674087,0.0011145464813696812,0.0011586039789816564,3.0514573056139582e-06,3.1720797847301085e-06,2.136000560104545e-05,2.2204347190690754e-05,9.153966882824438e-05,9.515801666359902e-05,0.00027459386871875324,0.00028544688570797394
22045,40.625,36.375,0.3122476006303304,0.34649707269683333,0.0035663730633774685,0.0037027742254236913,9.764149629165608e-06,1.0137591941905555e-05,6.834704532565627e-05,7.09609854436799e-05,0.000292883020355017,0.0003040830572019759,0.0008783917447979794,0.0009119718002064126
9025,37.375,31.375,0.3022350682771457,0.3321514042852013,0.003452013735688451,0.003549472003192388,9.451053861964098e-06,9.717877498927052e-06,6.615550129240866e-05,6.802315934484326e-05,0.00028349276403349943,0.00029149524853744335,0.0008502372104425282,0.0008742308619408279
14047,38.625,36.875,0.15438599837641048,0.17053275741707366,0.001763338020406826,0.0018223654642729164,4.827744733537642e-06,4.989352273887526e-06,3.3793723689279354e-05,3.492494315560091e-05,0.00014482220386657918,0.0001496697399908653,0.00043440369422498293,0.00044894202023193497
28005,42.125,26.375,0.16952609776154998,0.23895949358067556,0.0019362624640695465,0.0025535945999895595,5.301183660044728e-06,6.99133654613604e-06,3.710769547182746e-05,4.893832938002163e-05,0.00015902328579708858,0.00020971883549780745,0.0004769939961963843,0.0006290245697475605
20050,40.125,37.625,0.16240020965822452,0.1952590100184951,0.0018548732865929548,0.002086597799949718,5.0783533928067115e-06,5.71277711103324e-06,3.554793217142027e-05,3.998875443156358e-05,0.000152339383809319,0.00017136911750559314,0.0004569485330998546,0.0005140192554262679
11059,37.875,39.875,0.06979962163533984,0.09396487115189199,0.0007972246702030704,0.0010041374961366697,2.182679808782062e-06,2.7491748552099793e-06,1.5278658615947016e-05,1.9244065269874433e-05,6.54783219261601e-05,8.247195802668639e-05,0.00019642210382742054,0.00024739546976937365
14068,38.625,42.125,0.3122292768739368,0.42620927006930864,0.003566163776417088,0.004554603268553685,9.76357663828864e-06,1.246974639590448e-05,6.834303462455171e-05,8.72849594534264e-05,0.0002928658354954816,0.00037402475960990333,0.0008783402204127766,0.0011216546475912859
7070,36.875,42.625,0.1826029430143962,0.258060904120613,0.002085621205560469,0.0027577181444282746,5.710103356593166e-06,7.5501922895959694e-06,3.99700387918589e-05,5.285014892852935e-05,0.00017128891815698655,0.0002264809730837536,0.000513778739815951,0.0006792890499748294
7071,36.875,42.875,0.1821112020132735,0.24329110080179242,0.0020800047273008375,0.0025998834862077814,5.694726364913194e-06,7.1180677155835426e-06,3.986240353248682e-05,4.982541001719021e-05,0.00017082768468557052,0.00021351999283591994,0.0005123955127481761,0.0006404232158803147
27028,41.875,32.125,0.0695460825622739,0.09184032802358814,0.0007943288435614222,0.0009814339752236157,2.1747514847847427e-06,2.687016171565304e-06,1.522316107360755e-05,1.8808961580352168e-05,6.524048723444142e-05,8.060734450088258e-05,0.00019570869301743787,0.000241802541394609
16054,39.125,38.625,0.31903403526188734,0.3971657418265402,0.0036438851327016152,0.004244235198325336,9.976364014563366e-06,1.1620015165636488e-05,6.983245805192162e-05,8.133727069437047e-05,0.0002992476298571134,0.0003485417255705281,0.0008974742689368265,0.0010452607750496279
8041,37.125,35.375,0.4364522437372823,0.6989783819218103,0.004984991149245373,0.007469497841827192,1.3648068806104696e-05,2.0450161438367864e-05,9.553257006600369e-05,0.00014314234797641046,0.00040936104714728305,0.000613322956908191,0.0012275804806405333,0.0018388406062866958
12065,38.125,41.375,0.14089668567484492,0.1691719627876846,0.0016092682329521774,0.0018078235945809742,4.405926592121467e-06,4.9495390024301145e-06,3.084107849227191e-05,3.4646258564419163e-05,0.00013216935381010764,0.0001484755139622429,0.00039645565752488565,0.0004453604102252484
28035,42.125,33.875,0.027653803861447133,0.027655394573695476,0.0003158512058773174,0.0002955340471548453,8.647530986838348e-07,8.091277963195864e-07,6.053255987348294e-06,5.663880825568235e-06,2.5942267672385277e-05,2.4273549101505587e-05,7.782478403084436e-05,7.281887970311818e-05
38,35.125,34.625,0.11044424788666421,0.12021747592013111,0.00126145209722301,0.0012846809002396021,3.4536616534408537e-06,3.517258428398229e-06,2.417538109189543e-05,2.4620549206821885e-05,0.00010360466118575218,0.00010551237159617255,0.00031078178289178915,0.00031650371738145555
25026,41.375,31.625,0.07414134506489703,0.17263693094756716,0.000846814180119399,0.0018448513094025433,2.3184481819926717e-06,5.05091485369924e-06,1.6229024395131297e-05,3.535586823366632e-05,6.955110729744973e-05,0.00015151634852617057,0.0002086388101590897,0.0004544801774452045
19030,39.875,32.625,0.2439672944396284,0.3795308567667345,0.0027865014350091206,0.004055783395949245,7.628996046227243e-06,1.1104068112444132e-05,5.340175010604131e-05,7.77258875279685e-05,0.0002288445655024285,0.0003330684132878403,0.0006863765989862936,0.0009988724731083698
16070,39.125,42.625,0.3068363803748321,0.6615702768943188,0.0035045681684150918,0.007069743332966073,9.594938686685595e-06,1.93557150247603e-05,6.71626375182699e-05,0.00013548213790903763,0.000287808116849142,0.0005805085101673324,0.0008631758738510964,0.0017405147557365552
19049,39.875,37.375,0.21158997138877894,0.23514975498020022,0.0024166999935898016,0.0025128825622639643,6.616542090331912e-06,6.879873834630956e-06,4.63148752910536e-05,4.8158122867847375e-05,0.00019847722018129232,0.00020637562665193343,0.0005953134887417555,0.0006189991160477915
26036,41.625,34.125,0.043601360068265364,0.044624849087726466,0.000497998113548928,0.000476874854178142,1.3634435976905834e-06,1.3056113425946592e-06,9.544066145283914e-06,9.139243601019587e-06,4.090249928512257e-05,3.916759877586884e-05,0.00012270247888035435,0.00011749819408524154
22037,40.625,34.375,0.32794469288338884,0.4722581782288548,0.0037456592672478885,0.005046696055701866,1.0255003590309286e-05,1.3817005312777297e-05,7.178281670250364e-05,9.67150281797613e-05,0.0003076043652679994,0.0004144271244015396,0.0009225292635730575,0.0012427661948581914
20072,40.125,43.125,0.19736805626438855,0.22847127127089276,0.00225426270053494,0.0024415142325079084,6.171815863376118e-06,6.6844793220610654e-06,4.3201911133938786e-05,4.679041693711472e-05,0.00018513790713392542,0.00020051494408890314,0.0005553108996138034,0.0006014242216001442
4038,36.125,34.625,0.08451971419059033,0.10170109580292257,0.0009653519559644111,0.0010868091707253512,2.6429861198495885e-06,2.975516916636778e-06,1.850075614640012e-05,2.0828432489961024e-05,7.928654503064347e-05,8.926165624723037e-05,0.00023784077652166946,0.00026776106652315335
18063,39.625,40.875,0.7206153666491459,1.7331992120512607,0.008230594014126605,0.018521499532329844,2.2533884408315608e-05,5.0707816388717575e-05,0.00015772652796408604,0.00035490072234845016,0.0006757956961620515,0.0015201165128888583,0.002026017297652949,0.004553420788644069
18066,39.625,41.625,0.4556966883069491,0.6197871628254485,0.005204793858999979,0.006623236132694522,1.4249847433700502e-05,1.8133267849607115e-05,9.974466791584646e-05,0.00012692597003216566,0.0004274071044610972,0.0005438550249916574,0.0012816733609618547,0.0016306779009708228
15031,38.875,32.875,0.2066378931662689,0.35562762270357956,0.002360139243899985,0.0038003460893525466,6.461688209835614e-06,1.040472640256862e-05,4.5230940656781904e-05,7.283081143238945e-05,0.00019383248465565384,0.0003120947042756228,0.0005813847481531687,0.0009359919339126943
15054,38.875,38.625,0.2899076908114519,0.3675892344138282,0.0033112151295598942,0.003928171548859349,9.065571856314847e-06,1.075468973499305e-05,6.345727714363036e-05,7.528039925774888e-05,0.0002719314084153046,0.0003225903835404331,0.0008155724052815172,0.000967458990524972
30045,42.625,36.375,0.03557639893874683,0.035581346221926526,0.0004063400667002371,0.0003802332027540683,1.1124978526177998e-06,1.0410212315514755e-06,7.787458977781547e-06,7.287125862953658e-06,3.337439720618729e-05,3.12301655318592e-05,0.00010011985010449642,9.368757065630895e-05
14075,38.625,43.875,0.5833461764201877,3.1906408751209447,0.006662757651330097,0.03409616913363636,1.8241469902480212e-05,9.334586650422416e-05,0.0001276833017543888,0.0006532381115277319,0.0005470993749340236,0.002796588944210865,0.0016404003353803764,0.0083663259753336
9051,37.375,37.875,0.2347641424480099,0.2860713678908978,0.0026813865412683205,0.0030570465701593667,7.341209305788965e-06,8.36970233231149e-06,5.138733339404844e-05,5.8586445256025854e-05,0.0002202128371714407,0.00025106059976398587,0.0006604930411122645,0.0007529927208425047
20053,40.125,38.375,0.24817544338040404,0.29114379958013137,0.002834565308034138,0.003111252134359182,7.76058674623048e-06,8.518107825761234e-06,5.43228424794151e-05,5.9625231080384644e-05,0.0002327914056682312,0.0002555116744812347,0.0006982116541043304,0.0007663391814777265
15073,38.875,43.375,0.6914187974915398,7.497501953233436,0.007897121931149742,0.08012061046122154,2.162090776003378e-05,0.00021933421914910323,0.0001513365379376408,0.0015343296457761557,0.0006484239271420389,0.006559142588337674,0.001944010693290421,0.019548642900268365
40,35.125,35.125,0.05223074164295615,0.05300536720232959,0.0005965596203129726,0.0005664316467620708,1.6332898922222228e-06,1.5508041274481243e-06,1.1432973225367071e-05,1.0855578387425346e-05,4.899753636289361e-05,4.652307766639385e-05,0.00014698540693047768,0.00013956273990956003
14069,38.625,42.375,0.33025952118492014,0.6069706774660196,0.0037720983536788477,0.00648627523060074,1.0327389118880426e-05,1.7758296065206736e-05,7.228948411663882e-05,0.000124301450154074,0.0003097752831286993,0.000532611724362142,0.0009290379969342233,0.0015969842984284721
14064,38.625,41.125,0.28698303788090274,0.40373747821083583,0.00327781085868581,0.004314462793354226,8.974116771920393e-06,1.1812285589218874e-05,6.281712619837787e-05,8.268306905045986e-05,0.00026918847346524277,0.0003543078787787701,0.0008073480525990773,0.0010625470785952107
15057,38.875,39.375,0.4650761848688033,0.7703459897055829,0.005311922893198197,0.008232154035644772,1.4543146521717176e-05,2.2538155418194705e-05,0.00010179758419459617,0.0001577564209909177,0.00043620240428621226,0.0006759237427461651,0.0013080364782435128,0.0020264009183317278
19025,39.875,31.375,0.04123669724727506,0.06085401575228188,0.00047098983623398337,0.0006503047176915903,1.2894990624179314e-06,1.7804356982065173e-06,9.026458518301972e-06,1.2462983318806131e-05,3.868424856112718e-05,5.341169204098328e-05,0.00011604825632793858,0.00016022651784886044
11049,37.875,37.375,0.35015567934815495,0.4200683576704786,0.003999344687661296,0.00448897959106055,1.0949549054339869e-05,1.2290080783183832e-05,7.664432568144086e-05,8.60273935792133e-05,0.0003284343236691356,0.00036863672598330677,0.0009849793991202338,0.001105502548937709
17051,39.375,37.875,0.2904696041074423,0.3768334477700027,0.0033176330890213233,0.004026958054278139,9.08314311220959e-06,1.102514950124256e-05,6.358026923836135e-05,7.717349392322159e-05,0.0002724584073906522,0.0003307016145220887,0.000817152541646271,0.0009917767890594842
1039,35.375,34.875,0.06188202922831694,0.0632170362025656,0.0007067929479729984,0.0006755566805706971,1.935091756610774e-06,1.8495716791466776e-06,1.3545563660621873e-05,1.29469299153806e-05,5.805112383672206e-05,5.548566230328955e-05,0.00017414326190678953,0.00016644775110452592
11055,37.875,38.875,0.5507983233573127,0.8030786775816565,0.006291008481120684,0.008581945599691864,1.722369419232539e-05,2.3495810484330804e-05,0.00012055962975687784,0.00016445908072915127,0.0005165818013090906,0.0007046342240815129,0.0015489449715082593,0.0021124134939328743
20028,40.125,32.125,0.1589000366381288,0.21525558744121284,0.0018148956446484505,0.002300287372855034,4.968901124224878e-06,6.2978237630462175e-06,3.478178938443044e-05,4.408393343569017e-05,0.00014905629408445975,0.00018891746068072646,0.00044710223222865775,0.0005666453193639009
21028,40.375,32.125,0.1852654623372568,0.27883525793195746,0.0021160314862947436,0.0029797192748960695,5.7933616887106965e-06,8.157993485635728e-06,4.055282700432539e-05,5.710455680818516e-05,0.00017378625153008365,0.0002447108562789735,0.0005212681548552034,0.0007339529332816008
8028,37.125,32.125,0.14574172994516565,0.16067349315885293,0.0016646064816421972,0.0017170063358599554,4.55743378091622e-06,4.7008960989414206e-06,3.19016002953143e-05,3.290580862902459e-05,0.0001367139787730176,0.00014101727057425073,0.00041008586673840774,0.00042299215691510295
21042,40.375,35.625,0.33152629576739545,0.5763859868048467,0.003786566970056335,0.006159437825045414,1.036700162171389e-05,1.686347950746736e-05,7.256675442213201e-05,0.00011803838480473061,0.0003109633016719071,0.0005057807007241566,0.0009325998405602665,0.0015165747892066372
16036,39.125,34.125,0.1039007932385738,0.1359715646147738,0.0011867152526443077,0.0014530339345366647,3.2490440103893903e-06,3.9781821884465884e-06,2.2743086391940892e-05,2.7846942976528233e-05,9.746672846633331e-05,0.00011933858162693767,0.00029237168703555305,0.0003579730214890997
10053,37.625,38.375,0.5688573022871312,0.6863994237880174,0.0064972712542449365,0.00733507522867789,1.7788401002194476e-05,2.008213983961671e-05,0.0001245121622407419,0.0001405665100218112,0.0005335144070783837,0.0006022887958984091,0.0015996894602258172,0.0018057783507955394
3034,35.875,33.625,0.09758613972802752,0.11268166509587227,0.0011145916874380016,0.0012041509094071875,3.051581072721632e-06,3.296780080708217e-06,2.1360871954811955e-05,2.307723232264358e-05,9.154338151240449e-05,9.889867465795454e-05,0.000274605004732309,0.00029666668209782365
12037,38.125,34.375,0.11273951976819926,0.13178830843836506,0.0012876678176798198,0.0014083303731824727,3.525436133799964e-06,3.855790987161711e-06,2.467779193571218e-05,2.699022470264989e-05,0.00010575767770848454,0.00011566726264911065,0.00031723948024908744,0.00034696165274783475
25027,41.375,31.875,0.09399007096226122,0.1522069709489072,0.0010735187608425932,0.0016265304770771785,2.9391298651537667e-06,4.453187831487959e-06,2.0573727648631746e-05,3.117189837498202e-05,8.817013831607934e-05,0.00013358700886956232,0.00026448709371384993,0.0004007074925259646
21044,40.375,36.125,0.24739108821416012,0.2955771974542915,0.0028256067023271084,0.0031586287867843275,7.736059610574664e-06,8.64781691756189e-06,5.41511605116618e-05,6.05331479661686e-05,0.00023205575691953584,0.00025940197879192883,0.0006960057336317105,0.0007780040856708581
19064,39.875,41.125,0.671259250282988,1.5630423821294328,0.007666867267897474,0.016703151344824058,2.0990518280195047e-05,4.5729690422824376e-05,0.0001469243756463401,0.00032006392101047165,0.0006295239241425055,0.0013709814268287879,0.0018873831207948388,0.004107308087151429
24030,41.125,32.625,0.20174853930931846,0.3050381089651329,0.002304294908002613,0.0032597309952927633,6.308795727161254e-06,8.924617246663935e-06,4.41607342797079e-05,6.247064812692216e-05,0.00018924655944008162,0.00026770387306085386,0.000567632242317262,0.0008028966422768402
18070,39.625,42.625,0.29044959835222395,0.48806572816686644,0.0033174045909115566,0.0052156203932785345,9.082517524183764e-06,1.4279488446233835e-05,6.357589036065647e-05,9.995213724611762e-05,0.0002724396446920352,0.0004282959670589559,0.0008170962842175555,0.0012843376674362972
14055,38.625,38.875,0.7738307879335551,1.2780199754226838,0.00883840026993732,0.01365731429630915,2.419792836139134e-05,3.739098963573273e-05,0.0001693732026915029,0.00026170756947185847,0.0007256831985739121,0.0011211217338036317,0.0021754701295640944,0.003359595868738463
6075,36.625,43.875,0.10457865163706974,0.14540427268149284,0.001194457492867451,0.0015538347523720085,3.2702410397433823e-06,4.254158650907058e-06,2.289146269573994e-05,2.9778730503804418e-05,9.810257923847931e-05,0.00012761688726781184,0.0002942788663116147,0.0003828018056720728
18071,39.625,42.875,0.25693136988291954,0.46804851542377224,0.002934572162723964,0.005001710304996771,8.034388429778438e-06,1.3693842733975004e-05,5.6239363447008195e-05,9.585296128011844e-05,0.00024100357513978654,0.00041073372066724456,0.0007228364912478247,0.0012316951247256513
1015,35.375,28.875,0.4030157684802072,0.5885125832090002,0.0046030924750829535,0.006289026361704431,1.2602500943925676e-05,1.7218267538643417e-05,8.8214171394152e-05,0.00012052164710552038,0.0003780059484265186,0.0005164190829805015,0.0011335892338012465,0.001548457320656782
6042,36.625,35.625,0.3738466727756795,0.5699399457105804,0.004269934183414075,0.006090553448522111,1.1690374332129494e-05,1.6674887525658377e-05,8.182975041870488e-05,0.00011671837375226701,0.00035065178723847623,0.0005001256920255104,0.0010515865348027509,0.001499626824047473
36,35.125,34.125,0.26372854873664825,0.2853828948169237,0.003012206948457982,0.0030496893352673993,8.246939158684796e-06,8.349559489251313e-06,5.772714587803929e-05,5.844545242750243e-05,0.00024737859181422905,0.00025045646095478435,0.0007419522020782887,0.0007511812132585671
15071,38.875,42.875,0.42111933630635096,2.7842051899278655,0.004809864525583426,0.029752872471092567,1.3168604670488193e-05,8.145560762629067e-05,9.217659111848686e-05,0.0005700499369619694,0.00039498271510174376,0.002440784189880141,0.0011844801728913001,0.007304494828050623
18057,39.625,39.375,0.5305514160838194,0.9034922671065068,0.006059756024508936,0.009654996082574883,1.6590570176444608e-05,2.643358925091821e-05,0.00011612821120787764,0.0001850204519756593,0.0004975973913797782,0.0007927038029351685,0.0014920494878540858,0.0023762267689664274
20059,40.125,39.875,0.3622235705477454,0.49470559690334087,0.004137179540576444,0.00528657607156539,1.1326916111720209e-05,1.4473751713039995e-05,7.928571855297939e-05,0.00010131186281792104,0.00033975167917243976,0.0004341214357719281,0.0010189087831249388,0.0013017990048680428
18039,39.625,34.875,0.054922989187819654,0.05728000342264431,0.0006273094454663534,0.000612111723353923,1.7174781842266285e-06,1.6758691593343755e-06,1.2022285345025807e-05,1.1731025136185735e-05,5.1523062412739407e-05,5.0274853085174875e-05,0.00015456122349721824,0.0001508169766999412
11039,37.875,34.875,0.16716301260229718,0.18152365740504153,0.0019092722062055518,0.0019398175999371752,5.227288750297987e-06,5.31091703992459e-06,3.659044744153128e-05,3.717582696194377e-05,0.0001568067769103232,0.0001593152422652011,0.0004703465694906317,0.0004778695867998506
15060,38.875,40.125,0.9012557351136945,2.9317438117325128,0.010293799441326192,0.03132951553425278,2.8182489769212893e-05,8.577186014957494e-05,0.0001972607498603729,0.0006002485500785637,0.0008451292840001567,0.0025699581516777092,0.0025332457251084906,0.007690077374092885
21047,40.375,36.875,0.2787565741955829,0.31025648438239956,0.003183851326458975,0.0033154961590306565,8.716871868097442e-06,9.077292569825701e-06,6.101650743894904e-05,6.35393176732224e-05,0.00026147310575519445,0.00027228293733283504,0.0007842142305870548,0.0008166264181912464
18,35.125,29.625,0.21155916029800328,0.2483628087940575,0.0024163480810563704,0.002654081316759341,6.615578612700901e-06,7.266452221377229e-06,4.63081312153113e-05,5.086405673537797e-05,0.00019844832139759294,0.00021797059962236354,0.0005952268267991334,0.0006537692756761748
14042,38.625,35.625,0.19126699018708587,0.2795509534660129,0.0021845786495700826,0.0029873674173641297,5.981032488833193e-06,8.178932787483717e-06,4.186647620152417e-05,5.7251124737423e-05,0.00017941541438748487,0.00024533888654454383,0.0005381496792650209,0.0007358361008931169
15070,38.875,42.625,0.3769175074525295,1.1904530791961598,0.004305008086468879,0.012721547526840314,1.1786400317959078e-05,3.482909236296461e-05,8.250188497938016e-05,0.00024377817364040766,0.0003535315863206767,0.0010443452588153601,0.0010602198494003012,0.003129764944409641
2027,35.625,31.875,0.5520436577165431,0.6432177161146925,0.006305232215441435,0.006873622227248162,1.726263598311739e-05,1.8818774949913575e-05,0.00012083219409098067,0.00013172398781080563,0.0005177494709841524,0.0005644092219170282,0.001552444358198679,0.0016922721722386624
24019,41.125,29.875,0.12838572274155352,0.34828674144889227,0.001466372783596816,0.003721899175818202,4.014701820875821e-06,1.0189952670214275e-05,2.810257427388052e-05,7.132748819071999e-05,0.00012043404363226706,0.0003056534161182123,0.00036125861956692873,0.0009166800048775459
11074,37.875,43.625,0.3397865213402714,0.8318005878137988,0.003880912117692563,0.008888876760999424,1.0625301847255741e-05,2.433612210861469e-05,7.437474213523032e-05,0.00017034041808106082,0.0003187099500766566,0.0007298260943899848,0.0009558251545063179,0.0021878807335248274
10037,37.625,34.375,0.08477193305441731,0.09824674852993938,0.0009682327036794053,0.0010498949539658466,2.6508731563179566e-06,2.8744515948586624e-06,1.8555964525268642e-05,2.0120987653027278e-05,7.952313796444344e-05,8.622995376739162e-05,0.00023855044260800984,0.000258667555128711
15043,38.875,35.875,0.30675444901647125,0.48496765293085214,0.0035036323796727147,0.005182513409017302,9.59237666131596e-06,1.4188847753504596e-05,6.714470437296782e-05,9.931770658344607e-05,0.00028773127746917204,0.0004255778685237077,0.0008629454883645193,0.0012761903330836821
16044,39.125,36.125,0.2509281340922398,0.3795505518322853,0.0028660054919993076,0.004055993863473608,7.846664606958598e-06,1.1104644334736236e-05,5.4925359292634646e-05,7.77299208151172e-05,0.0002353731571569373,0.00033308569439027824,0.0007059532829413184,0.0009989242818858601
16050,39.125,37.625,0.19152350004032823,0.237264124800172,0.002187508407330423,0.002535477368077101,5.98905368043301e-06,6.941734614018813e-06,4.192262252633583e-05,4.8591130368369484e-05,0.00017965600837221984,0.0002082310781372776,0.0005388712020713005,0.0006245631628951642
15050,38.875,37.625,0.15189614619852096,0.24336705997229133,0.001734899877980458,0.0026006952092521313,4.74988571574908e-06,7.120290076323421e-06,3.3248726224566205e-05,4.98409658780119e-05,0.0001424867576932387,0.0002135866498953476,0.00042739936854430116,0.0006406231016585773
3035,35.875,33.875,0.09750861781332275,0.11426817122345065,0.001113706261680153,0.0012211048015481863,3.04915691651253e-06,3.34319715356024e-06,2.134390317187762e-05,2.340214536011853e-05,9.147066325898567e-05,0.00010029105277875594,0.0002743868898956725,0.00030084298445931523
13054,38.375,38.625,0.836853005099035,1.2912250127984308,0.009558216009880785,0.01379842738468278,2.6168626821698737e-05,3.777732169529813e-05,0.00018316600764178848,0.00026441128410759074,0.000784760990687472,0.0011326990698664607,0.002352435905919825,0.003394249641311853
13074,38.375,43.625,0.4569478467452762,2.4235290988122045,0.005219084113731991,0.025898576896485708,1.4288971460607591e-05,7.090392533948275e-05,0.00010001851265728501,0.0004962219151525282,0.0004285803396637533,0.0021249323022369815,0.0012851900543907613,0.006361260489629816
11041,37.875,35.375,0.27570062488702407,0.34156578778913177,0.0031489474384063837,0.0036500769991171522,8.62131105916486e-06,9.99331625162192e-06,6.034761656947829e-05,6.995111660246245e-05,0.00025860700212942955,0.00029975604972898306,0.0007756203909387027,0.0008989986150531593
3073,35.875,43.375,0.053565827937859134,0.06736461265665906,0.000611808467028895,0.0007198789574449625,1.6750388901476398e-06,1.9709192280448207e-06,1.1725213310387339e-05,1.3796353021455765e-05,5.024994622004897e-05,5.9125887104216623e-05,0.00015074226361566634,0.00017736717390781642
15074,38.875,43.625,0.6921900275890748,6.626464624268968,0.00790593062732535,0.0708124378236609,2.16450241341537e-05,0.00019385509630642783,0.00015150533064534066,0.0013561967533057828,0.0006491469646140446,0.005799335215483259,0.0019461769920423588,0.017297303824542642
6036,36.625,34.125,0.15379711513659722,0.18504492747374277,0.0017566120205281882,0.0019774469742625126,4.8093300382134885e-06,5.413940099563419e-06,3.3664824548695904e-05,3.789696517686458e-05,0.00014426984019821898,0.00016240545345624913,0.0004327470822370616,0.00048713723805826614
12064,38.125,41.125,0.13721936243238628,0.1808701935960148,0.0015672672486987773,0.0019328344848116156,4.29093466436381e-06,5.291798414019944e-06,3.0036155999058067e-05,3.704200083765041e-05,0.00012872003098074458,0.00015874177166053105,0.0003861103885357542,0.00047614972213161355
4030,36.125,32.625,0.10388133127079834,0.10638630177749349,0.0011864929654674177,0.0011368767219124898,3.24843542320874e-06,3.112593983778389e-06,2.2738826364943066e-05,2.178795443474879e-05,9.744847257209255e-05,9.337360525230043e-05,0.00029231693002718107,0.00028009466068068534
26052,41.625,38.125,0.013375808636127555,0.013377134522704726,0.0001527733872877784,0.00014295217138539823,4.1827065111466055e-07,3.913816383205315e-07,2.9278908841856577e-06,2.7396682517055737e-06,1.2548043431759304e-05,1.1741382517915788e-05,3.764365793723634e-05,3.522373397524259e-05
22027,40.625,31.875,0.2422579850735029,0.6918714467468025,0.0027669783550302103,0.00739355094801086,7.575545172722187e-06,2.024223440588724e-05,5.302761105763221e-05,0.00014168703642258862,0.00022724139278151867,0.0006070888254441353,0.0006815692741271029,0.001820161029553291
23048,40.875,37.125,0.14202610599459375,0.15815156376780276,0.0016221680413012318,0.0016900562231942436,4.441244186415005e-06,4.627111055865996e-06,3.1088295090131446e-05,3.238932778115711e-05,0.0001332287457244119,0.0001388040186597328,0.0003996329898420248,0.00041635425898678413
19028,39.875,32.125,0.11384188545361815,0.14050068432145327,0.0013002586183089781,0.0015014334998871759,3.5599077451431427e-06,4.110692440550956e-06,2.491908808566201e-05,2.877449223281925e-05,0.0001067917198066537,0.00012331342295957004,0.0003203409472236629,0.000369894652152869
18068,39.625,42.125,0.30356978161865,0.4192875562509757,0.0034672583226728264,0.004480635707088291,9.492790871146184e-06,1.2267236754293087e-05,6.644764375296486e-05,8.586749715788766e-05,0.00028474453041649195,0.0003679516491070789,0.0008539903759936518,0.0011034488318892866
17052,39.375,38.125,0.41539900620289816,0.577063604908327,0.004744529095772602,0.006166679060386074,1.2989728352175156e-05,1.6883304594927928e-05,9.092455514803088e-05,0.00011817714636708221,0.0003896184605897135,0.000506375162384276,0.0011684000332798927,0.0015183563695799762
17053,39.375,38.375,0.5329267145099449,0.7501690000309302,0.006086885777651365,0.008016536521959997,1.6664846157476987e-05,2.1947839969338467e-05,0.00011664809120492947,0.00015362476429425787,0.0004998245965737169,0.000658225699157966,0.0014987244407075329,0.0019733775994443814
14056,38.625,39.125,1.0175245962295476,1.8210436129362992,0.01162177805046871,0.019460231801879203,3.181818797404201e-05,5.3277791644545935e-05,0.00022270605660712484,0.0003728849378201726,0.0009541053772449404,0.001597099605570973,0.0028595860490605585,0.004783650709027865
7048,36.875,37.125,0.35228724923182697,0.5251342791206705,0.0040236906663028895,0.005611746322935788,1.1016203979141714e-05,1.536400605983701e-05,7.711087940864836e-05,0.00010754308543980962,0.000330433334613911,0.00046081751360271817,0.0009909724813544907,0.001381815580321577
19013,39.875,28.375,0.4252389293409852,0.5540357740049189,0.004856916946806643,0.005920596581036649,1.3297425474290137e-05,1.620957863301964e-05,9.307826515037032e-05,0.00011346153282110194,0.00039884585641136727,0.00048617307984011315,0.0011960603986301832,0.0014578102616434885
13064,38.375,41.125,0.20235660188192345,0.26249017394666435,0.0023112399669090984,0.0028050506832624465,6.3278101419816934e-06,7.679780731462138e-06,4.429383013793142e-05,5.375722657630089e-05,0.00018981688737418345,0.00023036776790341662,0.000569342577609544,0.000690944108010072
11064,37.875,41.125,0.08270763046141004,0.10462127399173761,0.0009446550263890124,0.0011180150924580564,2.5863211630117178e-06,3.0609538161918692e-06,1.8104107671668146e-05,2.1426479956065947e-05,7.758672522140131e-05,9.182453889633457e-05,0.00023274211703139258,0.00027544832222525795
8046,37.125,36.625,0.7159948989478692,0.979641555450318,0.00817782079339801,0.010468750784654356,2.238940244980725e-05,2.8661466828339144e-05,0.00015671529054939182,0.000200613017549367,0.0006714640599311261,0.0008594867567632836,0.002013039890581103,0.0025762447527527543
23052,40.875,38.125,0.053286555656382975,0.0542593617110879,0.0006086187254904686,0.0005798322175366347,1.666305868397444e-06,1.587492833077242e-06,1.166408277053499e-05,1.1112396909207511e-05,4.998796825927965e-05,4.762368875177447e-05,0.00014995640851189762,0.00014286426231602256
3072,35.875,43.125,0.03891608807797651,0.05065392588942539,0.0004444847229350946,0.0005413034221042073,1.2169321080834905e-06,1.4820069020871074e-06,8.518493657350135e-06,1.0374002191615439e-05,3.650731904825122e-05,4.4459251666739696e-05,0.00010951795884051041,0.00013337182521289126
24002,41.125,25.625,0.1422735663297761,0.1948976232885893,0.0016249944389160325,0.002082735910270563,4.448982406923818e-06,5.70220389373155e-06,3.114246118918196e-05,3.991474444464682e-05,0.00013346086241672328,0.00017105197348243895,0.00040032915422216764,0.0005130681491190003
15064,38.875,41.125,0.4829668741127918,0.7825277554503605,0.005516263525684133,0.008362332128835697,1.5102592390570102e-05,2.2894555516850268e-05,0.00010571335700004791,0.00016025088166393697,0.0004529785672907627,0.0006866087043274627,0.0013583202260715188,0.0020584121421327595
21034,40.375,33.625,0.28637518637361764,0.44365148286657774,0.0032708682104869487,0.004740996115908536,8.955109007446893e-06,1.2980055706046656e-05,6.268407900378303e-05,9.085685190035608e-05,0.00026861838875913424,0.00038932839045735523,0.000805638718143431,0.0011675305005982572
16055,39.125,38.875,0.29063825833035145,0.35405132633965847,0.0033195593932631934,0.0037835013018842757,9.088416997871107e-06,1.0358608366733968e-05,6.361718442549069e-05,7.250800528990631e-05,0.00027261658227784036,0.0003107115796803228,0.000817626807691596,0.0009318451439802589
19050,39.875,37.625,0.19767259653480262,0.22648233493538095,0.0022577410434106767,0.0024202598474655696,6.181338988331397e-06,6.626288374556033e-06,4.326857053826849e-05,4.638309657001294e-05,0.00018542354971351482,0.00019876955256781237,0.0005561675098373353,0.0005961901375515222
18047,39.625,36.875,0.1947215121857315,0.22751555374543148,0.0022240348829500804,0.002431301141261507,6.089057116520635e-06,6.656517588687905e-06,4.262262121457194e-05,4.6594692637125235e-05,0.00018265558608365762,0.00019967625434336167,0.000547866675155606,0.0005989091591716011
10054,37.625,38.625,0.6419666145549889,0.7858715373995806,0.007332297949174847,0.0083980648105598,2.0074536215441974e-05,2.299238402303505e-05,0.00014051329106412602,0.00016093558694263432,0.0006020608199562849,0.0006895416074037541,0.0018050952464094827,0.002067198747180754
4077,36.125,44.375,0.07508845128057397,0.08082105293259349,0.000857631666271187,0.0008636786144864478,2.3480647758367112e-06,2.364620378836335e-06,1.6436337649916588e-05,1.6552225231891704e-05,7.043954499585947e-05,7.093617914533112e-05,0.0002113037501485504,0.0002127934419682287
8075,37.125,43.875,0.19809847896333246,0.3612109624060603,0.0022626053101599116,0.0038600113736252913,6.1946565423909306e-06,1.0568079335082636e-05,4.3361789956120056e-05,7.397421001653637e-05,0.0001858230046480891,0.00031699380217298234,0.0005573654297934549,0.0009506799831603407
13028,38.375,32.125,0.17201056475134285,0.20316744513474203,0.0019646390989303463,0.002171109768503911,5.3788742372384846e-06,5.944156922121913e-06,3.7651512088121564e-05,4.1608356468825214e-05,0.00016135364220370985,0.00017830933865936593,0.0004839828258185186,0.0005348326389864599
4048,36.125,37.125,0.06707976589405625,0.0743202521539925,0.0007661595147546215,0.0007942090591442621,2.097628230557369e-06,2.1744235336740303e-06,1.4683305213036846e-05,1.522086544558654e-05,6.292693293363794e-05,6.523064932040246e-05,0.00018876891965358134,0.0001956791831260185
20024,40.125,31.125,0.06055496908753137,0.14735542641926389,0.0006916357729297779,0.0015746853809612401,1.8935937524666713e-06,4.311244316324014e-06,1.3255080967944366e-05,3.0178319893603422e-05,5.68062528234492e-05,0.00012932924454467365,0.00017040907780252468,0.0003879375576365529
18030,39.625,32.625,0.2622775427262377,0.6297921057870037,0.0029956341109409587,0.006730152028510168,8.201565575571834e-06,1.8425982268310825e-05,5.740954646915597e-05,0.00012897474624362637,0.000246017708937174,0.0005526318036265243,0.0007378715675622205,0.001656979373923062
18029,39.625,32.375,0.17554890395618544,0.26887991927288746,0.0020050526604878066,0.002873333465904197,5.489519937285081e-06,7.86672734842675e-06,3.8426006735425844e-05,5.506579186287386e-05,0.0001646724901395169,0.00023597490228155493,0.0004939361237971118,0.0007077576675210695
22007,40.625,26.875,0.353674889690682,0.4611763185203092,0.004039539766645448,0.004928271896504232,1.1059595972029435e-05,1.3492782062640707e-05,7.741460324328653e-05,9.444565136595973e-05,0.00033173467777269927,0.00040470427785344043,0.0009948739261355088,0.001213621543187604
7068,36.875,42.125,0.1352368834223277,0.18048989609189922,0.0015446241291810887,0.0019287705087864438,4.2289414459162344e-06,5.280671912855084e-06,2.9602214561164075e-05,3.6964117799853646e-05,0.0001268604641677662,0.00015840802779354402,0.00038053311381280874,0.00047514880804588877
12047,38.125,36.875,0.16853242903496582,0.18435957690779617,0.001924913158668139,0.0019701231074511273,5.2701111195041506e-06,5.393888553362203e-06,3.689019458641418e-05,3.7756608904704336e-05,0.00015809125245935807,0.00016180400133480877,0.0004741987827968641,0.0004853334666360398
2050,35.625,37.625,0.06819263709088112,0.07063553475420119,0.000778870305330283,0.0007548330363983068,2.132428404855169e-06,2.066618087437355e-06,1.4926903342371567e-05,1.4466236923027509e-05,6.39708741320133e-05,6.199668481177145e-05,0.00019190034583971283,0.0001859785239068934
22055,40.625,38.875,0.06678167927791133,0.07575505881003843,0.0007627548830577678,0.0008095418441029437,2.0883068764243617e-06,2.216402318899746e-06,1.4618056554005499e-05,1.5514713071262953e-05,6.264730928440265e-05,6.648993269919856e-05,0.0001879301540430589,0.00019945653565822674
13032,38.375,33.125,0.05898439684133458,0.06240239873466209,0.0006736972954471093,0.0006668512141846745,1.8444809696260833e-06,1.825737454996812e-06,1.2911295342865614e-05,1.2780092185527003e-05,5.5332949194797365e-05,5.4770673681536763e-05,0.00016598966254788294,0.00016430302172887323
9055,37.375,38.875,0.4924413723667932,0.5898744726591159,0.005624477632994731,0.006303579930987184,1.5398861951010367e-05,1.7258112352869226e-05,0.00010778705416092382,0.0001208005319587313,0.0004618627240006168,0.0005176138299906041,0.0013849483189978251,0.001552037856421995
8072,37.125,43.125,0.22382824283933764,0.27944496624322024,0.0025564808647813367,0.002986234805322919,6.999238653104811e-06,8.175831890055996e-06,4.8993641807881794e-05,5.7229419520465896e-05,0.00020995585062277833,0.0002452458816805114,0.0006297353167458164,0.0007355572231644292
30026,42.625,31.625,0.02012076979561522,0.020144987624035753,0.00022981176242393457,0.00021527552993506297,6.291901166743941e-07,5.893921053434781e-07,4.404322503481772e-06,4.125737442683963e-06,1.8875531294204606e-05,1.7681612050957085e-05,5.6625525032494295e-05,5.304389824012379e-05
11053,37.875,38.375,0.655676391053976,0.7985075569954433,0.007488885790081266,0.008533097200032385,2.0503241660807525e-05,2.3362073988231202e-05,0.00014351386388589127,0.00016352305684774748,0.0006149144182431288,0.0007006248542802407,0.0018436091280152889,0.002100402281200675
21026,40.375,31.625,0.16024060048103222,0.45581149386837055,0.0018302070538295532,0.004870941731228934,5.010821268691679e-06,1.3335822729998448e-05,3.507522161061427e-05,9.334702446583965e-05,0.00015031371644935732,0.0003999973293165038,0.00045087337010429884,0.0011995120583579988
20026,40.125,31.625,0.10903170423733448,0.16871042311593248,0.0012453185621321239,0.001802891439780147,3.409490593186959e-06,4.9360355652838805e-06,2.3866190036914148e-05,3.455173730759764e-05,0.00010227966124565224,0.00014807046891129882,0.00030680760141965635,0.0004441456353890816
24024,41.125,31.125,0.18792078993187497,1.1583053266196726,0.0021463596258505715,0.012378006761202548,5.8763951250595525e-06,3.3888561324024735e-05,4.113404070982263e-05,0.00023719581350389873,0.00017627683314602738,0.0010161574286486896,0.0005287372843499893,0.0030453756074462213
5065,36.375,41.375,0.1907524933273979,0.20213512023650915,0.002178702262568615,0.0021600780273244285,5.9649439141384875e-06,5.913953839864483e-06,4.1753860214766014e-05,4.1396942414562155e-05,0.00017893284074432803,0.00017740340197647253,0.0005367024770774886,0.0005321157956115208
18072,39.625,43.125,0.18912546758692028,0.3288802599209908,0.0021601189947947474,0.003514515549029105,5.914066002032925e-06,9.622172868928303e-06,4.139772752176363e-05,6.735326580298295e-05,0.0001774067662640988,0.0002886249146819564,0.0005321258848938193,0.0008656248550653611
19069,39.875,42.375,0.4177996730025407,0.5590944127186623,0.0047719485968067375,0.00597465474926068,1.3064797876660705e-05,1.635757942142213e-05,9.145000074717302e-05,0.000114497437124772,0.000391869695663849,0.0004906110072852021,0.0011751484615925012,0.0014711110424640017
22048,40.625,37.125,0.2800092404636106,0.3185646515858654,0.003198158803047032,0.0034042797875388836,8.756043261892721e-06,9.320366661014212e-06,6.129069282279076e-05,6.524074240166211e-05,0.0002626479498754053,0.00027957321500116095,0.0007877369159079439,0.0008384851833077578
2035,35.625,33.875,0.13908957484208948,0.15353183375201404,0.0015886281019040394,0.0016406883682287116,4.349417240478992e-06,4.4919498515261225e-06,3.0445523420463694e-05,3.1443225234184524e-05,0.00013047428846735265,0.0001347497186527935,0.0003913717970032149,0.0004041946859451029
9071,37.375,42.875,0.30658409530738484,0.4245567973831687,0.003501686664547584,0.004536944437491037,9.587049634718348e-06,1.242139975310419e-05,6.710741733229053e-05,8.69465582243878e-05,0.0002875715111088084,0.0003725748837146714,0.0008624664649857783,0.001117308266729955
10070,37.625,42.625,0.33324508895671157,0.4606971005695588,0.0038061983706484275,0.004923150826180063,1.0420748908668287e-05,1.3478761525353988e-05,7.294296196824757e-05,9.434751554560084e-05,0.0003125752343310362,0.00040428382619994707,0.0009374326237012731,0.0012123612084418145
9070,37.375,42.625,0.31508130538063095,0.5038769874203667,0.0035987385588068512,0.005384584369740686,9.852760657125259e-06,1.474207988949594e-05,6.896728601879509e-05,0.00010318999543168506,0.0002955405951491352,0.0004421678716128863,0.0008863597785311317,0.0013259171640078726
10069,37.625,42.375,0.2381042944156843,0.33399516675153135,0.00271953648375324,0.003569175015644975,7.4456573836423345e-06,9.771820881465665e-06,5.211843750574374e-05,6.840074094460746e-05,0.00022334560773573653,0.0002931130927411596,0.000669887184566953,0.0008790815575510091
17068,39.375,42.125,0.3169217906427327,0.4984522702250716,0.0036197598798644107,0.0053266141743372585,9.910313328864717e-06,1.4583368471599023e-05,6.93701308354111e-05,0.00010207911324244812,0.00029726668059160133,0.00043740855327245587,0.0008915349656053451,0.0013116517647776549
19052,39.875,38.125,0.30612816558566736,0.39368728497371686,0.0034964792090698034,0.004207063339184836,9.572792535217367e-06,1.1518245339181554e-05,6.700762337208399e-05,8.062493135840842e-05,0.00028714391693418495,0.00034548965494041184,0.0008611844195911544,0.0010361109167549287
25035,41.375,33.875,0.12075155001872598,0.13477951659222046,0.00137917817295801,0.0014402953429548543,3.7759769173639768e-06,3.943305963538535e-06,2.643153900572237e-05,2.7602815204197384e-05,0.00011327310551012548,0.00011829241505278976,0.0003397808255944934,0.0003548352675273314
75,35.125,43.875,0.02159898955108102,0.027673271543013522,0.0002466954249629048,0.0002957250859440171,6.754150353449617e-07,8.096508316013384e-07,4.727895667411275e-06,5.667542054665908e-06,2.0262252620306676e-05,2.4289239791475126e-05,6.078552619248612e-05,7.286594948707759e-05
26014,41.625,28.625,0.0325105171087551,0.032665198329065004,0.00037132273317418775,0.00034907035000275865,1.0166257204957674e-06,9.557020758110824e-07,7.116358339720463e-06,6.689895350131536e-06,3.0498322035721337e-05,2.867066496425874e-05,9.149217569270895e-05,8.60095288951479e-05
24026,41.125,31.625,0.21451119284894996,0.8276075867974135,0.002450065071517328,0.008844069063289866,6.707890086610213e-06,2.421344829606209e-05,4.6954285705114174e-05,0.00016948182645692977,0.000201217130654463,0.0007261484698909415,0.0006035299351093704,0.0021768639177639493
8078,37.125,44.625,0.1470887524528561,0.1813033343028098,0.001679991659230408,0.0019374631595436111,4.599555908590958e-06,5.304470967693042e-06,3.219644708951641e-05,3.7130705893062554e-05,0.00013797747483046408,0.00015912188986078046,0.0004138753137676865,0.00047728971428395717
9079,37.375,44.875,0.0961253329634941,0.12830063071399808,0.001097906909443504,0.0013710599769743363,3.0059007785077085e-06,3.7537505918061598e-06,2.104111570611078e-05,2.6275958241117614e-05,9.017309304870658e-05,0.00011260638853960447,0.00027049488631936125,0.00033778112645033165
9078,37.375,44.625,0.1414323618565711,0.20376173495611455,0.0016153865220962559,0.0021774605322084435,4.4226774810196545e-06,5.961544262023111e-06,3.095833160826622e-05,4.173006350105535e-05,0.00013267181614740053,0.00017883086881520516,0.00039796264534508463,0.0005363966707259138
10029,37.625,32.375,0.13029138586344252,0.15403970212509263,0.001488138541322599,0.0016461156057724718,4.0742929767745295e-06,4.506808751303382e-06,2.851970224260203e-05,3.15472347243162e-05,0.0001222215686370598,0.00013519542748363644,0.0003666198934014764,0.0004055314515112318
11029,37.875,32.375,0.1703975485182758,0.21774739659085748,0.0019462158424095976,0.0023269156113626993,5.328434379947566e-06,6.370727445026425e-06,3.729844442823538e-05,4.459423981439947e-05,0.00015984068139895946,0.0001911041694162563,0.00047944540115041345,0.0005732029528172644
8040,37.125,35.125,0.28509057276357486,0.39696387088595975,0.0032561958435369503,0.004242077943403021,8.914938614990042e-06,1.1614108992086258e-05,6.240290133097126e-05,8.129593036165783e-05,0.00026741358920912006,0.00034836460004938896,0.0008020262566671432,0.0010447297687413704
15075,38.875,43.875,0.5629035942842832,3.6729917771338494,0.006429270271032546,0.0392507191380052,1.7602227751156718e-05,0.00010745683838775388,0.00012320908784246853,0.0007519554257234828,0.0005279320749626004,0.0032186872527638632,0.001582960235201547,0.009625015260829817
14066,38.625,41.625,0.2655740435545882,0.3134593176492359,0.003033285486752647,0.003349722619809872,8.304648573709272e-06,9.170998657492824e-06,5.81310917251443e-05,6.419522437761671e-05,0.0002491094588099596,0.0002750933762160068,0.0007471422253212401,0.0008250531203691791
17072,39.375,43.125,0.161579962368771,0.42842818527552057,0.0018455047347369596,0.004578315278499441,5.052703825669802e-06,1.2534665529417843e-05,3.536839065831909e-05,8.773935930006527e-05,0.00015157000982490842,0.00037597162761682235,0.00045464111255311135,0.0011274908720015908
9050,37.375,37.625,0.3858410748260942,0.5975977632977928,0.004406929671281928,0.006386113388744186,1.206544308129942e-05,1.7484072719953225e-05,8.445504455745212e-05,0.00012238208967763065,0.0003618999744811058,0.0005243892269268802,0.0010853070560672418,0.0015723428727952848
6037,36.625,34.375,0.2021289665194688,0.24701790146397826,0.002308640002575372,0.002639709223631276,6.320691872563344e-06,7.227103860030226e-06,4.4244004142934834e-05,5.0588630182146765e-05,0.00018960337845475017,0.00021679039683664136,0.0005687022938569708,0.0006502302064702592
28041,42.125,35.375,0.015627601957234914,0.015994387423671305,0.00017849251220172178,0.0001709209403787041,4.886857456476434e-07,4.679559216791418e-07,3.4207952042120127e-06,3.27568685298818e-06,1.4660468485194755e-05,1.4038582392794652e-05,4.39807606705811e-05,4.211515593566251e-05
18048,39.625,37.125,0.22635408233114812,0.24724223732881037,0.0025853300405886876,0.002642106545639434,7.078222835854575e-06,7.233667322581461e-06,4.954650773758562e-05,5.063457242637792e-05,0.00021232489247746678,0.00021698725942853603,0.0006368394414245637,0.0006508205380898469
20048,40.125,37.125,0.165468205707802,0.1982563666730306,0.0018899147679291568,0.0021186284744902986,5.1742912482444225e-06,5.8004718137549816e-06,3.6219476503784875e-05,4.060259614790951e-05,0.00015521709163024422,0.00017399951942309588,0.00046557900159349686,0.0005219077360389957
18036,39.625,34.125,0.13394531127871065,0.1588306739758799,0.001529872284513248,0.0016973134036232691,4.188553266337713e-06,4.646980040878823e-06,2.931950444351461e-05,3.252840680678659e-05,0.00012564896665823166,0.00013940000805945374,0.0003768995389700214,0.0004181417298003698
12057,38.125,39.375,0.6971299212941284,1.3871044852086112,0.007962352210101603,0.014823024898377396,2.179949465341835e-05,4.05824068975269e-05,0.0001525864833591406,0.0002840422650552954,0.0006537781618400906,0.001216756062897062,0.001960052487307351,0.0036458285041429672
14070,38.625,42.625,0.379854008499691,1.3958885206647,0.0043385476820143225,0.014916893801305968,1.1878225639527784e-05,4.0839395484604246e-05,8.314461659819639e-05,0.00028584074579574015,0.00035628540086340976,0.0012244566235499743,0.0010684754299561394,0.0036688738244016195
14051,38.625,37.875,0.14002689812021513,0.24972745135704208,0.0015993338510724424,0.0026686643066524667,4.378727856413356e-06,7.30637798085354e-06,3.0650692359301956e-05,5.1143524833263676e-05,0.00013135349566539833,0.0002191681193347561,0.00039400872804018494,0.0006573602645382204
7054,36.875,38.625,0.19418112278815738,0.21313194004249558,0.0022178627612512982,0.002277593423983673,6.072158871051059e-06,6.235691506595309e-06,4.250433781149976e-05,4.364902399400794e-05,0.0001821487281049583,0.0001870538317086945,0.000546346655880825,0.0005610565342630824
16068,39.125,42.125,0.4701656529235307,0.7785689367614183,0.005370052857177613,0.008320026975460373,1.4702295362156725e-05,2.2778732964412463e-05,0.00010291152833907802,0.00015944023488057013,0.00044097484525862374,0.0006831363281681879,0.0013223412450847905,0.002048009277578866
3053,35.875,38.375,0.03226280473204972,0.03337286799123136,0.0003684934568371914,0.0003566327255368127,1.0088795919793725e-06,9.764067115947128e-07,7.062135768953759e-06,6.834826960733231e-06,3.0265945002661e-05,2.9291786637131167e-05,9.079508695353233e-05,8.78727859100481e-05
16069,39.125,42.375,0.3899514510096875,0.7155656777616732,0.004453876821146084,0.007646754783790048,1.219397581342374e-05,2.093545445414069e-05,8.535470820358881e-05,0.0001465389773416259,0.0003657546002888701,0.0006278730133072452,0.0010968625205129978,0.0018824366138820992
17056,39.375,39.125,0.3590118880391398,0.5398705630209212,0.00410049692727953,0.005769222782346215,1.1226485722493074e-05,1.5795146391162085e-05,7.858275339356346e-05,0.00011056078565629957,0.00033673975263781575,0.00047374588103932247,0.0010098791151145203,0.0014205644439638787
11077,37.875,44.375,0.1896530923556029,0.40866552381624455,0.0021661453237682986,0.004367125403480764,5.930565093903439e-06,1.1956466244300579e-05,4.151321706058475e-05,8.369226167126431e-05,0.0001779016540153222,0.0003586318079363826,0.0005336100206809746,0.0010755096196143343
10063,37.625,40.875,0.03322472369224798,0.04501804748891558,0.00037948012851017756,0.0004810766931549311,1.0389594288229276e-06,1.317115335575103e-06,7.2726933336708655e-06,9.219770918833525e-06,3.1168313314289264e-05,3.951270544322316e-05,9.350202558189302e-05,0.0001185334326297971
25018,41.375,29.625,0.041034705285132964,0.05523496233429221,0.0004686827610431793,0.0005902577856772027,1.2831826429193782e-06,1.616036437335211e-06,8.982243923094657e-06,1.1312200218438484e-05,3.8494763044738534e-05,4.847995710266506e-05,0.00011547984365078978,0.00014543282050338835
29024,42.375,31.125,0.0205586851940361,0.020560450313355193,0.00023481346516821095,0.0002197152919384298,6.42884023793755e-07,6.015475040310747e-07,4.5001794872767675e-06,4.210824929296031e-06,1.9286340929292045e-05,1.804626771351181e-05,5.785790690637782e-05,5.4137826143052514e-05
24045,41.125,36.375,0.10778742541472248,0.1255706405713821,0.0012311068837482504,0.001341886463163489,3.3705812703122007e-06,3.673878160692645e-06,2.359383031624862e-05,2.5716863681690683e-05,0.00010111249630839758,0.00011021047366188697,0.00030330681874812804,0.0003305949832789201
7073,36.875,43.375,0.1658224092984467,0.24887975264089382,0.0018939603463165543,0.002659605537605304,5.1853673809221235e-06,7.281576603790363e-06,3.629700702245664e-05,5.096992279152168e-05,0.00015554932569772362,0.0002184242353903132,0.0004665753940786832,0.000655129589152037
7033,36.875,33.375,0.06224972945948149,0.07352579594142643,0.0007109926798433979,0.0007857192558561079,1.94658997354491e-06,2.151179769316336e-06,1.3626050241577481e-05,1.5058161206504828e-05,5.839605092883282e-05,6.453338012513132e-05,0.0001751779226893957,0.00019358764697274822
8032,37.125,33.125,0.061401123957025995,0.07436999208148007,0.0007013002312888479,0.0007947405952984985,1.9200535469332536e-06,2.175878797139319e-06,1.3440297410127755e-05,1.523105215717191e-05,5.760000276366917e-05,6.527430447200722e-05,0.0001727900552010997,0.00019581013148961546
17055,39.375,38.875,0.4471599956021526,0.6327371618265084,0.005107291009174205,0.006761623802602318,1.3982902947851095e-05,1.8512145698368343e-05,9.787621477774788e-05,0.00012957782342026825,0.00041940204765023026,0.0005552153224055445,0.0012576785224899245,0.0016647213462067656
7036,36.875,34.125,0.18476597399260772,0.21286399376513432,0.0021103265208306968,0.0022747300677022197,5.777742434931454e-06,6.227852113238619e-06,4.044349602294606e-05,4.3594150291981215e-05,0.00017331775252749093,0.00018681869240555482,0.0005198631456588831,0.0005603513800652715
8069,37.125,42.375,0.20419043639761764,0.37830462493271616,0.0023321853256765028,0.0040426795056506684,6.3851550444748995e-06,1.1068192013796718e-05,4.4695229145963467e-05,7.747477154151916e-05,0.00019153691735129819,0.0003319924762975601,0.0005745006999084978,0.0009956468084716397
15041,38.875,35.375,0.21016939419560177,0.32535730162121484,0.002400474702423535,0.003476868133747573,6.5721199570267785e-06,9.519100849786355e-06,4.600393266129821e-05,6.663180309995909e-05,0.00019714481101296144,0.00028553361221872464,0.0005913178424714616,0.0008563562716045192
7028,36.875,32.125,0.1758971803902397,0.19580407895047458,0.0020090305411521025,0.002092422574100635,5.500410721115401e-06,5.728724382314532e-06,3.850223970902622e-05,4.010038149881989e-05,0.0001649991615947366,0.0001718474562794059,0.0004949158151064115,0.0005154537792686487
14071,38.625,42.875,0.5460000835891748,3.685501406984218,0.006236204815612386,0.03938440088780764,1.7073652506693904e-05,0.00010782279967547215,0.00011950944601912816,0.0007545155007181448,0.0005120827887248325,0.0032296318719432504,0.0015354618141097953,0.00965763773649142
12073,38.125,43.375,0.33910620580532647,0.9381108457807358,0.0038731418129935775,0.010024940855377891,1.060402813823913e-05,2.7446415552079273e-05,7.422583565597218e-05,0.00019210909016798006,0.0003180719352343653,0.0008230648624988346,0.0009539123286145257,0.00246716283776649
25043,41.375,35.875,0.13833030538560714,0.1489456378223412,0.001579956015611054,0.0015916788688151516,4.32567446517762e-06,4.357769748719598e-06,3.0279328318671972e-05,3.0503989450814117e-05,0.00012976209480020096,0.00013072483207987595,0.0003892357719819106,0.000392123231528263
25078,41.375,44.625,0.11793824573049354,0.14754061117314288,0.0013470456838295668,0.001576664322163449,3.6880032850961086e-06,4.316662338688104e-06,2.5815737368595215e-05,3.021624506838183e-05,0.00011063418216072929,0.00012949176488186165,0.0003318658280695441,0.000388424992465608
21073,40.375,43.375,0.09776699950169115,0.1080439041680871,0.0011166573988277463,0.0011545903705737033,3.057236664938401e-06,3.1610911586099633e-06,2.140046037524268e-05,2.2127428269125282e-05,9.171303425259403e-05,9.482838815089156e-05,0.00027511386968737117,0.00028445818803568557
23028,40.875,32.125,0.22632446359122088,0.4178535302588577,0.0025849917466321142,0.0044653112645443045,7.077296644064646e-06,1.2225281231015295e-05,4.954002467016938e-05,8.557383007390396e-05,0.00021229711242554128,0.0003666934303365732,0.0006367561366529273,0.0010996769481010915
19073,39.875,43.375,0.1629392550650694,0.2157064939228613,0.0018610300577419664,0.0023051058981179737,5.095209627881125e-06,6.3110160830603945e-06,3.566592221515563e-05,4.417627618269471e-05,0.00015284499626710968,0.0001893131579296936,0.0004584649075934921,0.0005678319621587047
26079,41.625,44.875,0.08638273988804232,0.10705085487010131,0.0009866307252819658,0.0011439783405310308,2.701244059433172e-06,3.132037095232576e-06,1.8908555185825904e-05,2.1924053664967857e-05,8.103414779070395e-05,9.395684578161756e-05,0.00024308274430495658,0.0002818440545077072
31041,42.875,35.375,0.01238426293818675,0.012384275218250754,0.0001414483303102216,0.00013234217167200712,3.872643474789328e-07,3.62333053227637e-07,2.7108472829828756e-06,2.536328615687644e-06,1.1617865186441811e-05,1.086993448828899e-05,3.4853190636452425e-05,3.2609448999854074e-05
16071,39.125,42.875,0.2486386890871134,0.9476118538945292,0.0028398563239035906,0.010126471548510402,7.775072645710424e-06,2.7724383772076422e-05,5.442423904955529e-05,0.0001940545456802223,0.0002332258847661528,0.0008313972406335246,0.0006995144840445944,0.0024921186324650124
27078,41.875,44.625,0.09439079363114708,0.11049242215265148,0.0010780956624082555,0.0011807559863844432,2.951660701744352e-06,3.2327284814615e-06,2.0661441955005522e-05,2.2628879910224775e-05,8.854603130659111e-05,9.697730859881126e-05,0.00026561457341500727,0.00029090371291318196
14044,38.625,36.125,0.11815837594369104,0.16072171179707948,0.0013495599272094945,0.001717521615049533,3.6948868828989845e-06,4.702306849790894e-06,2.5863921485957952e-05,3.291568360674901e-05,0.00011084066798894288,0.0001410595873311271,0.0003324851483677005,0.00042311907137859706
6040,36.625,35.125,0.21698354205162856,0.28761136491374195,0.0024783033016330964,0.003073503451711164,6.785201625558734e-06,8.414758440267178e-06,4.749544457161026e-05,5.8901822131196546e-05,0.00020353602308642582,0.00025241195407677,0.0006104837969531651,0.000757044742928259
22028,40.625,32.125,0.201778809608286,0.3633678217840213,0.002304640643818165,0.0038830602359155794,6.30974229420822e-06,1.0631183011922118e-05,4.4167359998570355e-05,7.44159076626616e-05,0.0001892749512578673,0.00031888633064391936,0.000567717385532851,0.0009563539588832715
14035,38.625,33.875,0.10278131667669893,0.11562741661175979,0.0011739290181070577,0.0012356301155737415,3.214037321286334e-06,3.382965162335161e-06,2.2498044319085864e-05,2.3680515803814473e-05,9.641662620618607e-05,0.00010148397668863218,0.0002892219910173299,0.0003044210341185405
11035,37.875,33.875,0.10328462465306508,0.15446567498104916,0.0011796776099485058,0.001650667682647147,3.229776057267486e-06,4.519271602276831e-06,2.26082133412131e-05,3.163447231913086e-05,9.688874417124183e-05,0.00013556926408353487,0.0002906380711369394,0.00040665265766626213
15067,38.875,41.875,0.456166465996858,0.6474062938275573,0.005210159480691497,0.006918382656176663,1.4264537495867202e-05,1.8941320011789387e-05,9.984748955460532e-05,0.00013258170607499675,0.00042784762414938005,0.0005680835614240154,0.0012829937899987431,0.0017032827108048876
13049,38.375,37.375,0.19339340794614357,0.21039053521304363,0.002208865782608357,0.0022482979293206393,6.047526635244438e-06,6.155485310466169e-06,4.233191843017181e-05,4.308760149107638e-05,0.00018140989088288872,0.00018464807810980588,0.0005441309499734093,0.0005538419558865915
20042,40.125,35.625,0.213181482456861,0.2892644535199422,0.002434877626314015,0.003091168864684899,6.666309405822801e-06,8.463123296942321e-06,4.6663232617927264e-05,5.924035898596802e-05,0.0001999699521164633,0.0002538625447296994,0.0005997899004005491,0.0007613943119748612
18044,39.625,36.125,0.12382324505932821,0.14596785326960804,0.0014142619027596147,0.0015598573477705211,3.872030567397822e-06,4.270647548154649e-06,2.7103899128411157e-05,2.989414983289862e-05,0.00011615439546619477,0.00012811149304392533,0.0003484227124350703,0.00038428524357048133
30012,42.625,28.125,0.03253202678932425,0.03253222771264041,0.00037156840854600434,0.00034764938512301644,1.017298342342876e-06,9.518116896867213e-07,7.1210666637844255e-06,6.662662803247343e-06,3.051850009538892e-05,2.8553956609167486e-05,9.155270617822175e-05,8.565942386551395e-05
5051,36.375,37.875,0.06575276445945016,0.07083211858708381,0.0007510030102310038,0.0007569337916626078,2.0561320688283757e-06,2.0723696299018712e-06,1.439283570103811e-05,1.4506497220900805e-05,6.168212306056908e-05,6.21692207332103e-05,0.00018503495536359438,0.00018649606740384073
11078,37.875,44.625,0.14904979044303301,0.22846653689832241,0.0017023898875924788,0.0024414636395473656,4.660878631823628e-06,6.684340806972777e-06,3.262569422668449e-05,4.6789447370687576e-05,0.00013981690951725412,0.00020051078944283152,0.00041939208498043,0.0006014117626597093
16056,39.125,39.125,0.2523913765279774,0.3398037684055488,0.002882718089301804,0.0036312475183730643,7.89242084453523e-06,9.94176445678896e-06,5.5245637832657124e-05,6.959027561959097e-05,0.00023674553104913176,0.00029820994286666735,0.0007100684610772401,0.0008943630676093717
2040,35.625,35.125,0.07229052095139114,0.0761290978283039,0.0008256747726423454,0.0008135389400245822,2.260571771106612e-06,2.227345746730336e-06,1.5823895084254858e-05,1.5591316045338033e-05,6.781493024943241e-05,6.681821438292435e-05,0.00020343099446595847,0.00020044124942575348
25034,41.375,33.625,0.12713415347288384,0.1441736509422605,0.0014520778365172422,0.0015406839501969423,3.975564545122268e-06,4.218153869306462e-06,2.7828619910574837e-05,2.952670343869812e-05,0.00011926006138396339,0.00012653687650709955,0.00035773751696144274,0.00037956259680393956
17,35.125,29.375,0.2525179135689393,0.3244778204054843,0.002884163347146845,0.00346746972714054,7.896377713700886e-06,9.493369659496764e-06,5.5273334604422075e-05,6.645169504093662e-05,0.00023686420994861734,0.0002847618892887205,0.0007104243291731205,0.0008540424229566135
11000,37.875,25.125,0.13090456201805664,0.1604472322349626,0.0014951420056134586,0.0017145884420789747,4.093467338650569e-06,4.69427629756769e-06,2.865391948725371e-05,3.2859471326029954e-05,0.00012279673137238767,0.0001408187035880637,0.00036834495885718077,0.0004223966238348087
20065,40.125,41.375,0.45188562928638615,0.7654246594196232,0.005161265395670109,0.00817956318748603,1.4130674687251599e-05,2.2394172758066766e-05,9.891052971389147e-05,0.0001567486782207972,0.000423833393024986,0.0006716070762768922,0.0012709613509750417,0.002013468363568194
11036,37.875,34.125,0.11131057370051017,0.15366490338989056,0.0012713469404191523,0.0016421103912821263,3.4807521637203465e-06,4.495843121010701e-06,2.4365010719118452e-05,3.147047738549791e-05,0.00010441729478105621,0.00013486650151550705,0.00031321917656734755,0.0004045449400799095
4036,36.125,34.125,0.0864252972670538,0.09632002726343693,0.0009871167994418572,0.001029305418274666,2.70257485435188e-06,2.818080678812507e-06,1.891787059926653e-05,1.972639797942488e-05,8.107406851032284e-05,8.453896586890775e-05,0.0002432024870502314,0.0002535954577006505
4055,36.125,38.875,0.03856290350310097,0.04412559428330592,0.00044045078335735614,0.00047153966387670826,1.205887796840166e-06,1.291004406600571e-06,8.441184040308691e-06,9.036995845423945e-06,3.617600134986354e-05,3.872940719440443e-05,0.00010852407798789265,0.00011618372174038161
14045,38.625,36.375,0.1025152009379096,0.12183801597392427,0.0011708895455838318,0.0013019984893775113,3.2057157256515367e-06,3.5646712355230648e-06,2.2439794272188784e-05,2.495243180578033e-05,9.616700157810687e-05,0.00010693460975663704,0.0002884732613469554,0.00032076952546034043
5040,36.375,35.125,0.17855782334443435,0.20011331742672855,0.00203941939071876,0.0021384724210355265,5.583610395709648e-06,5.854801261806486e-06,3.9084618065565735e-05,4.098288898679581e-05,0.000167494750712871,0.00017562912743451786,0.000502400093362998,0.0005267948509497522
31005,42.875,26.375,0.04678825437912982,0.054520612199004316,0.0005343976055006809,0.0005826240205539221,1.4630998345088742e-06,1.59513636099895e-06,1.0241653887965718e-05,1.1165901093845854e-05,4.3892063861017405e-05,4.785298400766802e-05,0.0001316704121278045,0.00014355208240846018
9076,37.375,44.125,0.2654667050332979,0.5601280349708287,0.0030320595070806827,0.005985700354363079,8.30129205220409e-06,1.638782014490303e-05,5.8107597244783094e-05,0.00011470910139499413,0.000249008787407079,0.0004915177983323415,0.000746840361532497,0.001473828744504524
11070,37.875,42.625,0.4236149715686155,0.5761010767143675,0.004838368720194972,0.006156393188242632,1.3246643871478447e-05,1.6855143886829183e-05,9.272282223649064e-05,0.00011798004136176488,0.0003973229945755108,0.0005055307543369025,0.0011914954497641572,0.0015158257081741011
26008,41.625,27.125,0.060250557718760894,0.06750525683317694,0.0006881589023194759,0.0007213819243465674,1.8840746175419198e-06,1.9750341190283294e-06,1.3188447778422763e-05,1.3825156917390835e-05,5.6520694416972717e-05,5.9249326771149136e-05,0.00016955249966477126,0.0001777374490733452
29031,42.375,32.875,0.0286466794763646,0.03152657644238073,0.00032719145265960783,0.0003369026865310194,8.958009749537865e-07,9.223888600695673e-07,6.270589973267349e-06,6.456704153889881e-06,2.6873680182393223e-05,2.767129570779847e-05,8.061887398258527e-05,8.30115900427586e-05
11034,37.875,33.625,0.07623759948532025,0.10677849706577189,0.0008707567990022712,0.001141067841316377,2.383999345823007e-06,3.124068607585073e-06,1.6687876068677276e-05,2.186827529837565e-05,7.151750812750546e-05,9.371781283695757e-05,0.00021453718048658477,0.000281127090248634
1033,35.375,33.375,0.22067979148130057,0.2319426515057678,0.002520520453582049,0.0024786104687337966,6.9007850972413465e-06,6.786042597517472e-06,4.8304495655071555e-05,4.750133113573529e-05,0.00020700283918984042,0.00020356124728171388,0.0006208799759132022,0.0006105594387358915
10072,37.625,43.125,0.29416303797335397,0.40731806748713945,0.0033598180826743184,0.004352726070965596,9.198638274532378e-06,1.1917043491016521e-05,6.438869103508882e-05,8.34163221620221e-05,0.000275922343894508,0.00035744953467409246,0.0008275386532706763,0.0010719653391841888
13052,38.375,38.125,0.27984591759766986,0.3604288407714546,0.003196293391532103,0.0038516533814286352,8.75093608820876e-06,1.0545196641120747e-05,6.125494448461222e-05,7.38140413043542e-05,0.00026249477355411166,0.0003163075314844832,0.0007872776282308314,0.0009486224747367045
5020,36.375,30.125,0.3626781424344071,0.41372342304662874,0.004142371487379835,0.004421175669358315,1.1341130726205684e-05,1.2104446026950377e-05,7.938521408834553e-05,8.472804538117717e-05,0.0003401779774661051,0.00036306965284804704,0.0010201868085948362,0.0010888135476854188
1020,35.375,30.125,0.22004678655309992,0.24567666573866465,0.0025132905125981545,0.0026253763664003177,6.880990734092762e-06,7.187862918422994e-06,4.816594084122716e-05,5.031395546939432e-05,0.00020640912695057967,0.00021561341462394967,0.0006190995754628004,0.0006467007864618957
13066,38.375,41.625,0.19246488407534745,0.20850654671327581,0.002198260536916075,0.002228165049110022,6.01849123016418e-06,6.100364826289173e-06,4.212867795150288e-05,4.270177228837824e-05,0.0001805389811159186,0.00018299475742344917,0.0005415191662611063,0.0005488838171544552
10077,37.625,44.375,0.22195617584152372,0.4770430264100788,0.002535098829177656,0.0050978284141374106,6.940698238144805e-06,1.3956996136488264e-05,4.858387603967618e-05,9.769488229838252e-05,0.0002081999931202727,0.00041862515811585954,0.0006244699466744219,0.001255349806641326
16051,39.125,37.875,0.2137884437953136,0.2994360260189358,0.00244181010734381,0.00319986541495635,6.685289377750259e-06,8.760715669797747e-06,4.6796087099898465e-05,6.132339795894559e-05,0.0002005392410502349,0.00026278808651203356,0.0006014970832540767,0.0007881571049485059
42,35.125,35.625,0.035698772747945445,0.03905670477725152,0.000407737773699131,0.0004173719525351446,1.1163245615675166e-06,1.1427014758869092e-06,7.814245761239569e-06,7.998882910142946e-06,3.3489194764313446e-05,3.4280476274295424e-05,0.00010046421975218323,0.00010283790341003574
26025,41.625,31.375,0.02433576585922896,0.03179861771843554,0.0002779538406758369,0.000339809803227236,7.609958518894899e-07,9.303481044442563e-07,5.326958802065462e-06,6.51241855476048e-06,2.282962364463792e-05,2.7910066624059482e-05,6.848730737052389e-05,8.372786297849988e-05
7077,36.875,44.375,0.12396553072816828,0.1482990899129787,0.00141588703542879,0.0015847696591192195,3.87647992083906e-06,4.338853445751134e-06,2.7135043879078502e-05,3.0371578784715858e-05,0.00011628786107564792,0.00013015741454791563,0.0003488230161995398,0.00039042142299106075
12035,38.125,33.875,0.10625468329881826,0.15060933939950724,0.0012136004875926668,0.001609457695258852,3.3226515302464676e-06,4.40644530941281e-06,2.325832887239976e-05,3.084470941694395e-05,9.967474364924733e-05,0.00013218491333899518,0.00029899442677427945,0.0003965023237726406
18077,39.625,44.375,0.1953471049048182,0.30309859268928396,0.0022311801645070626,0.003239004728198765,6.108619711953089e-06,8.86787232479147e-06,4.27595543716075e-05,6.2073454875744e-05,0.00018324236015632156,0.00026600196454107383,0.0005496263533343315,0.0007977936413092745
7037,36.875,34.375,0.262403625684603,0.3005060051645704,0.00299707418242768,0.0032112995409977643,8.205508244096826e-06,8.792020325998351e-06,5.7437143790251e-05,6.15425190136909e-05,0.00024613596085654166,0.00026372698720378285,0.0007382261487475228,0.0007909723241827926
9061,37.375,40.375,0.022079911185269505,0.02567460388129759,0.00025218832853783364,0.0002743667089586371,6.904537753760209e-07,7.511748280064623e-07,4.8331664167511335e-06,5.258211946190805e-06,2.0713405888272973e-05,2.253499938564829e-05,6.21389305380804e-05,6.760347468981465e-05
27000,41.875,25.125,0.09984893476762838,0.13211956822709803,0.001140436469786644,0.0014118703171078085,3.122340011985081e-06,3.865482788079078e-06,2.18561753556612e-05,2.7058065737106674e-05,9.366595966442404e-05,0.00011595798412389335,0.00028097155987905076,0.0003478336151684358
26000,41.625,25.125,0.10535494352737243,0.15987574523701445,0.0012033240029104587,0.0017084813563547077,3.2945161415609547e-06,4.677556086463142e-06,2.3061385062028705e-05,3.274243313888814e-05,9.883076297467763e-05,0.0001403171654144053,0.0002964629873301039,0.0004208924322852692
21039,40.375,34.875,0.3323873452467932,0.6378273114475439,0.0037964015489717865,0.006816018706067525,1.0393926951901555e-05,1.8661068059588892e-05,7.275521999450252e-05,0.00013062016370013474,0.0003117708184482426,0.000559680585743294,0.0009350208825192885,0.0016781022054713768
11037,37.875,34.375,0.11566755844411752,0.13419848508669052,0.0013211107592468398,0.0014340862616887687,3.616997590771831e-06,3.926306492374465e-06,2.5318708400723366e-05,2.748382171546826e-05,0.00010850423695218936,0.00011778248910931932,0.0003254773926257837,0.00035330585081772004
14049,38.625,37.375,0.1692281400175054,0.20983164829994777,0.0019328593043006958,0.0022423254919761294,5.291866365775277e-06,6.139133768678917e-06,3.7042476484394626e-05,4.297314492041071e-05,0.00015874380989866488,0.00018415761929990726,0.0004761558349047901,0.00055237112205897
27034,41.875,33.625,0.04675997788569122,0.046838438011439235,0.0005340746421718272,0.0005005299458319132,1.4622156103705208e-06,1.3703753671823193e-06,1.0235464373509195e-05,9.592588134044178e-06,4.3865538262855e-05,4.111044412791198e-05,0.0001315908423166201,0.00012332626224731413
24047,41.125,36.875,0.07111321995805871,0.07841689379295208,0.0008122280894920746,0.0008379870309276168,2.2237568415572895e-06,2.294280820325234e-06,1.5566194044525083e-05,1.605985520480857e-05,6.671055417639682e-05,6.88261349398589e-05,0.00020011831193200713,0.00020646419403502758
13048,38.375,37.125,0.18126884305822757,0.19267049176428575,0.0020703836244295713,0.002058936098224142,5.668385370416473e-06,5.63704392897435e-06,3.967802285709254e-05,3.945864020760137e-05,0.00017003758504519073,0.00016909749592186607,0.0005100260217107966,0.0005072067107112499
24069,41.125,42.375,0.1101305529261469,0.14145214766375466,0.0012578691929667474,0.001511601129624676,3.4438522299451435e-06,4.1385297788743e-06,2.410671654895502e-05,2.896934877827384e-05,0.00010331040791444757,0.0001241484432212836,0.0003098992057247729,0.0003723990930695198
18046,39.625,36.625,0.18130684689347665,0.21830715352938387,0.002070817689748452,0.002332897346066389,5.669573769795377e-06,6.387104437566293e-06,3.968634136952698e-05,4.4708874375021246e-05,0.00017007323116458029,0.00019159538831559075,0.0005101329237011676,0.0005746760456016853
10066,37.625,41.625,0.06333069707290825,0.06752464048488428,0.0007233390798513605,0.0007215890640068765,1.980392508205142e-06,1.9756012353822072e-06,1.3862665196318069e-05,1.3829126684905546e-05,5.9410069225940276e-05,5.9266339287433745e-05,0.0001782196192186003,0.00017778848057359298
27009,41.875,27.375,0.056179010843079205,0.05801984052369926,0.0006416552460082755,0.0006200178500275971,1.7567547772046055e-06,1.6975149179643267e-06,1.2297218631052154e-05,1.1882543913155352e-05,5.2701300848223553e-05,5.092419408125881e-05,0.00015809557040957767,0.00015276480255510538
24049,41.125,37.375,0.034196621487920714,0.03529067814188495,0.0003905807746379496,0.00037712703430492516,1.0693513095016982e-06,1.032517014665224e-06,7.485435152942976e-06,7.227596714787232e-06,3.208004186283642e-05,3.0975046694914354e-05,9.623703823447016e-05,9.292226175405816e-05
5049,36.375,37.375,0.07821267250611394,0.0889738499843502,0.0008933153301337928,0.0009508019097956925,2.445761088876175e-06,2.603150368929441e-06,1.7120202006060126e-05,1.8221910279003772e-05,7.337023066589232e-05,7.809156340932155e-05,0.00022009454282034824,0.00023425639582741464
20038,40.125,34.625,0.1845859010601532,0.2548576308804088,0.002108269796441293,0.0027234869819584106,5.7721114630204795e-06,7.4564731776805004e-06,4.040408058481049e-05,5.219414467927397e-05,0.00017314885165720106,0.00022367001145140453,0.0005193566185882625,0.0006708599607219146
1048,35.375,37.125,0.05363495002122408,0.054699850603478324,0.0006125979531152561,0.000584539417238595,1.6772003815779257e-06,1.6003804229614005e-06,1.174034359852083e-05,1.1202609175531286e-05,5.031478781258869e-05,4.801029857659511e-05,0.00015093676883148888,0.0001440239808742083
48,35.125,37.125,0.04645547000117675,0.04742803788038539,0.0005305966691954898,0.0005068305912632157,1.4526934531966518e-06,1.3876255704481366e-06,1.01688098561592e-05,9.713338557815199e-06,4.357988562142534e-05,4.162792953066319e-05,0.00013073395932761134,0.00012487859001064638
21062,40.375,40.625,0.2018350165330604,0.5197256528056683,0.0023052826178864556,0.005553948079625199,6.311499912370344e-06,1.5205765512615876e-05,4.417966285952257e-05,0.00010643550319033857,0.00018932767015245044,0.00045607240099521107,0.000567875482343716,0.0013675932917446287
20045,40.125,36.375,0.1299997435516264,0.15170543157384744,0.001484807514013174,0.0016211708731516607,4.065173158096513e-06,4.438514100923996e-06,2.8455865071053132e-05,3.106918500084266e-05,0.00012194800636677883,0.00013314685370480195,0.0003657994069649062,0.0003993873792208502
9040,37.375,35.125,0.26988557249024775,0.35126457911506276,0.0030825301266700347,0.00375372126444935,8.439471921084518e-06,1.0277075909059796e-05,5.9074807750469915e-05,7.193731341714749e-05,0.00025315317733531906,0.000308266337721963,0.0007592672886360674,0.0009245139580550399
3055,35.875,38.875,0.034429959383185195,0.036720734418726426,0.0003932458711275833,0.0003924090552512522,1.0766479382473548e-06,1.0743568636950585e-06,7.536511224981446e-06,7.520473806699179e-06,3.2298933912322525e-05,3.2230203819705316e-05,9.689367210719002e-05,9.668749513458419e-05
1034,35.375,33.625,0.24115274072834647,0.25175849272521833,0.002754354675446895,0.002690368639016141,7.54098368282996e-06,7.3658007683219395e-06,5.2785691599832596e-05,5.155946603707662e-05,0.00022620477532730998,0.0002209504237391524,0.0006784608317554897,0.0006627048247348499
19042,39.875,35.625,0.1587182464545785,0.19434283555453563,0.0018128193064716593,0.002076807278013307,4.9632164483837116e-06,5.685972275681905e-06,3.4741997838927396e-05,3.980112699997207e-05,0.00014888577836680295,0.000170565105343079,0.0004465908374757799,0.0005116080436259329
20037,40.125,34.375,0.24193384903611792,0.3075053622798447,0.0027632761967741784,0.003286096822600341,7.565409292586978e-06,8.99680230093125e-06,5.2956663119219094e-05,6.297591634019106e-05,0.00022693738312762335,0.0002698688620162981,0.000680657659342776,0.0008093881180952778
3031,35.875,32.875,0.0982850938202369,0.101971573773439,0.0011225748746329102,0.0010896995814580546,3.073437781053734e-06,2.9834304063891537e-06,2.1513866102385037e-05,2.0883825927686672e-05,9.219902453250217e-05,8.949904042687695e-05,0.0002765715724009077,0.00026847309176281087
20039,40.125,34.875,0.1537897079677321,0.22541960846085773,0.0017565274186690763,0.002408903225696984,4.809098412050794e-06,6.5951958442278524e-06,3.3663203212408455e-05,4.616545749069889e-05,0.00014426289238267387,0.0001978369554660464,0.0004327262448041713,0.0005933934557585951
22053,40.625,38.375,0.055173981878665956,0.059040960520373796,0.0006301761883009882,0.0006309298521848544,1.7253268848049785e-06,1.7273903004655367e-06,1.2077225681972337e-05,1.2091669442160224e-05,5.175851167715795e-05,5.1820411049008364e-05,0.0001552674983396063,0.00015545317722109875
3045,35.875,36.375,0.22052344927912412,0.2867566688414869,0.002518734772547557,0.0030643699067657904,6.895896202840923e-06,8.389752367166103e-06,4.827027480991397e-05,5.872678844376367e-05,0.00020685620169291763,0.0002516619546554244,0.0006204402454654812,0.0007547958786868758
26001,41.625,25.375,0.12457561842383888,0.20818810013323594,0.0014228552245189395,0.0022247620310713164,3.895557708744057e-06,6.0910479274811635e-06,2.7268585280348923e-05,4.2636556381814295e-05,0.0001168601302157235,0.00018271529986446655,0.00035053942337293087,0.0005480457510510517
13042,38.375,35.625,0.09551881815539993,0.11592698206057112,0.0010909795285132422,0.0012388313640404396,2.9869347000222035e-06,3.3917296732299818e-06,2.0908355543469703e-05,2.3741866133519807e-05,8.960416013392702e-05,0.00010174688618924677,0.0002687883944048064,0.0003052096023347106
8068,37.125,42.125,0.12959161187598964,0.22344248684351584,0.0014801459895967689,0.0023877750963646276,4.0524106516004466e-06,6.5373505585553104e-06,2.8366529701173704e-05,4.576055644334165e-05,0.00012156517623573837,0.00019610192731522869,0.0003646511962274168,0.0005881904215891964
6077,36.625,44.375,0.1041138064604179,0.11693816558558214,0.0011891482084620448,0.0012496371820072188,3.255705058768932e-06,3.42131428965331e-06,2.2789712820436847e-05,2.3948954215979867e-05,9.766654106946326e-05,0.00010263433700763436,0.00029297100788028274,0.0003078714106827807
16035,39.125,33.875,0.11047538690301467,0.1913103915323639,0.0012618077551973489,0.0020444016490769787,3.4546353885334113e-06,5.597250999467285e-06,2.4182197096433988e-05,3.9180099088875764e-05,0.00010363387031275817,0.0001679039024858886,0.00031086939211399933,0.0005036271370298939
9038,37.375,34.625,0.1526197151726838,0.19143030409034925,0.00174316420697367,0.0020456830715304413,4.77251210773133e-06,5.600759323320936e-06,3.340710644328393e-05,3.920465653062255e-05,0.0001431654557327855,0.00016800913511261228,0.0004294348810897075,0.0005039427288718867
15065,38.875,41.375,0.4731127288194972,0.6472569279318855,0.005403713234614898,0.00691678648630329,1.4794451093869121e-05,1.893695001964346e-05,0.00010355656137883695,0.00013255111960563948,0.00044373833499555815,0.0005679525336440561,0.0013306243812305496,0.0017028900738953467
10042,37.625,35.625,0.7021472530876098,1.0004722726528579,0.008019658261203927,0.010691354231645495,2.1956386637933534e-05,2.9270904197353786e-05,0.00015368458309517052,0.0002048783377566199,0.0006584819360396788,0.0008777545258833452,0.0019741452982555696,0.0026309528948954553
16029,39.125,32.375,0.16050325393904114,0.23469010981156738,0.0018332069815015515,0.002507970652705804,5.019034581832393e-06,6.86642585157049e-06,3.513271307276078e-05,4.8063990868651985e-05,0.00015056008001179677,0.00020597226756768894,0.00045161223843515064,0.0006177895377164067
17036,39.375,34.125,0.1028990677297907,0.14085257273699175,0.0011752739257479268,0.0015051938876594014,3.217719465875568e-06,4.120987778799545e-06,2.252381883394161e-05,2.8846557820871865e-05,9.652708024276979e-05,0.00012362224624373752,0.0002895532891958874,0.00037082089324125267
2036,35.625,34.125,0.10924117785643916,0.11971920646983454,0.0012477110899566932,0.0012793562397352162,3.416040955106503e-06,3.5026803535398443e-06,2.3912041630880232e-05,2.4518504832427013e-05,0.00010247615265290833,0.00010507507386714465,0.0003073969549491906,0.00031519210044805845
14067,38.625,41.875,0.2885262690293564,0.3523453623992405,0.0032954370565726793,0.003765270846836222,9.022374237388497e-06,1.030869661677869e-05,6.315491021968711e-05,7.215864470222488e-05,0.00027063581969621886,0.0003092146758381098,0.0008116877476702644,0.0009273572159320675
1028,35.375,32.125,0.3666614590981996,0.44820640719761945,0.004187867411844825,0.004789671437406831,1.1465690358369862e-05,1.3113319734636697e-05,8.025707185832509e-05,9.178962707945271e-05,0.000343913530876927,0.00039332479896247996,0.0010313858037573898,0.0011795103445441102
21037,40.375,34.375,0.31319856511801336,0.44909457010649934,0.003577234617241308,0.004799162619255445,9.793886652120776e-06,1.3139304833265086e-05,6.855519227344509e-05,9.19715084444217e-05,0.0002937748780844629,0.0003941040552281061,0.0008810657485702755,0.0011818462728766521
21030,40.375,32.625,0.3448483001668926,0.6388495615754651,0.003938725825863881,0.006826942785154664,1.0783585459361866e-05,1.8690975999602344e-05,7.548265625945128e-05,0.0001308294958213274,0.00032345698458546845,0.0005605773381206491,0.0009700571143353987,0.0016807894496655429
13076,38.375,44.125,0.36062361483357314,0.6979560365493855,0.004118905456323748,0.007458572744928011,1.1276884961164413e-05,2.0420250764430214e-05,7.893552424753647e-05,0.0001429329989295347,0.0003382512365185386,0.0006124261683098098,0.0010144105065593712,0.0018361535371945736
4042,36.125,35.625,0.451730450557105,0.5378973705050655,0.005159493003379502,0.00574813664060007,1.4125822210164785e-05,1.5737416591554698e-05,9.887656525375821e-05,0.00011015671528546989,0.0004236878783456799,0.000472014778737595,0.0012705251768391213,0.0014153760475226207
11058,37.875,39.625,0.1388771100403762,0.2112915533424029,0.0015862014099319748,0.0022579264860067448,4.342773348819939e-06,6.181846699315763e-06,3.0399017391657956e-05,4.327212438359762e-05,0.00013027499683748722,0.00018543877831389555,0.0003907740779990343,0.0005562131786968072
1046,35.375,36.625,0.045250753797928416,0.046362512089879265,0.000516836859968434,0.0004954440551435808,1.4150212027663756e-06,1.3564509763197563e-06,9.905106371332906e-06,9.495118195590457e-06,4.244976509970577e-05,4.0692728919045074e-05,0.0001273438894280332,0.00012207321913004776
24023,41.125,30.875,0.178082585599066,0.9420229223184383,0.0020339914063551958,0.010066746507757424,5.5687494673328786e-06,2.7560870042409036e-05,3.8980595047255484e-05,0.00019291013939659596,0.00016704899494990322,0.0008264957595749411,0.0005010632734110398,0.0024774385575782043
11075,37.875,43.875,0.3472560625507286,0.9370895060826822,0.003966226369955787,0.010014026505424165,1.0858877030894831e-05,2.7416534510216195e-05,7.600966304166512e-05,0.0001918999572989577,0.0003257150230084882,0.00082216914409039,0.0009768268327520202,0.0024644801017217333
6052,36.625,38.125,0.0796903069711726,0.08102124541876257,0.0009101923077088496,0.0008658179329289991,2.4919676211432318e-06,2.3704774996247124e-06,1.744364294065104e-05,1.659322449520939e-05,7.475632738951354e-05,7.111188070585417e-05,0.00022425221706101617,0.00021332047177835545
9053,37.375,38.375,0.44851649551509637,0.5506994949401753,0.005122784434072365,0.0058849440774423065,1.402532103944587e-05,1.611196897544076e-05,9.817311647009053e-05,0.00011277833146838834,0.0004206740736929504,0.00048324616218231586,0.0012614913954952511,0.0014490380188382224
27037,41.875,34.375,0.03221257787902683,0.03224994358474923,0.00036791978486880013,0.00034463281016361934,1.007308965239595e-06,9.435527654755305e-07,7.051141448832787e-06,6.604850661950934e-06,3.0218827580141827e-05,2.830619568938708e-05,9.065374323546926e-05,8.491618336881057e-05
10055,37.625,38.875,0.4798885098695437,0.5897096604170297,0.005481103622792255,0.006301818696708114,1.50063312719384e-05,1.7253290439445124e-05,0.00010503959003205221,0.00012076678205907854,0.0004500919942348469,0.000517469244958324,0.0013496683254757835,0.0015516045501816622
9031,37.375,32.875,0.05399628952834351,0.06132224484316752,0.0006167250352203656,0.000655308357681478,1.688499697616308e-06,1.7941348934291668e-06,1.1819438011761996e-05,1.2558876656854068e-05,5.0653750749085624e-05,5.382264659614666e-05,0.00015195355496988583,0.00016145924931254552
9069,37.375,42.375,0.2288370181355357,0.39990957291318197,0.0026136891868334873,0.004273556620718486,7.15586539412616e-06,1.1700291908889326e-05,5.0089982437384606e-05,8.189916858514223e-05,0.00021465368852435773,0.00035094921364930975,0.0006438228468456098,0.001052478188121042
12061,38.125,40.375,0.1361390377684187,0.16372372248911696,0.0015549281922144407,0.0017496020240654225,4.257152313336121e-06,4.7901378059656e-06,2.9799685605458315e-05,3.353048279208792e-05,0.0001277066860564391,0.00014369415336867863,0.0003830711332593051,0.00043102051904397864
20006,40.125,26.625,0.38393260962630554,0.5752058844318434,0.004385131909290547,0.0061468268883465614,1.2005764779776662e-05,1.6828953226188936e-05,8.403732661277363e-05,0.0001177967252632417,0.0003601102502192033,0.0005047454181895672,0.0010799417591795812,0.0015134720793501533
28042,42.125,35.625,0.019205185469667378,0.0205593653891615,0.00021935430728026222,0.000219703698105011,6.005591824953527e-07,6.015157618666223e-07,4.203906703525995e-06,4.21060273492202e-06,1.8016618584248967e-05,1.804531546512056e-05,5.404888196292035e-05,5.413496950101848e-05
14050,38.625,37.625,0.148083497256058,0.22118910702303532,0.0016913532551687351,0.0023636947869570346,4.630662119420315e-06,6.471422693277162e-06,3.2414184535811685e-05,4.5299079396765585e-05,0.00013891053626735594,0.00019412446439759368,0.00041667372307119255,0.0005822603475853505
25028,41.375,32.125,0.11428918834569084,0.15495834043111228,0.0013053675414271657,0.0016559324570824758,3.5738951643660144e-06,4.5336857038558165e-06,2.5016997925231266e-05,3.173536828993129e-05,0.00010721129898172421,0.00013600163037152946,0.0003215994153894508,0.00040794940429966786
21049,40.375,37.375,0.20388987731015493,0.25615014047452883,0.002328752454354781,0.002737299136773952,6.375756414933598e-06,7.494288513876235e-06,4.4629441258159375e-05,5.245884016058522e-05,0.00019125501063388395,0.00022480422562942692,0.0005736553034603187,0.0006742610774296276
24079,41.125,44.875,0.05600411434392448,0.07429275958571586,0.0006396576448667286,0.0007939152651089673,1.7512856529400267e-06,2.1736191712085073e-06,1.2258935164100038e-05,1.5215234981602599e-05,5.253723546594369e-05,6.520651996733129e-05,0.00015760342605941613,0.00019560680450836365
10067,37.625,41.875,0.07769760698302579,0.08821695758300555,0.000887432448075747,0.0009427135249406489,2.4296546748958647e-06,2.581005635549083e-06,1.7007458756990168e-05,1.8066899555746474e-05,7.288707240293846e-05,7.742727134307792e-05,0.0002186452800201355,0.00023226382954633085
27063,41.875,40.875,0.04538534542571611,0.11886472858316609,0.0005183741142337323,0.0012702250263880873,1.4192299695459099e-06,3.47768054120845e-06,9.934567488656398e-06,2.4343509810287323e-05,4.2576022915907785e-05,0.00010432515540237386,0.00012772263067173384,0.00031294281612848085
11069,37.875,42.375,0.2920853089563636,0.3851674614429076,0.0033360870538874394,0.004116017886103503,9.133666854288514e-06,1.126897931391646e-05,6.393391610504118e-05,7.888018845958467e-05,0.0002739737193370173,0.0003380141446222007,0.0008216959937792367,0.0010136997117999869
13037,38.375,34.375,0.09422439834565759,0.10852467188380746,0.0010761951588884693,0.0011597280021627089,2.946457422048354e-06,3.1751571827332015e-06,2.062501964150698e-05,2.2225888566373975e-05,8.838994626458874e-05,9.525033010659989e-05,0.0002651464011366178,0.0002857237733079332
18065,39.625,41.375,0.5403862674945762,0.8679970078280811,0.00617208594820679,0.009275682831360548,1.6898107596863277e-05,2.5395113079640375e-05,0.00011828075688047335,0.00017775224898386455,0.0005068190349679647,0.0007615729222529843,0.0015196866384855623,0.0022829792285185
20062,40.125,40.625,0.4914192972706402,1.3604742255751419,0.005612803880868821,0.014538445758300718,1.5366901451208115e-05,3.980330299058199e-05,0.00010756335131067996,0.0002785898527793984,0.0004609043366454735,0.0011934101738994007,0.0013820758094251762,0.00357595953785661
20034,40.125,33.625,0.24368020865962495,0.3177679837750049,0.002783222450669077,0.003395766350431552,7.620018744880497e-06,9.297058357504717e-06,5.33389118709815e-05,6.507759338969521e-05,0.00022857530600317588,0.0002788741546353446,0.0006855691899401162,0.0008363891732120488
6063,36.625,40.875,0.25985134767823304,0.28219092086036845,0.0029679230359855816,0.0030155789204157923,8.125697406602406e-06,8.256171038500959e-06,5.687849529856237e-05,5.779176583797785e-05,0.00024374220264811175,0.0002476554819446086,0.0007310483916411759,0.0007427824613100986
10074,37.625,43.625,0.3756082927554928,0.8838859089007778,0.004290054735281347,0.009445476512168247,1.1745460755330228e-05,2.585997092885428e-05,8.221532827146216e-05,0.00018100575360724402,0.00035230381844508774,0.0007755082969935767,0.0010565391451209383,0.002324721118025397
29045,42.375,36.375,0.030835649035502954,0.03101455597608646,0.0003521930285132093,0.00033143107844288227,9.642514954277814e-07,9.074084272864269e-07,6.7497409427241806e-06,6.3518416999475136e-06,2.892714041236033e-05,2.7221894647322387e-05,8.677891092279122e-05,8.166346086757592e-05
7069,36.875,42.375,0.1721507464146064,0.24647448188032348,0.001966240200449888,0.0026339020749235353,5.383257790758655e-06,7.211204868240451e-06,3.7682195971666665e-05,5.0477342059540575e-05,0.00016148512828761952,0.0002163135269263039,0.00048437715673388393,0.0006488002162748918
28071,42.125,42.875,0.14942670405883865,0.28743530246934385,0.0017066948512300404,0.003071621994312092,4.67266492487628e-06,8.40960733394791e-06,3.270819596812302e-05,5.88657662070613e-05,0.00014017045045933152,0.0002522574585825943,0.0004204524108665231,0.0007565814903235379
21055,40.375,38.875,0.13193100334443583,0.15129283102706328,0.0015068656271565752,0.001616761696883194,4.125564733281628e-06,4.426442487659443e-06,2.887859570921414e-05,3.09846859556373e-05,0.00012375953845877863,0.00013278475185685146,0.00037123266800187515,0.0003983013625408205
16030,39.125,32.625,0.2157450014625916,0.5070301120060259,0.0024641571631656613,0.005418279628273344,6.746471871266202e-06,1.4834331115376465e-05,4.722434729698133e-05,0.00010383569671701398,0.00020237435841008455,0.0004449342217537344,0.0006070002173755862,0.0013342088539582964
17030,39.375,32.625,0.27267148485173337,0.8279195159964331,0.003114349755653174,0.008847402434591669,8.526588578305905e-06,2.4222574348309323e-05,5.9684593313180656e-05,0.00016954569954041876,0.00025576603418731025,0.0007264220592398951,0.0007671018705004418,0.002177683494020255
20064,40.125,41.125,0.5230666902700039,1.2834068359808524,0.0059742683394946325,0.013714879944051838,1.6356521506444288e-05,3.7548589884250916e-05,0.0001144900324466791,0.0002628105232141964,0.0004905792848872714,0.0011258446063873162,0.0014710159686243118,0.003373732667966145
21064,40.375,41.125,0.2278282149243304,0.5132082112650892,0.002602167021118111,0.005484300695985463,7.1243196488879335e-06,1.5015084249836441e-05,4.986917168059435e-05,0.00010510085535964109,0.00021370751210625372,0.00045035446929009293,0.00064098553337677,0.0013504550417666739
14043,38.625,35.875,0.17051312645547054,0.2467614699629177,0.0019475359295490983,0.002636968917788795,5.332048562234348e-06,7.219601365737738e-06,3.73237428955564e-05,5.0536114997945525e-05,0.00015994909011063374,0.00021656536915048985,0.00047977052328962433,0.0006495554159313688
16045,39.125,36.375,0.20267787556031702,0.26918236708189586,0.002314909432391882,0.002876565516157943,6.337856527260932e-06,7.875576150118135e-06,4.436415216324541e-05,5.512773054938691e-05,0.00019011822358805386,0.00023624030574287413,0.0005702462428189836,0.0007085535019668576
6054,36.625,38.625,0.09412671252288324,0.10184756248719079,0.001075079428659276,0.0010883743587345042,2.943402728217137e-06,2.979802155134159e-06,2.0603637162053268e-05,2.0858428623204972e-05,8.829831327394899e-05,8.939020230047667e-05,0.0002648715507339583,0.000268146635790778
3040,35.875,35.125,0.11934102294225044,0.1261588529897917,0.0013630676703935318,0.0013481722818718825,3.7318689308785125e-06,3.6910877310170065e-06,2.6122790054095013e-05,2.5837328012312533e-05,0.00011195000995900539,0.00011072670563916365,0.00033581243286573415,0.000332143337064994
11038,37.875,34.625,0.13375782793679117,0.1419005519278219,0.0015277309212518367,0.001516392915421409,4.182690557796853e-06,4.151648918981898e-06,2.92784665142376e-05,2.9061180475298265e-05,0.0001254731067494852,0.00012454197011746437,0.0003763720917222546,0.0003735793801773468
20063,40.125,40.875,0.5831981485082631,1.6890231918527894,0.006661066932949394,0.018049421001623715,1.8236841052288177e-05,4.9415400515395724e-05,0.0001276509033486528,0.00034585652831331526,0.0005469605828595236,0.001481400286619805,0.0016399844145728038,0.004437620470433945
21063,40.375,40.875,0.2464962377215323,0.6556807750427469,0.0028153860611237315,0.00700680630585974,7.708077236157074e-06,1.91834061559204e-05,5.395529296547963e-05,0.00013427611527383476,0.00023121647365598186,0.000575342131998613,0.00069348905015576,0.0017250335307381626
23006,40.875,26.625,0.1425598612309939,0.23734438150918083,0.0016282643901400745,0.0025363350159389496,4.457935005586222e-06,6.944082709514632e-06,3.12051277052694e-05,4.860756635272079e-05,0.00013372940569189584,0.0002083015068224947,0.00040113456880541687,0.0006247743609524292
26033,41.625,33.375,0.056943494972851394,0.05934944937498382,0.0006503868923117067,0.0006342264589088018,1.7806606796844093e-06,1.7364159021759917e-06,1.2464558172164963e-05,1.2154847997436491e-05,5.341844113593286e-05,5.209116550042303e-05,0.00016024676297066165,0.000156265356174079
13068,38.375,42.125,0.26527359029975284,0.32082863665054695,0.003029853824210851,0.0034284734278458586,8.29525327172842e-06,9.386604618688565e-06,5.806532788621421e-05,6.570438208419738e-05,0.0002488276675849388,0.00028155981478616976,0.0007462972725363892,0.0008444416388914133
7053,36.875,38.375,0.13703872851881352,0.14671122860808727,0.0015652041169968913,0.0015678012851368978,4.2852861418252175e-06,4.292396770244622e-06,2.9996617358696298e-05,3.0046390476212714e-05,0.00012855059637617572,0.0001287638886960929,0.0003856022154853367,0.0003862419278062301
13051,38.375,37.875,0.19575203763367244,0.24488135998921787,0.002235805151772779,0.002616877484699925,6.1212821594880396e-06,7.164594415520753e-06,4.2848188252730957e-05,5.015108296158033e-05,0.00018362216622569427,0.00021491550479291188,0.0005507653535684609,0.0006446079582828057
25065,41.375,41.375,0.06333513639180224,0.0652009006826746,0.0007233897840594676,0.0006967568662072101,1.9805313283827175e-06,1.907614515128664e-06,1.3863636926680911e-05,1.3353225187029416e-05,5.941423359523412e-05,5.72268525187436e-05,0.0001782321108418916,0.00017167073300572433
13030,38.375,32.625,0.06710422775769012,0.07492580453877512,0.0007664389088360101,0.000800680178063292,2.0983931682261314e-06,2.192140453050051e-06,1.468865970954969e-05,1.5344882256296266e-05,6.294987966848353e-05,6.576212324926889e-05,0.00018883775119293844,0.00019727339606179228
24000,41.125,25.125,0.10137478126968662,0.12058034870468332,0.001157864106869536,0.0012885586703554935,3.170054131751421e-06,3.5278751469025593e-06,2.2190167889291068e-05,2.469486466605275e-05,9.50972526611027e-05,0.00010583084061843717,0.00028526462838096567,0.00031745892254009256
8052,37.125,38.125,0.14337689027808465,0.1622315544671632,0.0016375961844586197,0.0017336562579188608,4.48348395176712e-06,4.746480885775561e-06,3.1383965531373015e-05,3.322489309354193e-05,0.0001344957747110298,0.00014238462685745024,0.000403433059225633,0.00042709306331323305
22056,40.625,39.125,0.07507743223514468,0.08236577435244304,0.0008575058109348326,0.0008801859823968349,2.347720203577097e-06,2.4098149811191405e-06,1.6433925677628025e-05,1.6868582916940156e-05,7.042920852995405e-05,7.229192335478363e-05,0.00021127274511911764,0.0002168600920756658
19079,39.875,44.875,0.06266552037703463,0.06889457092444914,0.0007157416852012134,0.0007362285617745311,1.9595920162096547e-06,2.015681915823464e-06,1.3717063473750457e-05,1.4109688089014583e-05,5.87860901164472e-05,6.046869011600009e-05,0.0001763479031392512,0.00018139510118153623
23003,40.875,25.875,0.31421565438046933,0.5851742773491364,0.0035888514230753674,0.0062533521991544345,9.825691421161409e-06,1.7120598681530375e-05,6.877781255276716e-05,0.00011983803553361483,0.00029472874975333685,0.0005134904758371528,0.0008839256797537054,0.0015396805454985785
4070,36.125,42.625,0.03408808686142802,0.04407727985132874,0.0003893411335083272,0.00047102336100566605,1.0659573607130213e-06,1.2895908482191132e-06,7.46167766341177e-06,9.027101013248107e-06,3.197822655076621e-05,3.868700202924735e-05,9.593161186405297e-05,0.00011605651609325474
24007,41.125,26.875,0.07445094439549037,0.09684996042830836,0.0008503503056519536,0.0010349684469658205,2.3281295435939597e-06,2.8335851626204445e-06,1.629679298154052e-05,1.9834927525552715e-05,6.984152857691939e-05,8.500406226541468e-05,0.00020950995255397675,0.0002549905103386152
1037,35.375,34.375,0.12578748139920584,0.13208829693293628,0.0014366966614527334,0.0014115361424461971,3.9334533493695645e-06,3.864567871159075e-06,2.7533848534599947e-05,2.7051661467880628e-05,0.0001179968703844958,0.0001159305396953858,0.00035394884301198637,0.0003477513009743083
24046,41.125,36.625,0.0881056947005058,0.10125965115128456,0.0010063096583472068,0.001082091757486289,2.7551218948485e-06,2.962601381439889e-06,1.9285693860005004e-05,2.073802535407232e-05,8.265035497734274e-05,8.887422355163821e-05,0.00024793057225303006,0.0002665989754742082
6078,36.625,44.625,0.12060833559263201,0.12851680099594948,0.0013775424323775297,0.001373370039053887,3.771498520710459e-06,3.760075173331323e-06,2.6400190938358215e-05,2.632022931381428e-05,0.00011313876831053893,0.00011279610531433892,0.0003393779052371926,0.00033835014849392664
3032,35.875,33.125,0.07362467014724883,0.08047893558283609,0.0008409129161702011,0.000860022643326598,2.3022914391601645e-06,2.354610898924747e-06,1.6115928763160703e-05,1.6482159864605883e-05,6.906643748716412e-05,7.063591529576918e-05,0.00020718500227256964,0.00021189277794209094
8054,37.125,38.625,0.36875764229513885,0.42713887561172104,0.004211809217240215,0.004564537319122901,1.1531238695461354e-05,1.2496944004625199e-05,8.071587856284257e-05,8.747532845465589e-05,0.0003458793253698911,0.00037484039254109813,0.0010372791199649845,0.0011240997143305842
9036,37.375,34.125,0.06230054859656873,0.07118680963700263,0.0007115731166545892,0.0007607241292472978,1.948179119803939e-06,2.08274698709765e-06,1.3637174135605612e-05,1.4579137815662335e-05,5.844372262509001e-05,6.248052269230975e-05,0.00017532092106886665,0.00018742985687381086
6064,36.625,41.125,0.22170069938822778,0.23891676341338577,0.0025321808745175645,0.0025531379722874632,6.932709369134038e-06,6.990086376279514e-06,4.8527956283850315e-05,4.892957855873181e-05,0.00020796037525649957,0.00020968133800736144,0.000623751392210381,0.0006289121244503759
13067,38.375,41.875,0.22039066376438002,0.23965120396630105,0.0025172181470169393,0.002560986429788921,6.891743936976447e-06,7.011574131410292e-06,4.824121015178928e-05,4.907998652647905e-05,0.0002067316586209511,0.00021032583979763153,0.0006200667707619845,0.0006308448178204973
23057,40.875,39.375,0.08165581956097963,0.08526721804670181,0.0009326416432421462,0.0009111917015620858,2.5534303970120575e-06,2.4947038055334048e-06,1.787387585983069e-05,1.746279594505573e-05,7.660007577625638e-05,7.483840698718769e-05,0.00022978262506334612,0.00022449841901928114
18073,39.625,43.375,0.15948381162503586,0.24439540707911406,0.001821563300009696,0.002611684442529908,4.987156078883892e-06,7.150376742703912e-06,3.4909570249985755e-05,5.0051563525777e-05,0.00014960386366802414,0.00021448906313281668,0.00044874445040432587,0.0006433291825913567
12077,38.125,44.375,0.1957567720922699,0.30504338483287474,0.0022358592269540695,0.0032597873748371536,6.121430208394507e-06,8.924771604079673e-06,4.2849224556773535e-05,6.247172857087868e-05,0.0001836266069034087,0.0002677085025846182,0.0005507786707096285,0.0008029105234128586
10046,37.625,36.625,0.6167073185301628,0.7872932462238358,0.007043795899003874,0.008413257628061943,1.928467619471963e-05,2.3033978733155713e-05,0.0001349849237406442,0.00016122670971219222,0.000578378539005997,0.0006907886161880983,0.0017341322452950614,0.002070934611464126
3061,35.875,40.375,0.06552373547102326,0.07129541856570269,0.0007483871284326829,0.0007618847576436979,2.0489701895165524e-06,2.0859246078197557e-06,1.4342703163028325e-05,1.460138088271723e-05,6.146727946909625e-05,6.257584555269258e-05,0.00018439050396024115,0.00018771578969367653
7055,36.875,38.875,0.2070315339516963,0.23174690564286557,0.002364635258892449,0.0024765186682742823,6.4739975483840695e-06,6.780315598864384e-06,4.531710268296241e-05,4.7461243776525386e-05,0.00019420169555417477,0.00020338947111497863,0.0005824919510909465,0.0006100443199277272
12059,38.125,39.875,0.20569941400211672,0.3232496055347934,0.002349420292642019,0.0034543446455025336,6.4323415098765935e-06,9.457435484860888e-06,4.5025521703379034e-05,6.620017011904622e-05,0.0001929522482454482,0.0002836841602384954,0.0005787450602097177,0.0008508110734369856
19047,39.875,36.875,0.12461535870566387,0.14605103020119814,0.0014233091228686642,0.001560746202028494,3.89680040979723e-06,4.273081088079778e-06,2.727728398477236e-05,2.9911184175723804e-05,0.00011689740703690887,0.00012818449019824651,0.000350651227696952,0.0003845041789102277
13065,38.375,41.375,0.1835162672909319,0.21505651505517595,0.0020960528472813026,0.002298160024146793,5.738663471643868e-06,6.2919994363586085e-06,4.0169952730484404e-05,4.404316468875624e-05,0.00017214557938305397,0.00018874276277514035,0.0005163478409490052,0.0005661214235577194
12068,38.125,42.125,0.22363340046110625,0.2718720851161865,0.0025542554494124878,0.0029053086698403482,6.993145840517023e-06,7.954269993226681e-06,4.8950993910001905e-05,5.567856129140569e-05,0.00020977310332637167,0.00023860057921065714,0.0006291873049455443,0.0007156309605063083
9057,37.375,39.375,0.09981926302012112,0.11405397193882336,0.0011400975703976988,0.0012188158021518884,3.1214121588574173e-06,3.336930235686708e-06,2.184968050589209e-05,2.335827781418942e-05,9.363812659257675e-05,0.00010010306345265008,0.0002808880763024435,0.00030027912949115443
28033,42.125,33.375,0.03210974239011765,0.03246929266345425,0.0003667452371161046,0.00034697684184238045,1.0040932320043439e-06,9.499703683690797e-07,7.028631451855283e-06,6.649773627076527e-06,3.012235839605637e-05,2.8498718490421737e-05,9.036435314624391e-05,8.549371896360292e-05
13038,38.375,34.625,0.07882886968141274,0.08549824876324894,0.0009003532993712783,0.0009136605668135401,2.465029951159714e-06,2.501463173376628e-06,1.7255082055078752e-05,1.751011081041476e-05,7.394825537443417e-05,7.50411733309031e-05,0.0002218283614940919,0.00022510662688235428
6048,36.625,37.125,0.16290021286886705,0.18740185397870063,0.0018605841326601081,0.002002633815368705,5.093988757698398e-06,5.482897536657205e-06,3.5657376385556105e-05,3.837965145658817e-05,0.0001528083755745202,0.00016447384972539947,0.00045835507909275375,0.0004933403986838725
10075,37.625,43.875,0.424451212737533,1.0930220133891684,0.004847919948045224,0.011680369209177185,1.3272793361385204e-05,3.1978596707116225e-05,9.290585410381969e-05,0.00022382870285075906,0.00039810717767063686,0.0009589131896244885,0.0011938461281328916,0.0028739819070923156
10076,37.625,44.125,0.34656692730373595,0.8720759909563939,0.00395835532986793,0.009319272098871241,1.0837327531376673e-05,2.5514450952224266e-05,7.585882636307328e-05,0.00017858748651577994,0.0003250687413727249,0.0007651504165556711,0.0009748892494083616,0.0022936953321482934
11076,37.875,44.125,0.2729398109456056,0.7216046994833561,0.0031174144740095536,0.007711289626187941,8.534979248353558e-06,2.11121375085499e-05,5.9743324996919256e-05,0.00014777560271983514,0.00025601769202054925,0.0006331702742339296,0.000767856457666527,0.0018983083627541752
5036,36.375,34.125,0.09712091838646252,0.11443051070435023,0.0011092781066203543,0.0012228396111411365,3.0370333256035664e-06,3.3479467874686364e-06,2.125903958494213e-05,2.3435392130233268e-05,9.110698762704317e-05,0.00010043352797250993,0.0002732960621878444,0.0003012703242498693
24068,41.125,42.125,0.08912215961501578,0.10525254222351921,0.001017919333117033,0.0011247610188226777,2.7869073639941178e-06,3.0794230992947647e-06,1.9508188444650187e-05,2.1555762556246805e-05,8.360384242633856e-05,9.237856805888178e-05,0.0002507905590558579,0.00027711010356545884
10078,37.625,44.625,0.14160400275847312,0.22874293282671573,0.0016173469390470395,0.002444417291397009,4.428044786286556e-06,6.692427410914803e-06,3.099590174804323e-05,4.684605132676545e-05,0.00013283281464437913,0.00020075334051072868,0.0003984455126070374,0.0006021391239117158
22057,40.625,39.375,0.06446981198547247,0.06844195274380281,0.0007363496161439041,0.0007313917447699564,2.016013344041667e-06,2.002439459247718e-06,1.4112008057787229e-05,1.4016992009868723e-05,6.04786323786799e-05,6.007143956243688e-05,0.00018142492436235003,0.00018020349317049433
21,35.125,30.375,0.13948990195690578,0.16871080187362378,0.0015932004856019073,0.0018028954873012591,4.361935690311292e-06,4.936046646752956e-06,3.053315027878867e-05,3.455181487543868e-05,0.00013084979452571144,0.00014807080130740946,0.000392498020811316,0.00044414663228198314
23059,40.875,39.875,0.04759694235892065,0.04790390445499662,0.0005436341313282008,0.0005119158477518119,1.4883880267158034e-06,1.4015482245888222e-06,1.0418669665890334e-05,9.810796320786075e-06,4.465067715986315e-05,4.204559226073101e-05,0.00013394605051986197,0.00012613147336093533
24057,41.125,39.375,0.07962882153940434,0.08234029568036567,0.0009094900445458797,0.0008799137094753588,2.4900449341336284e-06,2.409069540298958e-06,1.743018433297827e-05,1.6863364906583023e-05,7.469865094733574e-05,7.226956169226195e-05,0.00022407921359335337,0.00021679301678556584
12074,38.125,43.625,0.27170303028578824,0.739226571004099,0.003103288436782767,0.007899602361885494,8.49630459553996e-06,2.162769866242975e-05,5.9472616259270694e-05,0.00015138406808701266,0.00025485773892786057,0.0006486275264941943,0.0007643783759359035,0.0019446206993672943
24041,41.125,35.375,0.1487885460880016,0.3848986231581595,0.0016994060541575295,0.004113144997556928,4.652709379104891e-06,1.1261113862293115e-05,3.256851105570835e-05,7.882513401991087e-05,0.00013957186503177343,0.0003377782581491795,0.000418657156897817,0.0010129925305311094
28054,42.125,38.625,0.01426556940975439,0.014265584259726257,0.00016293589566096338,0.00015244641836769851,4.4609407068296747e-07,4.1737545941611387e-07,3.1226543157902853e-06,2.921624557727931e-06,1.3382735556066727e-05,1.2521188004988026e-05,4.014766937765479e-05,3.756309367641819e-05
30060,42.625,40.125,0.020481283825762458,0.029819203180144898,0.00023392941624574546,0.00031865717103682123,6.404636313517287e-07,8.724354060296591e-07,4.48323680513063e-06,6.107031857882639e-06,1.9213730505951432e-05,2.617273108451723e-05,5.764008402264764e-05,7.851613823606218e-05
23051,40.875,37.875,0.04362930766560081,0.04584060621408378,0.000498317320351869,0.0004898668085309274,1.3643175370559035e-06,1.3411813279962104e-06,9.550183671103163e-06,9.388231521523238e-06,4.0928716430244094e-05,4.023465738423049e-05,0.00012278112387975604,0.00012069911573486802
14037,38.625,34.375,0.08156456340591593,0.08906097310760687,0.0009315993502265087,0.000951732934270798,2.550576761572998e-06,2.6056993683853946e-06,1.7853900717401672e-05,1.8239752996307423e-05,7.65144730476841e-05,7.816802761750896e-05,0.00022952585619717691,0.00023448575260853755
8029,37.125,32.375,0.09290553379151752,0.10426334472987926,0.001061131590711697,0.001114190150345216,2.905215740756084e-06,3.0504817274401574e-06,2.033633294018511e-05,2.1353176678617913e-05,8.715280080040522e-05,9.151040407162636e-05,0.00026143561623115374,0.0002745060905190444
27049,41.875,37.375,0.0099945994017913,0.01013229238717697,0.00011415450435437134,0.00010827679092262197,3.125379507418202e-07,2.9644565335829043e-07,2.1877636040557036e-06,2.0751177277622546e-06,9.376096032132075e-06,8.893331371773172e-06,2.8128024363804904e-05,2.6679756842007407e-05
19031,39.875,32.875,0.33025589305520864,0.5914341346203833,0.003772056914564352,0.0063202469581156,1.0327275665966695e-05,1.73037433977008e-05,7.228868999520355e-05,0.0001211199161545995,0.00030977188055969496,0.0005189820754643026,0.0009290277955503745,0.0015561383389928185
7056,36.875,39.125,0.15793660589088984,0.17884349620762519,0.0018038917059201894,0.001911176573551198,4.938774131213464e-06,5.232502596652644e-06,3.457090670111462e-05,3.662694322081883e-05,0.0001481526141260403,0.00015696316858004877,0.00044439199803869567,0.0004708155972983352
30028,42.625,32.125,0.013171297273666048,0.01350741822642721,0.00015043753646693948,0.00014434442309010004,4.1187544286280797e-07,3.951934143264779e-07,2.8831245372229475e-06,2.7663506202424415e-06,1.2356189490581038e-05,1.1855734491472703e-05,3.7068110447346925e-05,3.556678180083317e-05
26057,41.625,39.375,0.020355998818978708,0.020404483165413143,0.00023249845865780353,0.00021804857905419723,6.365458854462602e-07,5.969842955533267e-07,4.455812689152516e-06,4.1788825849709e-06,1.909620030648984e-05,1.7909373839164466e-05,5.7287506932013343e-05,5.3727159286198756e-05
15040,38.875,35.125,0.1041975515690501,0.14713513472239598,0.0011901047131686064,0.0015723312761750476,3.258323817423303e-06,4.304799156473749e-06,2.2808043772637454e-05,3.0133204940607783e-05,9.774509640825269e-05,0.0001291359139031778,0.00029320662784715346,0.00038735771561038135
7029,36.875,32.375,0.1104342298569397,0.12544653911990858,0.0012613376751064412,0.001340560276906626,3.4533483838083967e-06,3.6702472739902348e-06,2.417318825020942e-05,2.5691448034437236e-05,0.00010359526403891373,0.00011010155865831539,0.00031075359729226815,0.00033026831024984826
1056,35.375,39.125,0.034427702556352184,0.035415516874327806,0.0003932200945118152,0.0003784610993728527,1.0765773658105715e-06,1.0361694819938094e-06,7.536017221032587e-06,7.25316382743646e-06,3.2296816804833206e-05,3.1084617427734607e-05,9.68873211950605e-05,9.325095355305901e-05
23056,40.875,39.125,0.09942261206428148,0.10686270358948949,0.0011355671743862841,0.0011419676981123013,3.1090086493046343e-06,3.1265322735229972e-06,2.176285756116947e-05,2.1885520636644173e-05,9.326605491810636e-05,9.37917161166757e-05,0.00027977206989460157,0.00028134875851693053
11079,37.875,44.875,0.10982067225159677,0.14043405350284982,0.0012543298540307688,0.0015007214624785377,3.434162081483727e-06,4.108742996389303e-06,2.4038886908606116e-05,2.8760846460085254e-05,0.0001030197324483062,0.0001232549466042565,0.0003090273592425419,0.0003697192663395521
8067,37.125,41.875,0.07839029859760852,0.11544412791781088,0.0008953441076385054,0.001233671436250758,2.4513155654215524e-06,3.3776026087117828e-06,1.7159082770223932e-05,2.3642978689952798e-05,7.353685312860847e-05,0.00010132311585042686,0.0002205943367772356,0.0003039385494699731
1051,35.375,37.875,0.06735040973110769,0.07235940057231333,0.0007692507054900537,0.0007732547964140959,2.1060914316972656e-06,2.1170540120962755e-06,1.4742546874280116e-05,1.4819283964406793e-05,6.318081349421245e-05,6.350967076595992e-05,0.00018953046528913386,0.0001905169121191319
16046,39.125,36.625,0.18708797572090866,0.22101694804748828,0.0021368475394076577,0.002361855043225956,5.850352604364062e-06,6.466385782055717e-06,4.095174947849056e-05,4.5263822386565344e-05,0.00017549569036190427,0.00019397338540538822,0.0005263946802785968,0.000581807286491709
17042,39.375,35.625,0.11836215782604165,0.15798568394896154,0.0013518874461865898,0.0016882835804618165,3.7012592589702464e-06,4.622257847031186e-06,2.5908527128915004e-05,3.235535626189279e-05,0.00011103181877103463,0.00013865844191962573,0.00033305847348741313,0.00041591764993420544
8071,37.125,42.875,0.2670263949051538,0.36754447968722637,0.003049873690232069,0.003927693286094133,8.350064221507303e-06,1.0753380336958607e-05,5.844898537565868e-05,7.527123406314562e-05,0.0002504715992538431,0.0003225511138491566,0.0007512266054088279,0.0009673412574423557
6035,36.625,33.875,0.09725352212404613,0.1172932501875481,0.0011107926559615396,0.0012534317252100551,3.0411799231133685e-06,3.4317031472053117e-06,2.1288065238156406e-05,2.4021674723373465e-05,9.123137458899588e-05,0.00010294597176419007,0.0002736691550351278,0.00030880612276440456
39,35.125,34.875,0.07496094319402394,0.07820027350490032,0.0008561753175136085,0.0008356721599445546,2.344077519644827e-06,2.287943063561393e-06,1.640842724914826e-05,1.60154915168631e-05,7.031993544670545e-05,6.863601486761794e-05,0.00021094497200802032,0.000205893912218591
2031,35.625,32.875,0.1808276475636944,0.1933238451432401,0.0020653444576778962,0.0020659180332600036,5.654588961956364e-06,5.656159317357634e-06,3.958145127780366e-05,3.9592443393132726e-05,0.00016962376073748064,0.00016967086367591921,0.0005087849704321634,0.0005089262313064946
13041,38.375,35.375,0.11119321919326113,0.1260287270307572,0.0012700065619737325,0.0013467817158754041,3.477082420322297e-06,3.687280582864716e-06,2.4339323051458805e-05,2.581067856499697e-05,0.00010430721358511974,0.0001106125034130434,0.00031288900190595825,0.00033180080621475483
6058,36.625,39.625,0.04040919489484648,0.04179910351696722,0.0004615384198143688,0.00044667806842876536,1.2636225276141388e-06,1.2229371534333566e-06,8.84532416178807e-06,8.560528667156397e-06,3.79079812536931e-05,3.6687464035844997e-05,0.00011371963277051478,0.00011005835424671151
2058,35.625,39.625,0.037747474001135504,0.048246943366957874,0.0004311372584334741,0.0005155816670086425,1.1803887857153583e-06,1.4115846765916373e-06,8.262692240301739e-06,9.881050892057708e-06,3.541105748461337e-05,4.2346673539861435e-05,0.00010622941066928959,0.00012703464097307826
14041,38.625,35.375,0.14787960910721246,0.2090243114763004,0.0016890245224562444,0.0022336980425187065,4.6242864262247e-06,6.115513244142612e-06,3.236955592267332e-05,4.2807807327127634e-05,0.00013871929113806747,0.00018344912946799408,0.0004161001469582537,0.0005502464338285051
19048,39.875,37.125,0.1766119235062411,0.19802403105331295,0.002017194064557875,0.002116145664642462,5.522761106990792e-06,5.793674290210937e-06,3.865868723584853e-05,4.055501513855475e-05,0.00016566956600505556,0.00017379562799857418,0.0004969263633467502,0.0005212962744843841
31070,42.875,42.625,0.050946159318897635,0.12245573999422829,0.0005818876106995605,0.0013085996781350513,1.593120183995822e-06,3.5827442407265764e-06,1.1151787989160944e-05,2.507894012993006e-05,4.77925014913394e-05,0.00010747674372557636,0.00014337065221348144,0.00032239557866697854
2045,35.625,36.375,0.1115169503152302,0.13102636511966628,0.0012737040954402406,0.0014001880126720274,3.487205679997274e-06,3.8334985047461245e-06,2.4410184388479195e-05,2.6834180925305873e-05,0.00010461088070845559,0.00011499856273711195,0.0003137998129609798,0.0003449560157238185
24056,41.125,39.125,0.09628314736750834,0.10165783257943575,0.0010997094054061736,0.0010863468466208823,3.0108357286229293e-06,2.974251146037332e-06,2.107565973363812e-05,2.0819572253527596e-05,9.032112863749386e-05,8.922368640373879e-05,0.0002709389129303963,0.00026764717732274956
16031,39.125,32.875,0.3175824619644448,1.108011300277049,0.003627305815848366,0.011840549336281717,9.930972770688662e-06,3.241713187385198e-05,6.951473832017552e-05,0.0002268978560299173,0.00029788628556004504,0.0009720569658527856,0.0008933926743960319,0.0029133371318154078
8059,37.125,39.875,0.027197653495322844,0.031963878550827295,0.00031064123028323303,0.00034157583128019924,8.504889751348443e-07,9.351832213067013e-07,5.953407636316577e-06,6.546264182838435e-06,2.5514354608735523e-05,2.805511620396217e-05,7.65411108958336e-05,8.416298736524386e-05
5076,36.375,44.125,0.08242667688935235,0.09639558891550737,0.0009414460817904838,0.0010301128933149003,2.5775355741997075e-06,2.8202914187369643e-06,1.804260950266645e-05,1.9741872897216517e-05,7.732317729114424e-05,8.460528264508937e-05,0.0002319515957146523,0.0002537943743793347
5079,36.375,44.875,0.08424482459017658,0.09002571079183186,0.0009622122717383701,0.000962042417706373,2.634390155575872e-06,2.6339251217866178e-06,1.8440585349277505e-05,1.8437330164378096e-05,7.902868583586908e-05,7.901473588844965e-05,0.00023706732140171827,0.00023702547817328057
2037,35.625,34.375,0.08065275569958814,0.08577775808894565,0.0009211850301924621,0.000916647489383766,2.5220639795486832e-06,2.509640901204868e-06,1.7654314280801664e-05,1.756735404456755e-05,7.565915250218325e-05,7.528648734012044e-05,0.00022696028501745236,0.00022584245828161098
13069,38.375,42.375,0.33351587614155626,0.52141457978895,0.0038092911986477088,0.00557199647251246,1.0429216521945506e-05,1.5255178566708771e-05,7.300223155382035e-05,0.00010678136296149443,0.0003128291859421095,0.00045755413800885325,0.000938194002141679,0.0013720344424505981
21050,40.375,37.625,0.1530378785211021,0.19172464049051505,0.0017479403093324396,0.0020488284407760033,4.7855883007486e-06,5.609370826720195e-06,3.349863717050372e-05,3.9264935027150116e-05,0.00014355768716189932,0.00016826743822462298,0.0004306112380156879,0.0005047173776459024
10039,37.625,34.875,0.14311709591412797,0.16715083920403023,0.0016346289122689788,0.0017862252467112383,4.47536003966853e-06,4.890406239632661e-06,3.13270996750159e-05,3.42323414439516e-05,0.00013425208900541552,0.0001467017841718654,0.00040270219856564093,0.000440040791432339
10040,37.625,35.125,0.2290020176618539,0.29224063582918125,0.0026155737485240925,0.0031229732636630526,7.161025005975041e-06,8.550198254964059e-06,5.0126098168568056e-05,5.984985258289388e-05,0.00021480844474752736,0.0002564741491242195,0.0006442869161505937,0.000769225127275619
12045,38.125,36.375,0.17169767863748364,0.20542751766780407,0.0019610654330122746,0.0021952615982953625,5.369090125828535e-06,6.010280633073073e-06,3.7583025516152446e-05,4.2071205845983783e-05,0.00016106016460060157,0.00018029270616193305,0.00048310267684981145,0.0005407806079664734
31068,42.875,42.125,0.02233361421494932,0.04203610662997758,0.00025508602782942417,0.00044921075654462644,6.983872381516321e-07,1.2298712670499867e-06,4.888700424809933e-06,8.609067105536106e-06,2.0951404978597488e-05,3.6895480046816864e-05,6.285289806096106e-05,0.00011068235636146895
7000,36.875,25.125,0.18301328934273015,0.26307682816161354,0.0020903080248957395,0.0028113198505297,5.722935095264781e-06,7.696944643975634e-06,4.0059857881580285e-05,5.3877368421995087e-05,0.00017167380650462416,0.00023088257048564653,0.0005149330088859427,0.0006924878034805237
4074,36.125,43.625,0.05919253538102962,0.07706620296153431,0.0006760745745036037,0.0008235531335265105,1.850989592933061e-06,2.254763052933484e-06,1.2956855200974005e-05,1.5783234607491536e-05,5.552819743148696e-05,6.764068011211322e-05,0.00016657534232367155,0.0002029083148611388
8037,37.125,34.375,0.20415370381795564,0.2376295742666679,0.002331765780154326,0.0025393826734082655,6.384006398740816e-06,6.952426683026758e-06,4.468718893402279e-05,4.86659717316984e-05,0.00019150246435983842,0.0002085517755909816,0.0005743973805208968,0.0006255248543144409
9072,37.375,43.125,0.24680535100799195,0.31773411376530164,0.0028189166352454746,0.0033954044050968687,7.717743346735695e-06,9.296067414399367e-06,5.402295260836798e-05,6.507065717487048e-05,0.00023150639211855228,0.0002788444343558849,0.0006943584031346983,0.0008363000620932315
23079,40.875,44.875,0.03573993393039048,0.04470593571318249,0.00040820790103408063,0.00047774137078224573,1.1176116986311158e-06,1.3079837326568367e-06,7.82325566028863e-06,9.155850201225668e-06,3.352780762533314e-05,3.923876778066937e-05,0.00010058005057189678,0.00011771168435970036
5063,36.375,40.875,0.3981331751124028,0.4360319061322047,0.00454732535491546,0.004659570976812599,1.2449820802618028e-05,1.2757128693752229e-05,8.71454907271918e-05,8.92964832975851e-05,0.00037342720776656346,0.00038264307545499143,0.0011198633317347495,0.0011474900352203
7035,36.875,33.875,0.11319228845413042,0.13404858974754727,0.0012928391690118588,0.0014324844340197183,3.5395944721905437e-06,3.921920944449653e-06,2.477689820323814e-05,2.7453123602749763e-05,0.00010618238434700888,0.00011765093764259937,0.00031851333014187855,0.0003529112893270181
8002,37.125,25.625,0.1566920046262553,0.21556695580806864,0.0017896763447264516,0.002303614750931947,4.89985478480115e-06,6.306933570288109e-06,3.4298479317573793e-05,4.4147699675201046e-05,0.00014698520029043927,0.00018919070495371226,0.00044089079009956844,0.0005674647422642121
23055,40.875,38.875,0.08237867293196498,0.09016862071257851,0.0009408977988886576,0.0009635695970472532,2.5760344612990593e-06,2.6381062999680793e-06,1.8032101874787543e-05,1.846659794835226e-05,7.727814726909976e-05,7.914016164412008e-05,0.0002318165265325911,0.00023740169593255978
23062,40.875,40.625,0.05378056669965503,0.06038024595415781,0.0006142611313061734,0.000645241868001045,1.6817539076896537e-06,1.7665743957673286e-06,1.177221795989336e-05,1.2365955234350245e-05,5.0451386941485765e-05,5.2995874354921924e-05,0.00015134652492565515,0.00015897919752561052
2067,35.625,41.875,0.01291424487467616,0.013025762905454366,0.0001475015819558929,0.00013919730627853362,4.038372407588753e-07,3.8110138189662024e-07,2.826857260274096e-06,2.6677066236047153e-06,1.2115046280070096e-05,1.1432978279879435e-05,3.634469851898636e-05,3.429854270209365e-05
27036,41.875,34.125,0.0326178649573391,0.032651680173581804,0.00037254881937894533,0.0003489258908380422,1.019982558192467e-06,9.553065686285223e-07,7.1398560598234795e-06,6.6871268152857155e-06,3.0599024191779733e-05,2.8658800075187507e-05,9.179426370309329e-05,8.597393626863514e-05
6074,36.625,43.625,0.12322769754248425,0.19701508421543182,0.0014074597860492025,0.002105363748601868,3.853407458676017e-06,5.764155183496378e-06,2.6973540389163553e-05,4.034838855604406e-05,0.00011559576478736844,0.0001729102031966523,0.00034674720876437526,0.0005186409209444465
16033,39.125,33.375,0.3176944419484506,1.1300819243285682,0.003628584808538108,0.012076402808984742,9.934474426986917e-06,3.306284234849688e-05,6.953924845398696e-05,0.0002314169415219558,0.0002979913049956373,0.0009914098962393592,0.0008937075449946263,0.002971281982421581
29071,42.375,42.875,0.2546556780412333,0.5356284661757459,0.0029085800780182555,0.005723890431519085,7.963226549390079e-06,1.5671035131448185e-05,5.574125419083309e-05,0.00010969208884659132,0.00023886921388649451,0.0004700242416826317,0.000716436479785032,0.0014094100605237525
27072,41.875,43.125,0.11809276723997238,0.19446810444706494,0.0013488105696061279,0.002078145939904142,3.692835261137617e-06,5.689637311290241e-06,2.5849560452151366e-05,3.982678137404161e-05,0.00011077912593004946,0.0001706750382785005,0.00033230056310551426,0.0005119377299009908
2076,35.625,44.125,0.05244893260760195,0.05983781265075959,0.0005990517143351983,0.0006394452589872895,1.640112862633103e-06,1.75070417318679e-06,1.1480733549285027e-05,1.2254864848015856e-05,4.92022157599914e-05,5.251979195686207e-05,0.00014759938482511448,0.00015755110102966263
16028,39.125,32.125,0.13432535176186783,0.15779830372389167,0.0015342129620377148,0.001686281177779616,4.200437343837571e-06,4.616775592602984e-06,2.9402690892577077e-05,3.231698154448903e-05,0.0001260054456191373,0.00013849399631826742,0.0003779687067412274,0.0004154244498500992
26065,41.625,41.375,0.06445126082132456,0.06940790128466376,0.0007361377318188435,0.0007417141677917374,2.0154332375232897e-06,2.0307006561859353e-06,1.4107947361452489e-05,1.4214817995350515e-05,6.0461230201092064e-05,6.0919225892019924e-05,0.00018137272414320282,0.0001827465444460552
8038,37.125,34.625,0.24877684500468794,0.30073851524091766,0.0028414342881281016,0.00321378421514277,7.77939284268836e-06,8.798822933253625e-06,5.44544790174184e-05,6.1590134751488e-05,0.00023335546144787056,0.00026393101337351954,0.000699903032736704,0.0007915840797663165
23060,40.875,40.125,0.05093430880344775,0.051895739762094176,0.0005817522586295933,0.0005545738268574234,1.5927496107570605e-06,1.5183392356732384e-06,1.1149194001691676e-05,1.0628326237660524e-05,4.778138480943106e-05,4.554917425636518e-05,0.0001433373053550957,0.00013664129868184993
27046,41.875,36.625,0.018513115494584197,0.024321621420193656,0.0002114497478468943,0.00025990832249830106,5.789176910075966e-07,7.115899521847879e-07,4.052416799016356e-06,4.981119031577386e-06,1.7367384942623687e-05,2.1347478299404976e-05,5.210124995502774e-05,6.404106776336516e-05
1042,35.375,35.625,0.04974535970835051,0.06357649747769277,0.0005681725353013047,0.0006793979942482398,1.5555704131475778e-06,1.8600886033670605e-06,1.0888942076014985e-05,1.3020547565245622e-05,4.6666059795641424e-05,5.580115305758859e-05,0.000139991646325055,0.00016739411804045368
25056,41.375,39.125,0.05995201999428688,0.06121794336954684,0.0006847491182352529,0.0006541937600740856,1.8747391550277825e-06,1.7910832970091661e-06,1.3123100277789845e-05,1.2537515711397162e-05,5.624064580600496e-05,5.373110346118537e-05,0.0001687124485653113,0.00016118464944436806
21046,40.375,36.625,0.2551985960299477,0.2786188396420131,0.002914781080321125,0.0029774065625268733,7.980203833080068e-06,8.151661675892541e-06,5.58600894926542e-05,5.706023630858148e-05,0.00023937841466648013,0.00024452094690385895,0.000717963351639983,0.0007333834838511022
8056,37.125,39.125,0.24106510429459607,0.2710743815381475,0.0027533537255082343,0.0028967841642065723,7.5382432519477405e-06,7.930931354094284e-06,5.276650945118533e-05,5.551519860325094e-05,0.00022612258037379984,0.0002379005812914725,0.0006782143584191935,0.0007135319672791907
24070,41.125,42.625,0.09788915176826174,0.13824262237484788,0.0011180525754511965,0.001477303155840616,3.0610564386579497e-06,4.0446274285343975e-06,2.1427198300560946e-05,2.831204846276414e-05,9.182761729886746e-05,0.00012133170695449724,0.00027545755573699093,0.00036395095850039194
3038,35.875,34.625,0.0736605359140763,0.08142906634615393,0.0008413225612866172,0.0008701760327154707,2.3034129837951056e-06,2.3824092981739042e-06,1.612377946702548e-05,1.667674589433954e-05,6.910008157889891e-05,7.146980999483965e-05,0.0002072859206028177,0.00021439410654833235
9039,37.375,34.875,0.18110563435576457,0.22523281076115023,0.002068519516846365,0.002406907048059863,5.663281751000504e-06,6.589730643713487e-06,3.964229873509861e-05,4.612720260044334e-05,0.0001698845016153694,0.0001976730307939878,0.0005095669275174686,0.0005929018762245164
21043,40.375,35.875,0.29894342004422997,0.41383288627566184,0.0034144177843719744,0.00442234542707067,9.34812272457286e-06,1.2107648610260036e-05,6.543502396516576e-05,8.475046183598067e-05,0.0002804056715351999,0.00036316569662242504,0.0008409811546311596,0.0010891014697953505
29003,42.375,25.875,0.10269408321307287,0.12419662466797901,0.001172932670739542,0.0013272033068734658,3.211309479556057e-06,3.6336780165902027e-06,2.247894979545695e-05,2.54354688418168e-05,9.633479858039973e-05,0.0001090045971193776,0.00028897655545490064,0.0003269781466467281
29038,42.375,34.625,0.016924733386202925,0.016924749812472332,0.0001933078529076016,0.00018086307884106903,5.292479171581377e-07,4.951760002036565e-07,3.7047295381453793e-06,3.4662268519891626e-06,1.587731567131989e-05,1.4855173343875094e-05,4.7631190750574426e-05,4.456485800630183e-05
27001,41.875,25.375,0.11094981953681325,0.16470703011906854,0.0012672265438834777,0.0017601099516490787,3.469471172024008e-06,4.818906805592604e-06,2.4286045423704827e-05,3.3731859983898715e-05,0.0001040788991348851,0.0001445571031117865,0.00031220420128041937,0.00043360862208796647
30044,42.625,36.125,0.04506102006141872,0.045069659452824866,0.0005146697935578798,0.0004816282344657981,1.4090881066408656e-06,1.3186253714492224e-06,9.863575050506057e-06,9.2303410860195e-06,4.2271779505331786e-05,3.9558004786610645e-05,0.0001268099778815035,0.00011866931991455498
25007,41.375,26.875,0.04234371992968955,0.05788454971474806,0.000483633827307545,0.0006185720908573326,1.3241163780985943e-06,1.6935566518050393e-06,9.268777828030927e-06,1.1854836331814944e-05,3.972272867480697e-05,5.080545193481001e-05,0.0001191634524017049,0.0001524086123538826
10038,37.625,34.625,0.11142975184047771,0.12654127943899676,0.001272708147702301,0.0013522590084586773,3.484478933168944e-06,3.7022765372318744e-06,2.439109756013913e-05,2.5915647918761664e-05,0.00010452908657354598,0.00011106233384372555,0.00031355448187309065,0.0003331499983751929
6069,36.625,42.375,0.14043790102742756,0.16253179888814376,0.0016040281696013702,0.0017368647620908625,4.391580143758844e-06,4.755265249678509e-06,3.074065600339182e-05,3.3286381888375516e-05,0.00013173901525553866,0.0001426481214700237,0.0003951649825484349,0.000427883321853062
9068,37.375,42.125,0.12538755099517684,0.20789248951630512,0.001432128808834249,0.0022216030451537336,3.920947299618227e-06,6.082399148010786e-06,2.7446308249023943e-05,4.257601713675285e-05,0.00011762173161788958,0.00018245588227661091,0.0003528236918657335,0.0005472677824569505
13077,38.375,44.375,0.3773739928243656,0.5281283479724945,0.004310221888370497,0.005643741863005987,1.1800674761253127e-05,1.545160372473653e-05,8.260179901209419e-05,0.00010815621240911621,0.0003539596731824135,0.00046344426957334317,0.0010615032015431902,0.0013896885664860248
10068,37.625,42.125,0.1277763445894696,0.16825446182034415,0.0014594126986430306,0.0017980188972216923,3.995646223109439e-06,4.922695336584404e-06,2.7969188295062786e-05,3.445835846838108e-05,0.00011986244209527541,0.00014767031925599916,0.0003595442269929139,0.000442945541418549
28025,42.125,31.375,0.012500324761418637,0.012602900942318154,0.00014277394421157775,0.00013467847336076527,3.908936790919526e-07,3.6872949626953755e-07,2.7362525452101494e-06,2.5811036190592773e-06,1.1726743907480852e-05,1.1061825746616627e-05,3.517981917444679e-05,3.318511014904768e-05
7079,36.875,44.875,0.12575523903379698,0.13346465505019744,0.001436328401446054,0.0014262443283534598,3.932445112431182e-06,3.904836533119571e-06,2.752679104234268e-05,2.7333535531304243e-05,0.00011796662672458602,0.00011713846346517176,0.00035385813344035455,0.0003513742277437837
9001,37.375,25.375,0.06568242447111884,0.07636436727243413,0.0007501996136983908,0.0008160531016218936,2.0539324935286984e-06,2.2342291307042572e-06,1.4377438863677483e-05,1.5639499088115905e-05,6.161613973376667e-05,6.702470254271731e-05,0.00018483702978933092,0.00020106063099711857
13036,38.375,34.125,0.11130406659226397,0.13407474452097234,0.0012712726187093205,0.0014327639319680165,3.480548682710527e-06,3.922686165114264e-06,2.4363586381581648e-05,2.745848002139173e-05,0.00010441119096593621,0.00011767389165184827,0.00031320086894570665,0.00035298013515050464
13035,38.375,33.875,0.10985394217073005,0.13317374001793,0.0012547098503643778,0.0014231355208969227,3.435202451163022e-06,3.896325115437804e-06,2.404616934637005e-05,2.7273957001416882e-05,0.00010305094043028262,0.00011688314981483927,0.00030912096389623667,0.0003506084660291897
14039,38.625,34.875,0.05780930606497928,0.06397921877297577,0.0006602758565526009,0.000683701597798472,1.8077351395806573e-06,1.871871205705311e-06,1.2654077351625936e-05,1.310302485846293e-05,5.423063267373518e-05,5.6154612001591e-05,0.00016268307529598847,0.00016845437616064274
23063,40.875,40.875,0.051000937392601975,0.058960385004648105,0.0005825132649756173,0.0006300687974564345,1.5948331292259255e-06,1.7250328652185232e-06,1.1163778491751764e-05,1.2075167566072409e-05,4.784388747558488e-05,5.174969153043385e-05,0.0001435247954234553,0.00015524104063813216
25064,41.375,41.125,0.06713914639087949,0.07204613278882746,0.0007668377361530658,0.0007699071205872298,2.099485095552467e-06,2.1078885945602366e-06,1.469630310502179e-05,1.4755126854892886e-05,6.298263549642247e-05,6.323472508407146e-05,0.00018893600630198737,0.00018969217961362084
23078,40.875,44.625,0.06037422729490754,0.07770566905874875,0.0006895714090744946,0.0008303866648010145,1.8879418429706973e-06,2.273472199498805e-06,1.3215518050113673e-05,1.5914196854760476e-05,5.663670483480043e-05,6.82019176589943e-05,0.00016990049153708942,0.0002045917987893997
3050,35.875,37.625,0.05902390948617826,0.06257974867326761,0.0006741485938140104,0.0006687464301425985,1.845716554926824e-06,1.8309262640459067e-06,1.2919944344269574e-05,1.2816413450189579e-05,5.5370014770628195e-05,5.492632969861244e-05,0.00016610084696622174,0.00016476993855651934
17038,39.375,34.625,0.0736747534167664,0.08633536590311137,0.0008414849481825297,0.0009226062578839379,2.303857573826562e-06,2.52595507910236e-06,1.6126891554502087e-05,1.7681551565007503e-05,6.911341838988783e-05,7.577587694396204e-05,0.0002073259255059856,0.00022731040531653868
17070,39.375,42.625,0.23469133572510364,0.4368631721277694,0.002680554970633729,0.004668454140756501,7.338932606182347e-06,1.2781449160503833e-05,5.137139719868511e-05,8.946671352261237e-05,0.00022014455072050243,0.0003833724193255117,0.0006602882719608516,0.0011496763910866514
17024,39.375,31.125,0.08918751949886061,0.11332285483121098,0.0010186658487946526,0.001211002860008501,2.788951206866841e-06,3.3155396370609935e-06,1.9522495105284143e-05,2.320854661197469e-05,8.366515275426423e-05,9.946140739103271e-05,0.00025097445927513284,0.0002983545454423586
16038,39.125,34.625,0.09159169978430737,0.11007288655486876,0.001046125479524278,0.0011762727000293035,2.8641313659649725e-06,3.2204539519575803e-06,2.0048747294110214e-05,2.254295986725552e-05,8.592037265997554e-05,9.660910716935422e-05,0.00025773897168290816,0.0002897993224509898
23073,40.875,43.375,0.12922759948394788,0.15089423018534553,0.0014759883788189995,0.0016125021257663089,4.041027779733142e-06,4.414780469086388e-06,2.828685153266619e-05,3.090305399078286e-05,0.0001212237301522201,0.00013243493614800705,0.0003636271066597141,0.00039725219372965803
12066,38.125,41.625,0.13200134655271803,0.14533263580174374,0.0015076690604662398,0.0015530692186552003,4.127764404726619e-06,4.2520627426823054e-06,2.889399302807849e-05,2.976405952093142e-05,0.000123825520705223,0.00012755401777742037,0.00037143056573563094,0.0003826132453251807
15049,38.875,37.375,0.16312177877069367,0.20682068281376262,0.0018631147739282628,0.0022101493892774456,5.100917240596914e-06,6.051040937538055e-06,3.570587428236571e-05,4.235651765316373e-05,0.00015301619933649757,0.00018151530145726902,0.0004589783597204189,0.0005444470669383472
4054,36.125,38.625,0.037984077507469016,0.04422470359178658,0.00043383965348786396,0.000472598776411442,1.18778753133153e-06,1.2939040948678482e-06,8.314483092020097e-06,9.057293506420372e-06,3.563301223286075e-05,3.881639458414021e-05,0.000106895227609205,0.00011644466367344286
5054,36.375,38.625,0.04776026574791017,0.05505151375794258,0.0005454995488171932,0.0005882973978017404,1.4934952538014912e-06,1.6106691964612452e-06,1.0454419935967962e-05,1.1274629896362853e-05,4.4803887349176286e-05,4.831894741119669e-05,0.000134405639972357,0.0001449498381844716
17039,39.375,34.875,0.05888476091939745,0.06477330065452135,0.0006725592919286705,0.0006921874008702788,1.8413652914661682e-06,1.8951040245962503e-06,1.2889485837441761e-05,1.3265652752614265e-05,5.5239483847557835e-05,5.685155849832757e-05,0.00016570929750936436,0.00017054497937973867
7034,36.875,33.625,0.07491913164227834,0.09141182744952288,0.0008556977619084333,0.000976854886376258,2.342770046737108e-06,2.674479343101055e-06,1.6399275067358055e-05,1.8721205193084067e-05,7.028071392456425e-05,8.023126888700993e-05,0.00021082732398458592,0.0002406744960078422
15068,38.875,42.125,0.4380042139952664,0.7003606434983085,0.005002717161909888,0.007484269113914472,1.3696599320267566e-05,2.049060214937004e-05,9.587225579821279e-05,0.0001434253981864586,0.00041081638541651255,0.0006145354582282048,0.001231942915275397,0.0018424736452781199
22074,40.625,43.625,0.06330282591877458,0.07669431932267592,0.0007230207461535294,0.0008195790706517387,1.9795209597051056e-06,2.243882686214782e-06,1.3856564429759466e-05,1.5707073068527144e-05,5.938392427407013e-05,6.731429040252035e-05,0.0001781411936800925,0.00020192927787143766
21075,40.375,43.875,0.03450396434316268,0.04500716524705732,0.00039409112756922515,0.0004809604021734403,1.0789621217588419e-06,1.316796948702681e-06,7.552710404867824e-06,9.217542227935027e-06,3.236835724795828e-05,3.9503154199982404e-05,9.71019286460928e-05,0.0001185047811639306
21065,40.375,41.375,0.20064019449428488,0.3176438142093156,0.0022916358160342824,0.003394439436285242,6.274137240303013e-06,9.293425498380081e-06,4.39181340297079e-05,6.505216479368858e-05,0.00018820699452359868,0.0002787651982348871,0.0005645147246189364,0.000836062486260114
24062,41.125,40.625,0.056632660490740026,0.058282828955940065,0.0006468366593493619,0.0006228282252521458,1.7709406888721801e-06,1.7052092928793172e-06,1.2396518961121927e-05,1.1936403987888866e-05,5.3126856426999325e-05,5.1155013940262783e-05,0.00015937210204219898,0.00015345719144843617
26064,41.625,41.125,0.06173534218645682,0.07327358250616516,0.0007051175444990233,0.0007830240255613109,1.930504760827567e-06,2.143800646781102e-06,1.351345506206414e-05,1.5006508014336895e-05,5.791352167405783e-05,6.43120202351577e-05,0.00017373050328850503,0.00019292365286360802
25063,41.375,40.875,0.05303994617002309,0.05981115385816292,0.0006058020459465688,0.0006391603749351976,1.6585942328450898e-06,1.7499242045415642e-06,1.1610101860681787e-05,1.2249405124786783e-05,4.9756630348007924e-05,5.2496394084666775e-05,0.00014926246400048804,0.00015748091478451354
25069,41.375,42.375,0.06977202672404784,0.09279970734243399,0.000796909491645671,0.0009916861975196901,2.1818168988163578e-06,2.7150851505952645e-06,1.5272618325234966e-05,1.900544124955328e-05,6.5452436265101e-05,8.144934791576297e-05,0.00019634445701144365,0.00024432814229879973
8003,37.125,25.875,0.18319524657346656,0.2534899544494646,0.002092386271021811,0.0027088715712197155,5.728624990486431e-06,7.416458661424485e-06,4.009968577978196e-05,5.191405556326245e-05,0.0001718444750195003,0.00022246983482054894,0.0005154448385622512,0.0006672610369902188
6079,36.625,44.875,0.10773830154309567,0.11109701209654478,0.0012305458096129006,0.0011872168203642937,3.3690451382017983e-06,3.250417223488178e-06,2.3583077608968495e-05,2.275269869633778e-05,0.00010106641684903828,9.750792097751315e-05,0.0003031686083176943,0.00029249524047580966
28032,42.125,33.125,0.03280510801072751,0.035122504675192144,0.0003746874381563545,0.0003753298809465327,1.0258377712846212e-06,1.0275966819683902e-06,7.180842300003043e-06,7.193154599072216e-06,3.0774675374489746e-05,3.082744112414826e-05,9.232118491075969e-05,9.247947240842436e-05
3059,35.875,39.875,0.03707530170182475,0.05156178380795215,0.0004234599626676423,0.0005510050708797769,1.159369520054021e-06,1.5085685290960882e-06,8.115558413401835e-06,1.0559931912679232e-05,3.4780500907660716e-05,4.5256065923982014e-05,0.00010433787371522119,0.00013576205353016402
2060,35.625,40.125,0.04185041752467234,0.047606306466868926,0.00047799951528784907,0.0005087356241747391,1.3086904928627519e-06,1.3928412591068806e-06,9.160797483920291e-06,9.749848073559164e-06,3.925996978260127e-05,4.178439388058397e-05,0.00011777528537260107,0.00012534794390794968
3060,35.875,40.125,0.04499356250422391,0.05414653754313007,0.0005138993190549047,0.000578626543797842,1.406978665352554e-06,1.5841918835635127e-06,9.848809086387966e-06,1.1089290482102498e-05,4.220849885172573e-05,4.752466481905415e-05,0.00012662015195807896,0.00014256721878336265
12038,38.125,34.625,0.11894841826434047,0.1266989269191443,0.00135858348942616,0.0013539436778893597,3.719591958217805e-06,3.7068888937286104e-06,2.6036853166599983e-05,2.5947933696257586e-05,0.00011158174057179782,0.00011120068967218621,0.0003347078716500196,0.00033356497361147763
4063,36.125,40.875,0.2759900764276482,0.30546808398733627,0.003152253443562392,0.003264325840546142,8.630362329897778e-06,8.937197135017172e-06,6.0410972185565015e-05,6.255870262672492e-05,0.00025887847233485584,0.0002680811719790732,0.0007764343801639484,0.0008040279326592126
21077,40.375,44.375,0.06136249682492845,0.06548975414578712,0.000700859046910969,0.0006998436431020706,1.9188456522600816e-06,1.916065633489339e-06,1.343184224478211e-05,1.3412382337096851e-05,5.7563767940305155e-05,5.748037201425138e-05,0.00017268136324966044,0.00017243120425303182
9037,37.375,34.375,0.11038188220553735,0.13317716012852623,0.0012607397801874232,0.0014231720692500307,3.4517114423371353e-06,3.896425178950835e-06,2.416172989760934e-05,2.7274657429909865e-05,0.00010354616071284184,0.00011688615138205627,0.0003106063178265339,0.0003506174686259689
21036,40.375,34.125,0.3064661167496083,0.4109409036366097,0.0035003391584349317,0.0043914408116495045,9.583360399467722e-06,1.2023037405550774e-05,6.70815941702374e-05,8.415822627749758e-05,0.0002874608648104626,0.0003606282484799328,0.000862134716938856,0.0010814946341397569
20058,40.125,39.625,0.3699794268383707,0.4995356263040488,0.004225763974539989,0.005338191250400185,1.1569444297365727e-05,1.461506431565951e-05,8.098329924310921e-05,0.00010230096471675054,0.00034702510957052013,0.00043835902609778987,0.0010407140912226387,0.0013145006866206455
20025,40.125,31.375,0.08116511097494782,0.15132348593853442,0.000927036956834119,0.0016170892846899092,2.5380856409906727e-06,4.4273393702276564e-06,1.776646420825756e-05,3.09909639668593e-05,7.613976707987469e-05,0.00013281165487977198,0.0002284019098885981,0.0003983820501748392
4047,36.125,36.875,0.08999943641621164,0.10206444572360131,0.0010279392543160908,0.0010906920396645534,2.8143403363323216e-06,2.9861476007475574e-06,1.970021602404337e-05,2.0902845947690096e-05,8.442676475672872e-05,8.958054920238379e-05,0.00025325891123606503,0.0002687175743016912
18050,39.625,37.625,0.2552550920562822,0.2905130227330851,0.002915426356397228,0.0031045114590828845,7.981970488568635e-06,8.499653019633513e-06,5.587245548899222e-05,5.949605403299252e-05,0.00023943140206639235,0.00025495816689846684,0.0007181222377361518,0.0007646795062679068
9033,37.375,33.375,0.032534683448711126,0.03755891945463146,0.0003715987518967836,0.000401366158187012,1.0173814178893181e-06,1.098880048400197e-06,7.121648188612717e-06,7.692134980197274e-06,3.052099228639804e-05,3.2965876177182274e-05,9.156018229461438e-05,9.889436832033471e-05
8036,37.125,34.125,0.12569096670579213,0.14061482103149558,0.0014355943074166545,0.0015026531998541337,3.93043528035264e-06,4.114031783353234e-06,2.7512722550082636e-05,2.879786705556331e-05,0.00011790633863817401,0.00012341359129630636,0.00035367731183943985,0.0003701950830251599
9063,37.375,40.875,0.026665106663160975,0.03895369320848897,0.00030455868337694755,0.00041627113924755827,8.338358833404058e-07,1.139687616835694e-06,5.8368365827288216e-06,7.97778604100241e-06,2.5014774055698297e-05,3.419006349392184e-05,7.50424449659226e-05,0.0001025666836405037
55,35.125,38.875,0.024042108451726062,0.028056155060263935,0.00027459979771164613,0.00029981669690043873,7.51812989752132e-07,8.208530426490057e-07,5.262679058204434e-06,5.74595714919468e-06,2.255414382079657e-05,2.4625298180480648e-05,6.766090540566427e-05,7.387407534042989e-05
1061,35.375,40.375,0.04007337242200567,0.04056387369032113,0.0004577027835475134,0.00043347802281515764,1.253121141076008e-06,1.1867974417656413e-06,8.771815010910622e-06,8.30755251390869e-06,3.759295115357553e-05,3.560331056617905e-05,0.00011277461382386278,0.00010680612895641595
21038,40.375,34.625,0.32440045576354687,0.5363942159242973,0.003705178341953633,0.0057320734687089595,1.0144173987480798e-05,1.5693438714881047e-05,7.100705695950449e-05,0.00010984889917520224,0.00030428046050723356,0.00047069604358951356,0.0009125636498981127,0.0014114235707569645
25068,41.375,42.125,0.05915498241463096,0.06870517519626544,0.0006756456588368581,0.0007342046208065288,1.8498152879464769e-06,2.0101406786876552e-06,1.2948635157772337e-05,1.4070899896911904e-05,5.549297017426458e-05,6.030246270316564e-05,0.00016646967228439724,0.00018089647916763596
7078,36.875,44.625,0.1395303180931843,0.15330101074665525,0.0015936621033035602,0.001638221722642862,4.3631995251258715e-06,4.48519657425539e-06,3.0541996891342293e-05,3.1395953566604184e-05,0.00013088770477542866,0.00013454714670568801,0.0003926117217948333,0.00040358713374877286
31076,42.875,44.125,0.12336872276407454,0.23060278472675164,0.001409070522370382,0.002464292240483761,3.857817397423524e-06,6.746841690330463e-06,2.7004409245967587e-05,4.722693592551508e-05,0.00011572804815662696,0.00020238545081097126,0.00034714396707646866,0.0006070334811104638
6059,36.625,39.875,0.05368000563028925,0.054115694125581267,0.0006131125611064774,0.0005782969415572376,1.6786092991161183e-06,1.5832894831868671e-06,1.1750205921923218e-05,1.1082973739862112e-05,5.035705328182427e-05,4.7497594052758885e-05,0.00015106355247462844,0.00014248601420097096
21060,40.375,40.125,0.11013251546959715,0.15667585347884858,0.0012578916083899007,0.0016742863294413083,3.443913599854298e-06,4.583935638735603e-06,2.4107146129215273e-05,3.208710821234195e-05,0.00010331224882675905,0.00013750892912878232,0.00030990472732062013,0.00041247006386968543
15038,38.875,34.625,0.07234838425239838,0.08232266335276606,0.0008263356652085451,0.0008797252850027884,2.2623811922750647e-06,2.408553663402202e-06,1.5836560860349458e-05,1.685975382081928e-05,6.786920932377871e-05,7.225408646793774e-05,0.00020359380959533713,0.00021674659782189298
7063,36.875,40.875,0.08599322540357551,0.09870275596859289,0.0009821818393260977,0.0010547679896232792,2.6890637063736733e-06,2.8877932009008234e-06,1.882329409286232e-05,2.021437728116915e-05,8.066876575729687e-05,8.663016850918304e-05,0.00024198677544751135,0.0002598679918194291
1044,35.375,36.125,0.04721749938573856,0.05505055075396149,0.0005393002783348946,0.0005882871068451894,1.4765226015178712e-06,1.6106410214433708e-06,1.0335612427914143e-05,1.1274432672903067e-05,4.429472970568504e-05,4.831810219896315e-05,0.00013287830313468696,0.0001449473027926862
6067,36.625,41.875,0.09170300952753135,0.0991611364889689,0.001047396816979311,0.0010596663847614385,2.867612088230942e-06,2.9012042370712976e-06,2.0073111931084853e-05,2.0308252903999957e-05,8.60247856501184e-05,8.703246582364432e-05,0.00025805215679564064,0.0002610746741799064
28036,42.125,34.125,0.026726691527197532,0.026727081899624614,0.00030526208221738177,0.0002856138125741301,8.357616828602588e-07,7.819676958176203e-07,5.850317111422143e-06,5.473761029883839e-06,2.5072546640858562e-05,2.3458764886075123e-05,7.521575404056957e-05,7.037464373005342e-05
28070,42.125,42.625,0.07930832349825365,0.16482911506762649,0.0009058294380960055,0.0017614145889359512,2.480022764816958e-06,4.822478690602594e-06,1.736003019359167e-05,3.3756862455769365e-05,7.439800753394898e-05,0.00014466424468240202,0.00022317741782296174,0.00043392995384361477
6060,36.625,40.125,0.08941443426256525,0.09037884921974772,0.0010212575827241537,0.000965816163495093,2.796046967734611e-06,2.6442570474349836e-06,1.957216459980149e-05,1.850965249838854e-05,8.387800834486203e-05,7.932466993543219e-05,0.00025161291906405925,0.00023795513309576855
5060,36.375,40.125,0.09669292715880404,0.09866930151791826,0.001104389753971361,0.0010544104850801108,3.023649785993676e-06,2.886814409630567e-06,2.1165356511199107e-05,2.0207525860960196e-05,9.07055167221893e-05,8.660080722966423e-05,0.0002720918684404605,0.0002597799232391118
3063,35.875,40.875,0.09793691248957523,0.11394365582687636,0.00111859808020331,0.001217636930270556,3.0625499447545224e-06,3.3337026711377504e-06,2.1437652650835304e-05,2.3335685314540555e-05,9.187241850194816e-05,0.00010000624588146767,0.0002755919346574265,0.00029998873489689437
8065,37.125,41.375,0.023446244632054303,0.03718452209766551,0.0002677940683109119,0.0003973652329478738,7.331799319887367e-07,1.087926123966021e-06,5.132248234951398e-06,7.6154580128662275e-06,2.199516412426661e-05,3.2637268866930746e-05,6.598404102164945e-05,9.79086110615146e-05
11032,37.875,33.125,0.049653981367936736,0.05479502244896087,0.0005671288467311766,0.00058555645283343,1.5527129539893991e-06,1.603164910268795e-06,1.0868940048647246e-05,1.1222100398833312e-05,4.658033988513832e-05,4.80938293137001e-05,0.0001397345105722536,0.00014427454900312053
11066,37.875,41.625,0.08610585393374685,0.09234133619095326,0.0009834682394629123,0.0009867879025004256,2.6925856685400262e-06,2.7016743860963643e-06,1.8847947429900813e-05,1.8911567423174347e-05,8.077441637710514e-05,8.104705657763223e-05,0.0002423036761394215,0.00024312146438909554
12044,38.125,36.125,0.15144623350111922,0.18837861020904242,0.0017297611466606784,0.0020130717326823557,4.73581670290546e-06,5.511474839625663e-06,3.31502459369748e-05,3.857968597986705e-05,0.000142064745356274,0.0001653310321546586,0.00042613369176047744,0.0004959110979325665
30049,42.625,37.375,0.01303110078172715,0.013031133820896077,0.0001488362655799204,0.00013925470153186063,4.0749140384210847e-07,3.8125852153125805e-07,2.8524363399062835e-06,2.6688065981606e-06,1.2224669884264294e-05,1.1437692415072753e-05,3.667356132697197e-05,3.431268478448768e-05
9077,37.375,44.375,0.19541383081234745,0.3414587016449235,0.0022319422823864677,0.003648932643663906,6.1107062642173915e-06,9.990183208463677e-06,4.2774159702219094e-05,6.992918661496983e-05,0.000183304945635121,0.00029966208566500896,0.00054981404095511,0.0008987168918070942
7061,36.875,40.375,0.07419092517202978,0.07716860537143166,0.0008473804652027772,0.0008246474371552194,2.319998582467342e-06,2.2577590861327934e-06,1.6239877047352635e-05,1.580420655666881e-05,6.959761618319238e-05,6.77305552300167e-05,0.00020877831740218067,0.00020317790371648936
20061,40.125,40.375,0.354881201109275,0.7460391595847782,0.004053317795814063,0.007972403777518304,1.1097317742070345e-05,2.1827013744868395e-05,7.767863808272324e-05,0.0001527790917890126,0.0003328659673599299,0.0006546032124992163,0.0009982655397047235,0.0019625244019012555
4052,36.125,38.125,0.04404052747855418,0.04713867831991444,0.000503014116295484,0.0005037384060564183,1.3771766459447221e-06,1.3791596404910678e-06,9.640196692695113e-06,9.654077539833494e-06,4.131447436073188e-05,4.137396181991271e-05,0.0001239383024953522,0.00012411675011647638
30064,42.625,41.125,0.06907158971377404,0.14944056527054078,0.0007889093671259297,0.0015969678156578615,2.159913799149038e-06,4.372250032802505e-06,1.5119298624632904e-05,3.060534878462917e-05,6.479538464121415e-05,0.00013115918561557027,0.00019437355887008678,0.0003934259509070781
26069,41.625,42.375,0.05510844337254831,0.08419237108965898,0.0006294276324678604,0.0008997055565916908,1.7232774541797724e-06,2.4632565325255484e-06,1.2062879815810668e-05,1.7242668307604347e-05,5.169703183227625e-05,7.389505661481444e-05,0.00015508307788558717,0.00022166878880991447
28069,42.125,42.375,0.04002875842588581,0.08264872161801912,0.0004571932194910073,0.0008832096438493687,1.2517260324917956e-06,2.4180932950423895e-06,8.762049323984833e-06,1.692653027496327e-05,3.755109941550039e-05,7.254025538694364e-05,0.00011264906804409058,0.00021760498027645347
30063,42.625,40.875,0.06591775331810591,0.1440936656061536,0.000752887450079635,0.0015398292023093385,2.0612913733675242e-06,4.215813707020288e-06,1.4428950386502493e-05,2.9510322717030135e-05,6.183689295513606e-05,0.00012646668022286978,0.00018549920769805883,0.00037935206122763354
6061,36.625,40.375,0.13302131311522183,0.13801038390385895,0.001519318729724598,0.001474821384153956,4.159659328650811e-06,4.037832735392932e-06,2.9117251945209865e-05,2.8264486764295604e-05,0.00012478225344936256,0.00012112789004925517,0.00037430005045857584,0.0003633396560276392
29064,42.375,41.125,0.10446540316569985,0.3223753133528618,0.0011931640119985925,0.0034450016905056865,3.2666996937491533e-06,9.431856109798353e-06,2.286667375961393e-05,6.602112463982568e-05,9.799634892693199e-05,0.0002829169891392924,0.0002939602378686512,0.0008485108639948447
1050,35.375,37.625,0.08108922197112249,0.0876851117359908,0.000926170181561858,0.0009370300567401891,2.53571254571483e-06,2.56544518761892e-06,1.7749852793791376e-05,1.795797810244526e-05,7.606857945707812e-05,7.69604927417511e-05,0.00022818837952509607,0.00023086370992864147
9028,37.375,32.125,0.12255881817801646,0.1405476396784408,0.0013998201009298569,0.001501935279265125,3.832491221156253e-06,4.112066231964917e-06,2.682713010238036e-05,2.8784108535462316e-05,0.00011496834758817354,0.0001233546317883638,0.0003448653911213295,0.00037001824814664186
5062,36.375,40.625,0.2761533005909809,0.30043903310947134,0.0031541177277337575,0.0032105838570310446,8.635466417716842e-06,8.790060907259978e-06,6.044669894977872e-05,6.15288038063877e-05,0.0002590315566393109,0.00026366821962742204,0.0007768933952561063,0.000790796114422565
31054,42.875,38.625,0.0068067804258244045,0.006806821907670136,7.774445123030722e-05,7.273979119247157e-05,2.1285268436699312e-07,1.9915067472897618e-07,1.4899678389967974e-06,1.3940538903245425e-06,6.385560822108616e-06,5.974502989780639e-06,1.9156560140398682e-05,1.7923401885444612e-05
19026,39.875,31.625,0.05403753867639928,0.0733605580526219,0.000617196167264988,0.0007839534729853702,1.6897895847023392e-06,2.146345329689936e-06,1.1828467129659792e-05,1.5024320565326654e-05,5.069244546540563e-05,6.438835597344372e-05,0.00015206962735436758,0.00019315263060615262
10004,37.625,26.125,0.2565785382474411,0.37821924197062107,0.002930542254285476,0.004041767077072629,8.023355230313278e-06,1.1065693948153488e-05,5.616213477155352e-05,7.745728624308779e-05,0.00024067265621718903,0.000331917558376138,0.0007218442126096791,0.0009954222038990324
4060,36.125,40.125,0.062446889110927724,0.06736564953826618,0.0007132445622235453,0.0007198900378805338,1.9527552794773584e-06,1.9709495645559016e-06,1.366920687828621e-05,1.3796565374479819e-05,5.858099964928254e-05,5.912679714781266e-05,0.00017573270394832807,0.00017736990371575168
3058,35.875,39.625,0.030799129502346683,0.04771030731093887,0.000351775916327006,0.0005098470091623446,9.631095055917527e-07,1.3958840611172363e-06,6.741747060168279e-06,9.771147509440858e-06,2.889288167495785e-05,4.187567425006922e-05,8.667614065316354e-05,0.00012562176210728637
9074,37.375,43.625,0.26612254549562614,0.5342818507513154,0.0030395502668303137,0.005709500085169747,8.321800464172746e-06,1.563163712703375e-05,5.8251148969956645e-05,0.00010941632871297458,0.0002496238914876381,0.00046884283790127323,0.0007486847537558905,0.0014058691759419872
6055,36.625,38.875,0.08379651143076745,0.09500027691292773,0.0009570918097317869,0.001015202160363062,2.6203711314121136e-06,2.77946817106578e-06,1.834245372756005e-05,1.9456114964233606e-05,7.860814715665576e-05,8.338068465296722e-05,0.00023580590423322167,0.00025012119752276796
7060,36.875,40.125,0.056683539224759126,0.05765541538988128,0.0006474177768539903,0.0006161234910302891,1.7725316989736228e-06,1.6868527621394236e-06,1.2407655914148386e-05,1.1807909580330289e-05,5.3174584280557546e-05,5.060434510351097e-05,0.0001595152703828262,0.0001518053530410457
5038,36.375,34.625,0.1170217673091869,0.15429946291865607,0.0013365780166695418,0.0016488914894579995,3.65934447954519e-06,4.514408672329218e-06,2.5615130151979137e-05,3.1600432731981876e-05,0.00010977450958760127,0.00013542339529326597,0.00032928737875681513,0.0004062151698754901
7049,36.875,37.375,0.2604018387420939,0.3825221605856664,0.0029742105350658633,0.00408774938802804,8.142911500863548e-06,1.1191585253311764e-05,5.6998988077650026e-05,7.833846653937382e-05,0.0002442585036689371,0.00033569307885383814,0.000732596538929986,0.0010067412048611057
13040,38.375,35.125,0.10893922690708585,0.11670821297138685,0.0012442623213190446,0.0012471798376888841,3.4065987734033243e-06,3.4145864705736884e-06,2.3845947711653714e-05,2.3901860448205525e-05,0.00010219291522295393,0.00010243252244024337,0.0003065474165602211,0.0003072660911305203
7051,36.875,37.875,0.09236630510198694,0.10145612231807284,0.0010549727261777182,0.0010841913087660745,2.8883537375179458e-06,2.968349622545219e-06,2.02183009687662e-05,2.077826232571578e-05,8.66469831963812e-05,8.904665595432792e-05,0.00025991842714045976,0.0002671161806483413
27079,41.875,44.875,0.08680019777520857,0.0984646749083322,0.0009913987701312419,0.0010522237822317608,2.7142982194083842e-06,2.8808275608360745e-06,1.8999932821173182e-05,2.016561864415234e-05,8.142574183933604e-05,8.642121678414938e-05,0.0002442573356034039,0.00025924124511778057
8058,37.125,39.625,0.04868965472259074,0.05849223849039614,0.0005561146753962599,0.0006250660399058365,1.5225578426925068e-06,1.7113360850640191e-06,1.0657856217011208e-05,1.1979291093311417e-05,4.5675726885296974e-05,5.133880859919948e-05,0.00013702092193512705,0.00015400851891322898
7074,36.875,43.625,0.15076562939856913,0.22977296763162972,0.001721987546052511,0.0024554245599353545,4.714533844984992e-06,6.722563467675968e-06,3.3001270154819906e-05,4.705699523399609e-05,0.00014142634710290203,0.0002016572463684474,0.0004242190399025292,0.0006048497503707839
31001,42.875,25.375,0.018210861699582432,0.018688851672763546,0.00020799752022169604,0.00019971481357137515,5.69466012345643e-07,5.46789210020826e-07,3.986255276089423e-06,3.827518191834578e-06,1.7083839303322357e-05,1.6403546246546163e-05,5.125064234234866e-05,4.920983151501801e-05
3074,35.875,43.625,0.058480062772366975,0.07053385136346592,0.0006679369839671212,0.0007537464164293766,1.8287101252179028e-06,2.0636430901888048e-06,1.2800900648923808e-05,1.4445412200636554e-05,5.485984906272723e-05,6.190744024092698e-05,0.00016457051854412708,0.0001857108233664917
29067,42.375,41.875,0.028672676743819292,0.0520356633523354,0.00032748838353813074,0.0005560690933525816,8.966139266597395e-07,1.5224330460750224e-06,6.276280604566864e-06,1.0656982648460378e-05,2.689806809985651e-05,4.5671983151307494e-05,8.069203380089984e-05,0.00013700969175900468
15046,38.875,36.625,0.12510212446392682,0.14477029930442284,0.0014288687758009495,0.0015470599179933252,3.912021850571712e-06,4.235610243985555e-06,2.7383831573746242e-05,2.9648894962375216e-05,0.00011735399855683504,0.00012706050355693055,0.00035202068140360865,0.0003811330796074097
27070,41.875,42.625,0.060240311255180375,0.14264811543846978,0.0006880418711184846,0.001524381608882944,1.8837542041794109e-06,4.173520678607545e-06,1.3186204910198285e-05,2.9214278969069696e-05,5.651108254123294e-05,0.00012519804370381138,0.00016952366729694468,0.0003755471094234464
15037,38.875,34.375,0.0881718063968326,0.09975150900697803,0.0010070647609403992,0.0010659752869581255,2.7571892473599036e-06,2.918477019719923e-06,1.930016508844279e-05,2.0429160271118185e-05,8.271237059620518e-05,8.755060557585903e-05,0.00024811658834589245,0.00026262882207306326
22000,40.625,25.125,0.2727514285397497,0.3857779540136449,0.00311526284198259,0.004122541797368163,8.529088451170175e-06,1.1286840608026871e-05,5.970209152750261e-05,7.900520905845809e-05,0.00025584101182662966,0.0003385498082232319,0.0007673266883558849,0.0010153056155550733
7066,36.875,41.625,0.058064712262506125,0.06824374448657947,0.0006631930087780803,0.0007292736304078334,1.8157218526493324e-06,1.9966403898008522e-06,1.2709983735148533e-05,1.397639901057346e-05,5.447022147675451e-05,5.9897477565851176e-05,0.0001634017635766538,0.00017968166978898914
24015,41.125,28.875,0.14100818248214084,0.2547586256605045,0.0016105417069817297,0.002722428981746199,4.409413158712461e-06,7.453576552518548e-06,3.086548381237009e-05,5.217386921041456e-05,0.00013227393743631133,0.00022358313148296283,0.0003967693254396387,0.0006705994373756852
21058,40.375,39.625,0.11572539899840804,0.14268281359329182,0.0013217713920087124,0.001524752404030923,3.6188062981779012e-06,4.174535856105166e-06,2.5331369077563615e-05,2.9221385033917358e-05,0.00010855849248092575,0.0001252284953440208,0.00032564012388336394,0.0003756384414678182
24052,41.125,38.125,0.03428215665176644,0.034407201092970206,0.0003915577246727783,0.0003676859269962435,1.0720260500418632e-06,1.0066686979559591e-06,7.504158216598e-06,7.046659604714733e-06,3.216028158814499e-05,3.0199620121629245e-05,9.647774194654346e-05,9.059612434125786e-05
25055,41.375,38.875,0.05002932026517339,0.05127225926311192,0.0005714158245335373,0.0005479111225992963,1.564450041180443e-06,1.5000977731105536e-06,1.095109889115431e-05,1.0500637155907988e-05,4.693243658815405e-05,4.5001954330325944e-05,0.0001407907019068677,0.00013499978755426856
4069,36.125,42.375,0.038920858528983054,0.04748219011790578,0.0004445392092079612,0.0005074092787187227,1.2170812832001943e-06,1.389209928204238e-06,8.5195378753955e-06,9.724428969404286e-06,3.651179414343453e-05,4.167545834810049e-05,0.00010953138314573341,0.00012502116458523727
3062,35.875,40.625,0.08945212285111262,0.09921278571851475,0.0010216880474153817,0.0010602183243043526,2.797225512551904e-06,2.9027153608529588e-06,1.9580414274966707e-05,2.0318830585841496e-05,8.39133618214527e-05,8.707779572048047e-05,0.00025171896169839947,0.00026121064019424267
21076,40.375,44.125,0.041297005622902984,0.04925003610856499,0.00047167865551042074,0.0005263010243770153,1.2913849444240455e-06,1.4409326357656127e-06,9.039659589871185e-06,1.0086484848126354e-05,3.874082290278302e-05,4.322707589876629e-05,0.00011621796621252845,0.00012967562203691774
3051,35.875,37.875,0.04986003339564823,0.05274252583138027,0.0005694822944431882,0.0005636228430796867,1.5591563325978441e-06,1.5431140539812205e-06,1.0914043278131835e-05,1.0801748372646358e-05,4.677363252247879e-05,4.6292385811552705e-05,0.00014031433435179874,0.00013887072857898808
5059,36.375,39.875,0.05626096924347176,0.05734150653676089,0.00064259134361443,0.0006127689645362558,1.7593176683261547e-06,1.677668584609826e-06,1.2315158679276905e-05,1.174362098632642e-05,5.277818366022924e-05,5.032883321831605e-05,0.00015832619451772167,0.0001509789008081741
30070,42.625,42.625,0.10437422648572744,0.2403661361077286,0.0011921226267171512,0.0025686264144087075,3.2638485455427357e-06,7.032491122438422e-06,2.2846716113189558e-05,4.9226399294832746e-05,9.791082257992745e-05,0.00021095322175546105,0.00029370370909098664,0.000632726170868847
5068,36.375,42.125,0.07855156896170479,0.08912942627713805,0.0008971860762597949,0.0009524644458816057,2.4563585881987038e-06,2.607702132784162e-06,1.7194383410523706e-05,1.825377212794077e-05,7.36881330488659e-05,7.822810600832675e-05,0.00022104810972400912,0.0002346659595938716
31061,42.875,40.375,0.020551713140898188,0.024157422814213802,0.00023473383303506632,0.0002581536457232835,6.426660030811604e-07,7.067859123521814e-07,4.498653347839721e-06,4.947490896189954e-06,1.9279800428484428e-05,2.12033600699435e-05,5.783828616057196e-05,6.360873147182033e-05
31063,42.875,40.875,0.03754944994314924,0.04838816399418185,0.0004288755031313445,0.0005170907940396829,1.1741964444089703e-06,1.4157164353045815e-06,8.219346157800622e-06,9.90997295824414e-06,3.5225293589680184e-05,4.247062122209044e-05,0.00010567215834877963,0.00012740645248177085
6062,36.625,40.625,0.19796156661667072,0.21261849586862566,0.002261041549528309,0.002272106601718762,6.1903752256453615e-06,6.22066949951261e-06,4.333182185223272e-05,4.3543873873730377e-05,0.00018569458820871798,0.00018660325288577528,0.0005569803235889736,0.0005597053028328913
8030,37.125,32.625,0.06271820065270693,0.07268171073944538,0.000716343379227844,0.0007766991019320614,1.9612393614698576e-06,2.1264839865642315e-06,1.3728594754680579e-05,1.4885292946020812e-05,5.883550766394574e-05,6.37925525962535e-05,0.00017649613834447297,0.00019136544957909507
19078,39.875,44.625,0.08714009840954674,0.10989124352564857,0.0009952809856040958,0.001174331606785457,2.7249271172813394e-06,3.215139545376111e-06,1.9074333891588857e-05,2.250575973949953e-05,8.174458362508741e-05,9.644968984934277e-05,0.0002452137048905012,0.0002893211628172132
23064,40.875,41.125,0.04371461844405472,0.04934465748807713,0.0004992917075422897,0.0005273121775232878,1.3669852602093968e-06,1.443701018177812e-06,9.568857579744794e-06,1.0105863357479095e-05,4.100874495349682e-05,4.3310123898354647e-05,0.00012302118977802756,0.00012992474447592883
7075,36.875,43.875,0.1422259474143912,0.2071368418933696,0.0016244505538171776,0.0022135279623833907,4.447493337278452e-06,6.0602909105478275e-06,3.113203797999731e-05,4.242126511178057e-05,0.000133416196090419,0.00018179275191920752,0.00040019519100187306,0.0005452791159518133
29065,42.375,41.375,0.07698274272057938,0.19699563134310685,0.000879267540981462,0.0021051558692287615,2.4073004316615965e-06,5.7635860440941045e-06,1.6850981324867398e-05,4.0344404717784776e-05,7.221649213884351e-05,0.00017289313186763522,0.00021663383112802137,0.0005185897246660076
28064,42.125,41.125,0.08771129494142477,0.29547007419392307,0.0010018049746469968,0.003157484034696385,2.742788776988192e-06,8.644682784275659e-06,1.9199363458621832e-05,6.051121017114358e-05,8.228039093460815e-05,0.00025930797836559716,0.00024682086317273644,0.0007777222306497578
14030,38.625,32.625,0.10430961325227284,0.11844833330469448,0.0011913846389956602,0.0012657752984503803,3.2618280518814657e-06,3.4654978923187585e-06,2.283257293445029e-05,2.4258233044638366e-05,9.78502135050574e-05,0.00010395971273036153,0.0002935219174592385,0.00031184671644901574
2048,35.625,37.125,0.05069697761772586,0.05136825746390122,0.000579041552298626,0.000548936988880945,1.5853281131184005e-06,1.5029064377447554e-06,1.1097244013380525e-05,1.0520297630933761e-05,4.7558750139065076e-05,4.50862105990657e-05,0.00014266946502061728,0.00013525253358970257
26043,41.625,35.875,0.09418350807232685,0.10063580415268278,0.0010757281257741508,0.0010754251367005728,2.9451787588730127e-06,2.9443492224334733e-06,2.0616069157153305e-05,2.061026250477216e-05,8.835158964515255e-05,8.832670567737733e-05,0.0002650313516148195,0.0002649567129002772
23000,40.875,25.125,0.10928610158555488,0.13242817714847374,0.0012482241916654056,0.00141516820690212,3.4174457461677576e-06,3.874511883217302e-06,2.392187496702558e-05,2.712126793613656e-05,0.00010251829221075148,0.0001162288265822431,0.00030752334770900447,0.0003486459538964981
8063,37.125,40.875,0.028447705964701496,0.04284018203296956,0.00032491885305951983,0.0004578033534584274,8.895789419538502e-07,1.2533964861560776e-06,6.227035975192585e-06,8.773742411816166e-06,2.6687024023086536e-05,3.76012112052182e-05,8.005893549667409e-05,0.00011279939211572554
26041,41.625,35.375,0.03880270961726325,0.04101391676343527,0.00044318975737750915,0.0004382873214291045,1.2133866899022294e-06,1.199964568043832e-06,8.493675911158682e-06,8.399721737939458e-06,3.640096025148143e-05,3.5998310684237644e-05,0.00010919890571303714,0.00010799104446412855
1040,35.375,35.125,0.048149117327883205,0.049622129104677504,0.0005499408633306374,0.0005302773245077573,1.505654892097752e-06,1.4518191364665256e-06,1.0539536637543812e-05,1.0162689691672888e-05,4.516866063175584e-05,4.355365722097382e-05,0.00013549986136351944,0.00013065528098243906
5064,36.375,41.125,0.3472875886570766,0.37703600253514075,0.0039665864491245165,0.004029122616759872,1.085986286319951e-05,1.1031075685008496e-05,7.601656341837959e-05,7.721497446466774e-05,0.000325744588665966,0.0003308793431845425,0.000976915471951556,0.0009923096223594108
31000,42.875,25.125,0.015151251166389065,0.015308426226219403,0.00017305181505701436,0.00016359054817135634,4.737899358397968e-07,4.4788641073711943e-07,3.3165248367605926e-06,3.135200662751636e-06,1.4213600427859241e-05,1.3436505061692472e-05,4.264019520716644e-05,4.030897356854801e-05
27069,41.875,42.375,0.050018846860368595,0.09661208407499343,0.0005712962012963938,0.0010324264271356475,1.5641225311613383e-06,2.826625511320735e-06,1.0948806342225836e-05,1.9786210793681924e-05,4.692261173200318e-05,8.47952898618276e-05,0.00014076123010475783,0.0002543642994716766
5061,36.375,40.375,0.1565027231141189,0.16481432722542563,0.0017875144434502978,0.0017612565615086925,4.893935850680542e-06,4.822046037133987e-06,3.425704799597806e-05,3.375383396941878e-05,0.0001468076574813182,0.00014465126689455765,0.00044035831814326354,0.00043389103174329424
8073,37.125,43.375,0.1851792063606595,0.25305500865276964,0.002115046303411445,0.002704223606742199,5.790664420635139e-06,7.403733322530748e-06,4.0533946783716246e-05,5.182498215128284e-05,0.00017370534707739083,0.00022208815668234294,0.0005210255258305541,0.0006661165115531276
25048,41.375,37.125,0.02281640147079346,0.02359410020903814,0.0002606002398237155,0.00025213380720976163,7.134843171829885e-07,6.903045042250255e-07,4.99437953016546e-06,4.8321215230240355e-06,2.140430807640037e-05,2.0708927843116065e-05,6.421154980573718e-05,6.21254969592755e-05
27051,41.875,37.875,0.011257677741535686,0.011258087574875042,0.00012858090365642046,0.00012030738434631222,3.5203526627114456e-07,3.2938361271828143e-07,2.464244261757287e-06,2.3056830104062342e-06,1.0561004080811287e-05,9.881461185967666e-06,3.168267763908883e-05,2.9644090628999642e-05
6051,36.625,37.875,0.06737825569601721,0.07060900129566798,0.000769568751486169,0.0007545494917045423,2.106962192383044e-06,2.065841785969802e-06,1.4748642121809041e-05,1.4460802880145174e-05,6.320693471772998e-05,6.197339716351724e-05,0.00018960881905605298,0.00018590866962264752
24063,41.125,40.875,0.05815907014373787,0.060447198585715664,0.0006642707285276091,0.0006459573444018331,1.8186724831670276e-06,1.7685332599493009e-06,1.2730637923508148e-05,1.2379667138073813e-05,5.4558735727128216e-05,5.3054637267679894e-05,0.00016366727737671116,0.0001591554675687279
30043,42.625,35.875,0.04165494175201015,0.04166371160397276,0.00047576686552926634,0.0004452312288296172,1.3025778389241793e-06,1.2189759273084633e-06,9.118009241637637e-06,8.53280028756398e-06,3.9076597108334e-05,3.656863146050959e-05,0.00011722521044321699,0.00010970188263603742
4067,36.125,41.875,0.04893079158945487,0.052582092112527574,0.0005588688487664808,0.0005619083990457644,1.5300983469135332e-06,1.5384201692558719e-06,1.0710639263167288e-05,1.076889148343696e-05,4.590193199904835e-05,4.615157556198124e-05,0.0001376994751317584,0.0001384483368804812
8077,37.125,44.375,0.153314810665416,0.21829117138700932,0.0017511033227162757,0.002332726555980369,4.794248118056288e-06,6.386636842825588e-06,3.355925414871841e-05,4.4705601336958445e-05,0.00014381744559299747,0.00019158136307007023,0.000431390289380551,0.0005746339859858951
28065,42.125,41.375,0.06852010825157108,0.17746372130872584,0.0007826105560933313,0.001896431874865096,2.1426686315217935e-06,5.192134022169448e-06,1.4998584009218163e-05,3.634437203670071e-05,6.42780618873573e-05,0.00015575229439201976,0.00019282179092006135,0.0004671841106228536
31045,42.875,36.375,0.024412152586284784,0.024412194750744944,0.00027882630075310095,0.0002608762169490848,7.633845156007624e-07,7.142399008897016e-07,5.343679371438981e-06,4.999668593019813e-06,2.290128197135477e-05,2.1426975116645153e-05,6.87022725198716e-05,6.427954801391245e-05
19072,39.875,43.125,0.2241452633629553,0.30743263074435573,0.0025601017523516033,0.0032853195910558207,7.0091520335546775e-06,8.994674375983891e-06,4.906303255469702e-05,6.296102167013817e-05,0.00021025319163348044,0.00026980504092244395,0.0006306269649811735,0.0008091967581272952
20076,40.125,44.125,0.06831745064499664,0.08631014749830829,0.0007802958781655695,0.0009223367662585559,2.1363314022249114e-06,2.525217253190881e-06,1.4954223974128489e-05,1.7676386861342763e-05,6.408795680612478e-05,7.575374378532285e-05,0.00019225154888291573,0.00022724401590146215
6065,36.625,41.375,0.12831928072647192,0.13531049956222785,0.0014656139082287261,0.0014459695901863814,4.012624141624954e-06,3.958841144457992e-06,2.8088030869843905e-05,2.771155889225163e-05,0.00012037172051126976,0.00011875841708064439,0.00036107169522470173,0.000356232942231971
28021,42.125,30.375,0.009876498447022247,0.009876611842710553,0.00011280560026992918,0.00010554451003313555,3.0884485380244797e-07,2.889650780879549e-07,2.1619119735527548e-06,2.022753793351484e-06,9.265304121597318e-06,8.66891602091524e-06,2.7795654827911243e-05,2.6006522612975758e-05
3048,35.875,37.125,0.05167084789875658,0.05387300605127957,0.0005901647274022313,0.0005757035021975688,1.6157816580264495e-06,1.576189044505405e-06,1.13104167809297e-05,1.1033271139493372e-05,4.8472314083114476e-05,4.728459064784474e-05,0.0001454098936675141,0.0001418470645518921
28062,42.125,40.625,0.04078027719074506,0.16496564920508475,0.00046577678033889294,0.0017628736346968178,1.2752265116100503e-06,4.826473320895808e-06,8.926551430810115e-06,3.37848240585803e-05,3.825608795759994e-05,0.00014478406682627565,0.0001147638733438594,0.00043428931623590294
1021,35.375,30.375,0.2091484639328213,0.23577920378301134,0.0023888140261479856,0.0025196090456513494,6.540194974591351e-06,6.8982898155933725e-06,4.578046657510715e-05,4.8287029406179904e-05,0.00019618724361936124,0.00020692799571542242,0.0005884462701054582,0.0006206555384203893
5072,36.375,43.125,0.07868296529684059,0.11630186686508437,0.0008986868351104917,0.0012428374982939004,2.4604674319084197e-06,3.402697833831958e-06,1.7223144892164477e-05,2.381864169254122e-05,7.3811389572076e-05,0.00010207589859034805,0.00022141782475482152,0.00030619643836737875
5071,36.375,42.875,0.06454122804516232,0.08614781388957703,0.0007371653031533681,0.0009206020194174014,2.0182465688689533e-06,2.520467787148206e-06,1.4127640442396228e-05,1.7643141102419158e-05,6.054562520418916e-05,7.561127022870373e-05,0.00018162587851633383,0.00022681665992585476
5058,36.375,39.625,0.03285372375166967,0.034185397259744454,0.00037524270861672717,0.0003653156630561291,1.0273580174358088e-06,1.000179275512103e-06,7.191483957225131e-06,7.001233920833627e-06,3.082028139989035e-05,3.0004943112227345e-05,9.245799455981363e-05,9.001212847370432e-05
10062,37.625,40.625,0.02256976602386633,0.032175604951538345,0.000257783263768113,0.0003438384046788511,7.057718625080867e-07,9.413778038203091e-07,4.94039257759038e-06,6.5896260166287135e-06,2.117293919867702e-05,2.824094862374782e-05,6.35174727254828e-05,8.472045324037225e-05
4051,36.125,37.875,0.05445332820753762,0.06079835543918634,0.0006219451567877021,0.0006497099144769337,1.7027915872880328e-06,1.778807218633105e-06,1.1919480221833645e-05,1.2451584083694733e-05,5.1082486357323376e-05,5.336284017576354e-05,0.00015323963094393545,0.00016007997790101758
2073,35.625,43.375,0.03757797100232,0.043502500923991494,0.00042920125979676086,0.00046488109671207086,1.1750883165406734e-06,1.2727742665363806e-06,8.225589218424645e-06,8.9093858470779e-06,3.525204884113897e-05,3.818252332554728e-05,0.00010575241844623662,0.0001145431963170962
31058,42.875,39.625,0.03193300506534826,0.032987734572340416,0.0003647266107661229,0.0003525170714398835,9.985665397893584e-07,9.651386757569824e-07,6.989944838831086e-06,6.7559511690573615e-06,2.995656244442202e-05,2.8953755077498755e-05,8.986699517332664e-05,8.685875029701418e-05
30058,42.625,39.625,0.02135604243127153,0.023778586874708383,0.0002439205755736233,0.00025410528842679294,6.678179168551068e-07,6.957021219111681e-07,4.674716052255334e-06,4.869904689508431e-06,2.0034343504837793e-05,2.0870853118748478e-05,6.0101826397707114e-05,6.261125258777422e-05
12039,38.125,34.875,0.150886172366756,0.15971294508439077,0.0017233643418832984,0.0017067416238821119,4.7183032887421206e-06,4.67279298088652e-06,3.302765551460585e-05,3.270909233465957e-05,0.00014153941494998712,0.00014017429161705675,0.00042455814746744647,0.00042046393110950486
29063,42.375,40.875,0.09260849722101774,0.31378931859915443,0.0010577389522359174,0.0033532491113966935,2.895927229795703e-06,9.180653576579267e-06,2.0271314494890724e-05,6.42628050910865e-05,8.687416890962307e-05,0.00027538294672624364,0.0002605998660207831,0.0008259213537604726
31062,42.875,40.625,0.027832444794584743,0.03392016773312047,0.00031789157451641176,0.0003624813388081321,8.703393187259323e-07,9.924193262733638e-07,6.092359324139096e-06,6.946914601457799e-06,2.6109850057354222e-05,2.9772151364015897e-05,7.832750501690633e-05,8.931379497545411e-05
4046,36.125,36.625,0.15515800483543601,0.19341515486927013,0.0017721555838874229,0.0020668937970592274,4.851885789802779e-06,5.658830797949932e-06,3.3962706176060564e-05,3.961114312234226e-05,0.00014554633391250515,0.00016975099494509482,0.0004365754536147515,0.0005091665435258408
4062,36.125,40.625,0.19418626233354816,0.2124326672995547,0.00221792146317952,0.0022701207805095147,6.072319587158148e-06,6.215232651207714e-06,4.250546278361522e-05,4.350581735512726e-05,0.00018215354874040468,0.0001864401768437718,0.0005463611125189338,0.0005592162571934622
21079,40.375,44.875,0.06355011625397201,0.06420729327011943,0.0007258452020933071,0.0006861388719806954,1.987253883339868e-06,1.8785440862867375e-06,1.3910694250607314e-05,1.3149734496620269e-05,5.961589863834327e-05,5.6354787531298633e-05,0.00017883703396071038,0.0001690548351866994
3068,35.875,42.125,0.027200245207634272,0.029522863700719017,0.0003106708318332748,0.0003154903962705776,8.505700197503074e-07,8.637652567644594e-07,5.953974945294149e-06,6.046341129106736e-06,2.5516785885471016e-05,2.591263315476766e-05,7.654840435400434e-05,7.77358850880816e-05
2047,35.625,36.875,0.05198444436653184,0.05402232551545689,0.0005937465067119403,0.0005772991758897203,1.6255880195270578e-06,1.5805577540106697e-06,1.1379060643301742e-05,1.106385181692815e-05,4.876649109875064e-05,4.7415645936355055e-05,0.00014629233890028903,0.00014224019318520575
26006,41.625,26.625,0.04646116735564841,0.0637585390273824,0.0005306617422063927,0.0006813433462043204,1.452871613127904e-06,1.8654146768382063e-06,1.017005696479778e-05,1.3057829662765918e-05,4.35852301943207e-05,5.596092663029406e-05,0.00013074999164874868,0.00016787338519019812
9056,37.375,39.125,0.25491278155125646,0.29499582868798724,0.002911516616300041,0.00315241610144594,7.971266288930856e-06,8.630807659115725e-06,5.5797529677770186e-05,6.0414089328331144e-05,0.0002391103503529557,0.0002588918288666253,0.0007171595434508626,0.0007764744290149617
6056,36.625,39.125,0.06573339588153947,0.07537732486756771,0.0007507817897175486,0.0008055052630854989,2.0555264013122354e-06,2.2053507867658695e-06,1.4388596080716631e-05,1.5437353372838025e-05,6.166395411855152e-05,6.615840799328865e-05,0.00018498045526027518,0.0001984620934647463
4066,36.125,41.625,0.06756659294854245,0.06989419681724288,0.0007717198677890025,0.0007469108713308409,2.1128516154433896e-06,2.044928426148118e-06,1.4789867561093573e-05,1.4314411166727048e-05,6.33836065985216e-05,6.134603376484193e-05,0.000190138767605319,0.0001840268115177457
7058,36.875,39.625,0.05074599700579488,0.05592497975818264,0.0005796014330626084,0.0005976315239670793,1.586860980617999e-06,1.6362245996992542e-06,1.1107973984181285e-05,1.145351597608979e-05,4.760473405063248e-05,4.908557341309905e-05,0.0001428074036278204,0.0001472494921769263
2075,35.625,43.875,0.049838416171820436,0.053823743016944314,0.0005692353907532677,0.0005751770622701459,1.5584803482182608e-06,1.5747477327687776e-06,1.0909311431439583e-05,1.1023182053038205e-05,4.6753353907025286e-05,4.724135327238699e-05,0.00014025350419488714,0.00014171736468637786
62,35.125,40.625,0.035900826315991785,0.03591652697208226,0.0004100455525290887,0.0003838150472783963,1.1226429086352852e-06,1.0508277772380836e-06,7.8584738932852e-06,7.355771251327248e-06,3.367873902104801e-05,3.1524352976264325e-05,0.00010103281432904954,9.457007760560465e-05
6053,36.625,38.375,0.09210128971557291,0.09534766457395114,0.001051945821459861,0.0010189144516890934,2.8800665479167264e-06,2.789631842525786e-06,2.016029164575439e-05,1.9527259475626835e-05,8.639838830337698e-05,8.368557017457423e-05,0.00025917277151055185,0.0002510357012859288
9000,37.375,25.125,0.052381232570068596,0.05631595815405602,0.0005982784703142316,0.000601809639284677,1.6379958394097116e-06,1.6476636371942632e-06,1.1465914532049482e-05,1.1533588449963439e-05,4.9138708080320725e-05,4.9428728198686045e-05,0.00014740888052178214,0.00014827885511947692
31014,42.875,28.625,0.03733113692913054,0.03733113693245217,0.0004263820151077077,0.00039893200413900534,1.1673696542757739e-06,1.092215705100763e-06,8.171558962377645e-06,7.64548488396688e-06,3.5020496838567006e-05,3.276595223078438e-05,0.00010505781125291769,9.829463590460552e-05
9062,37.375,40.625,0.027311687157780175,0.036346065362271786,0.00031194367930537163,0.0003884052265478626,8.54054883259181e-07,1.0633949898419814e-06,5.978368864956174e-06,7.443741181778485e-06,2.5621329205915977e-05,3.190135779773673e-05,7.686201827716843e-05,9.570102033584771e-05
4065,36.125,41.375,0.133427489727078,0.14225041877956626,0.0015239579241477846,0.0015201317001415403,4.172360697829447e-06,4.1618851110980515e-06,2.920615930712689e-05,2.913283203320738e-05,0.00012516324849243254,0.00012484901886578026,0.00037544274992196147,0.00037450029671093343
2079,35.625,44.875,0.06268928896297511,0.07415452509725864,0.0007160131609290705,0.0007924380488746707,1.96033527477546e-06,2.1695747823846645e-06,1.3722266222537804e-05,1.5186924628540766e-05,5.880838660643484e-05,6.508519594272677e-05,0.00017641478474372807,0.00019524287985550615
14019,38.625,29.875,0.31038116433985136,0.5253009166954088,0.0035450553395665013,0.005613527063280652,9.705785450453419e-06,1.536888138631287e-05,6.793851993724953e-05,0.00010757720957854655,0.00029113258923640917,0.0004609637082325646,0.0008731435178316316,0.0013822537600258755
24061,41.125,40.375,0.05892484859550809,0.059554240440943235,0.000673017158083497,0.0006364149191885083,1.842618858383105e-06,1.7424075694494334e-06,1.2898260708826825e-05,1.2196789230700666e-05,5.5277088845784306e-05,5.227090645187893e-05,0.00016582210003657227,0.0001568045227553494
12036,38.125,34.125,0.11694928574639016,0.15583360212965688,0.0013357501598897684,0.00166528577263186,3.6570779395894704e-06,4.559293569794676e-06,2.5599264719899928e-05,3.191461846152599e-05,0.00010970652059949515,0.00013676976506482585,0.00032908345655680016,0.0004102531798468867
5070,36.375,42.625,0.07187668154026555,0.08556284655910541,0.0008209480566470169,0.0009143508787161916,2.2476307571794862e-06,2.5033531395601827e-06,1.5733309211785063e-05,1.7523340375524832e-05,6.742672520876347e-05,7.509786820414366e-05,0.00020226653684296547,0.00022527668596661332
24020,41.125,30.125,0.13890364866432187,0.4295822834753885,0.0015865045239779685,0.004590648326610983,4.343603226319992e-06,1.2568431151049886e-05,3.0404826382279815e-05,8.797570085228301e-05,0.00013029989002466547,0.0003769842276161173,0.0003908487381023562,0.0011305263851006941
1071,35.375,42.875,0.01518448362531618,0.015759184258317196,0.00017343138353442846,0.00016840748705676718,4.7482913723140285e-07,4.6107446471932434e-07,3.3237992256296423e-06,3.2275167884954215e-06,1.4244776039951113e-05,1.3832141464997783e-05,4.2733719381682356e-05,4.149585041313131e-05
3079,35.875,44.875,0.06178469044051375,0.07178490166417142,0.0007056811814449537,0.0007671155244916947,1.932047911656909e-06,2.1002456370711187e-06,1.3524256992969441e-05,1.4701626827928749e-05,5.7959813607566524e-05,6.300545034976235e-05,0.0001738693629975696,0.00018900444223912682
7057,36.875,39.375,0.09315184371094881,0.10469479953907342,0.0010639448487163358,0.0011188008090572364,2.9129179989206833e-06,3.0631049844354052e-06,2.0390247806756356e-05,2.14415378569921e-05,8.738384905471186e-05,9.188906821255838e-05,0.0002621286400201761,0.0002756418746110434
61,35.125,40.375,0.039901797703887715,0.03992735489291345,0.00045574312252268177,0.00042667598729233236,1.2477558882784123e-06,1.16817450535045e-06,8.734258523213079e-06,8.177192880154394e-06,3.74319994070893e-05,3.504464155201781e-05,0.00011229179480998219,0.0001051302403182186
8051,37.125,37.875,0.16480764864508346,0.19642549872993612,0.00188237013696787,0.0020990632568765374,5.1536352811965e-06,5.7469054765002525e-06,3.6074889213755235e-05,4.022764477717988e-05,0.0001545975054090265,0.0001723927983559026,0.0004637208187558972,0.0005170892423603801
24059,41.125,39.875,0.05851564913160576,0.05861768488405233,0.0006683434377965715,0.0006264065986282732,1.8298229330637739e-06,1.7150063285065187e-06,1.2808690218801821e-05,1.2004982533508901e-05,5.489323152885195e-05,5.144891043296074e-05,0.00016467065495118227,0.00015433879046400367
1062,35.375,40.625,0.030192027128334006,0.030589222451511557,0.0003448418244428073,0.0003268858336598693,9.441250148345404e-07,8.949642364974864e-07,6.6088563848154536e-06,6.264732835381537e-06,2.832336270064406e-05,2.6848578680072066e-05,8.49676814859146e-05,8.054357352116348e-05
16040,39.125,35.125,0.07717955694664247,0.10392478745294229,0.0008815154780445618,0.0011105722232178238,2.4134549330145916e-06,3.0405764129826096e-06,1.689406221172529e-05,2.1283840744401594e-05,7.240111427586626e-05,9.121327088179587e-05,0.00021718761744293769,0.00027361485382182416
8076,37.125,44.125,0.17613619624925175,0.3042747465258141,0.0020117604891791807,0.0032515734696231618,5.50788487041487e-06,8.902283357703489e-06,3.85545570257273e-05,6.231431926473352e-05,0.00016522335028323898,0.0002670340295618523,0.0004955881590936739,0.0008008881862082706
27071,41.875,42.875,0.08031274427957726,0.1719680844777642,0.0009173015493678867,0.0018377038104355928,2.5114316153374006e-06,5.031346166695094e-06,1.7579888854757364e-05,3.521889156765656e-05,7.534020485344683e-05,0.00015092937373339943,0.00022600358654856212,0.00045271978561078896
13033,38.375,33.375,0.07010802241059821,0.0750865256906708,0.0008007471062934867,0.000802397693695063,2.1923236921406186e-06,2.1968427441620975e-06,1.5346164913276894e-05,1.537779786142668e-05,6.576762007304282e-05,6.590318300814246e-05,0.00019728988436396033,0.00019769651962198154
4061,36.125,40.375,0.1061609467326287,0.11319837045762783,0.0012125298642667,0.0012096725817282714,3.3197203330725955e-06,3.311897545765774e-06,2.323781090096677e-05,2.3183052479280875e-05,9.958681620292342e-05,9.935215514944584e-05,0.00029873069699448696,0.00029802685387669836
12041,38.125,35.375,0.17211995968911073,0.18885000727916826,0.001965888566207397,0.0020181092266721807,5.382295073852461e-06,5.525266670414197e-06,3.767545717092702e-05,3.867622559883266e-05,0.00016145625128849428,0.00016574472086872127,0.0004842905537110198,0.0004971517532218472
79,35.125,44.875,0.04124972350675924,0.058454447738440704,0.0004711386172041083,0.000624662196314285,1.289906402024421e-06,1.7102304233906906e-06,9.029309873231917e-06,1.1971551541534176e-05,3.8696468291132824e-05,5.130564039668162e-05,0.00011608491268144672,0.00015390902451906108
2053,35.625,38.375,0.0280947738115523,0.028597123869208596,0.00032088779654651473,0.00030559765587630586,8.785425203994279e-07,8.366804327142319e-07,6.149781434539037e-06,5.8567483279814425e-06,2.6355939866773426e-05,2.5100108467568383e-05,7.906573571203612e-05,7.52984353723507e-05
51,35.125,37.875,0.04424266027618824,0.049172171047938605,0.0005053228000555898,0.0005254689344049286,1.3834974688098356e-06,1.4386545008626683e-06,9.684442086710376e-06,1.0070538041473398e-05,4.150409145797784e-05,4.3158734705284196e-05,0.00012450710667666343,0.0001294706161669712
46,35.125,36.625,0.03495027254668924,0.035029086779654446,0.0003991886897340213,0.00037433158859993923,1.0929184711683249e-06,1.024863509280216e-06,7.650404214354367e-06,7.17402250804966e-06,3.278703454545617e-05,3.0745448383884266e-05,9.835787870282608e-05,9.223350933307284e-05
54,35.125,38.625,0.020748640752826862,0.02803707889808133,0.00023698306514829926,0.00029961284316770736,6.488240609225926e-07,8.202949220992295e-07,4.541759586307315e-06,5.742050323886971e-06,1.9464538707048007e-05,2.4608554959559825e-05,5.83924795235502e-05,7.382384815080023e-05
12060,38.125,40.125,0.13765321734422614,0.1841507836668922,0.0015722225741132121,0.0019678918786997708,4.304501547647277e-06,5.3877798149581935e-06,3.013112173322341e-05,3.7713849118548026e-05,0.00012912698675537904,0.00016162076782899604,0.00038733094108300836,0.000484783943890843
47,35.125,36.875,0.03841746547680684,0.03854193186750349,0.0004387896456630421,0.00041187093099021195,1.2013398551502519e-06,1.1276405168514358e-06,8.409348678628525e-06,7.89345691476484e-06,3.6039567862133914e-05,3.382866237611193e-05,0.00010811480708172727,0.00010148255403197304
5067,36.375,41.875,0.0755159874540958,0.0807072195659672,0.0008625148214653012,0.0008624621561404756,2.3614340947109014e-06,2.361289905161712e-06,1.652992155942723e-05,1.6528912247459893e-05,7.084059717221702e-05,7.083627178461338e-05,0.00021250673670158982,0.0002124937623771972
4050,36.125,37.625,0.05936015951358389,0.06764806624984508,0.0006779891134461185,0.0007229080296699715,1.85623130510848e-06,1.9792123594486455e-06,1.2993546778528042e-05,1.385440425327733e-05,5.568544034573186e-05,5.93746667963968e-05,0.0001670470186051487,0.00017811342454532308
19039,39.875,34.875,0.0779933878628221,0.08896340736246634,0.0008908107445309903,0.0009506903167283788,2.438903923929203e-06,2.6028448445458707e-06,1.7072202554979654e-05,1.8219771641736493e-05,7.316453028816117e-05,7.80823983700385e-05,0.0002194775321107123,0.00023422890500335303
27002,41.875,25.625,0.09274178107453165,0.144676183232056,0.0010592612696019934,0.0015460541647145292,2.9000950955149207e-06,4.232856653296757e-06,2.0300489047553327e-05,2.962962031682892e-05,8.699919437338277e-05,0.00012697790597759884,0.00026097487719900503,0.0003808853498141751
19040,39.875,35.125,0.09525002721043838,0.1050569286102002,0.001087909500804925,0.0011226706316228604,2.978529447306144e-06,3.0736999486746797e-06,2.0849519827503826e-05,2.1515701241314744e-05,8.935202436333167e-05,9.220688885780426e-05,0.0002680321224504123,0.000276595161026405
3054,35.875,38.625,0.035236987954188316,0.03704446946108039,0.00040246344382050843,0.0003958685874238184,1.1018842493992764e-06,1.0838285363634625e-06,7.713164248634996e-06,7.5867750860547645e-06,3.305599933212111e-05,3.251434510764817e-05,9.916471993509646e-05,9.753986380922619e-05
8057,37.125,39.375,0.11819712532094427,0.1345290442583947,0.0013500025078249408,0.0014376187186051785,3.6960985980716288e-06,3.935977794355949e-06,2.5872403304316727e-05,2.7551519232171806e-05,0.00011087701554968188,0.00011807259509222234,0.00033259416687436705,0.0003541759635097286
28073,42.125,43.375,0.2738494705003131,0.5220367361423355,0.0031278042586746838,0.005578645026543723,8.5634246852484e-06,1.5273381037794742e-05,5.9942432841797455e-05,0.00010690876858965304,0.00025687084358227974,0.0004580999704641986,0.0007704145998052025,0.0013736704407785183
8031,37.125,32.875,0.05984570341525656,0.07245628719120567,0.0006835348107982101,0.0007742901566046766,1.8714145686438144e-06,2.1198886677176176e-06,1.3099828434892657e-05,1.483912630217965e-05,5.6140913633151435e-05,6.359470521288824e-05,0.00016841328566996605,0.00019077198303618648
30048,42.625,37.125,0.01437031254134074,0.014370527433004382,0.00016413223178111055,0.00015356787337487659,4.493694589768893e-07,4.204458345924422e-07,3.1455819724524048e-06,2.9431171300053904e-06,1.3480995929793238e-05,1.2613298141617157e-05,4.04424425801686e-05,3.783941714097239e-05
9075,37.375,43.875,0.30136595063844845,0.6720580777228653,0.0034420870053331215,0.007181819196369678,9.423876211944737e-06,1.966255602925404e-05,6.596526851443407e-05,0.00013762977353237726,0.00028267765764788955,0.00058970853372875,0.0008477932755571738,0.0017680825377968112
17041,39.375,35.375,0.08862155030141806,0.10601510576266066,0.0010122015643729762,0.0011329100071994175,2.7712530098478183e-06,3.1017337446259674e-06,1.9398609792831145e-05,2.1711934177215397e-05,8.313424964934146e-05,9.304782743113638e-05,0.00024938201561230944,0.0002791175094045695
26059,41.625,39.875,0.015476221216134274,0.01591808726088623,0.0001767634990842932,0.00017010557338596933,4.839519679444848e-07,4.657235694871531e-07,3.387658857545439e-06,3.2600604319421578e-06,1.4518457159273801e-05,1.3971612735863559e-05,4.3554739124207487e-05,4.191425259225667e-05
76,35.125,44.125,0.030772431110443536,0.04213556128043797,0.00035147097747230654,0.0004502735595099071,9.622746293125317e-07,1.232781059457011e-06,6.735902959964513e-06,8.629435501505966e-06,2.886783608579968e-05,3.6982770700300094e-05,8.660100822555084e-05,0.0001109442089756163
26066,41.625,41.625,0.04810214120543203,0.049532498823706216,0.0005494043199676344,0.0005293195077746607,1.5041859185993545e-06,1.449196780911599e-06,1.0529253916202741e-05,1.0144333362993585e-05,4.512459335126451e-05,4.347498986534415e-05,0.00013536767145883033,0.0001304192994541209
3071,35.875,42.875,0.029037299964690132,0.03911351387201887,0.0003316529709699336,0.00041797903198385975,9.080159353302975e-07,1.1443635669072805e-06,6.356094233272991e-06,8.010517467682554e-06,2.7240119409910335e-05,3.4330337352117546e-05,8.171813217772161e-05,0.00010298747638071148
24058,41.125,39.625,0.06076605852385968,0.06144846017931182,0.0006940467560027146,0.0006566571335597008,1.9001946518493185e-06,1.7978276338759258e-06,1.330128673771025e-05,1.2584725561648469e-05,5.7004268911753364e-05,5.393342304038651e-05,0.0001710030584605171,0.00016179154283579855
25039,41.375,34.875,0.058220337467052206,0.07187245239497062,0.0006649705005389628,0.0007680511185124382,1.8205883510757914e-06,2.102807148518515e-06,1.2744048852209033e-05,1.4719557181908094e-05,5.4616208730151605e-05,6.308229100993046e-05,0.00016383967756261608,0.00018923493515443646
5056,36.375,39.125,0.033984141692856594,0.03792168132971849,0.0003881539114175472,0.0004052427430902671,1.0627069272350909e-06,1.1094935477018453e-06,7.438924774394451e-06,7.766428983146945e-06,3.1880716556242916e-05,3.328427096083164e-05,9.563910056087366e-05,9.984948939134597e-05
30059,42.625,39.875,0.021731615737904678,0.02777782383972107,0.00024821023071075216,0.000296842363924014,6.795623446187449e-07,8.127097694821117e-07,4.756926714422072e-06,5.688954515914446e-06,2.038666945480827e-05,2.4381005770179875e-05,6.115876152401611e-05,7.314123402457628e-05
28063,42.125,40.875,0.07469060113608926,0.29116769294746636,0.0008530875735842077,0.0031115074662268886,2.335623757288019e-06,8.518806880353225e-06,1.634925174331947e-05,5.963012421250635e-05,7.006633978423604e-05,0.00025553264093913786,0.0002101842918208474,0.0007664020487110346
27061,41.875,40.375,0.012297724184047457,0.0315955264116653,0.0001404599176496356,0.0003376395070966986,3.8455822215510693e-07,9.244061630608869e-07,2.6919044494588817e-06,6.4708251960032825e-06,1.153668233488947e-05,2.7731813174280973e-05,3.460964772106223e-05,8.319313238391857e-05
26063,41.625,40.875,0.042175618409548976,0.0571280022078118,0.000481713835826003,0.0006104873916499511,1.318859734866784e-06,1.6714219889246706e-06,9.231981617063845e-06,1.1699895256067627e-05,3.9565035421018635e-05,5.014144444859259e-05,0.0001186904101488917,0.0001504167909786025
31016,42.875,29.125,0.030438929436369794,0.030438929436369864,0.0003476618484842635,0.00032527975630286147,9.518458125024054e-07,8.90567040223722e-07,6.6629016615138426e-06,6.2339526266663725e-06,2.855498026466119e-05,2.6716666208459472e-05,8.56624946564688e-05,8.014785730370289e-05
6072,36.625,43.125,0.13536781291780522,0.2071594650047992,0.0015461195559671715,0.0022137697199060406,4.2330356839759276e-06,6.0609528025334924e-06,2.96308735001638e-05,4.2425898187370414e-05,0.00012698327624038885,0.0001818126051899016,0.0003809014565112623,0.0005453386541095506
50,35.125,37.625,0.057833758509649745,0.06411773729110475,0.0006605551430541798,0.0006851818492611463,1.8084997830403182e-06,1.8759239057697386e-06,1.2659429797223787e-05,1.3131393439835826e-05,5.4253570772488935e-05,5.6276186395809447e-05,0.00016275188212722114,0.0001688190583383209
49,35.125,37.375,0.05582751574315422,0.05955209160796702,0.0006376406029693823,0.0006363919560988142,1.7457633029183128e-06,1.7423447000730619e-06,1.22202791189574e-05,1.2196349149395935e-05,5.2371573363685364e-05,5.226902046506776e-05,0.00015710649188960257,0.00015679886538644272
1049,35.375,37.375,0.06885906709092095,0.07278903541697043,0.0007864820147428478,0.0007778460064256511,2.1532680848368457e-06,2.129624033342381e-06,1.5072779226410482e-05,1.4907272992248366e-05,6.459602568076317e-05,6.388674818358364e-05,0.00019377555937216684,0.0001916480002617238
2054,35.625,38.625,0.027319281684044218,0.02792880021404238,0.0003120304210892717,0.00029845574386726676,8.542923690679771e-07,8.171269594292596e-07,5.980031257513119e-06,5.7198746943321055e-06,2.5628453605208712e-05,2.4513518336877205e-05,7.688339037958958e-05,7.353875228777174e-05
27064,41.875,41.125,0.05724728369093024,0.1237825535251774,0.0006538566512431677,0.0013227784153639235,1.7901603449610448e-06,3.621563367861569e-06,1.2531055116671297e-05,2.535066814635112e-05,5.3703416338257703e-05,0.00010864119588893661,0.00016110159699878057,0.00032588818022083466
31065,42.875,41.375,0.03594976939824205,0.05406917032143781,0.0004106045617570977,0.0005777997738856314,1.124173390709693e-06,1.5819283144535845e-06,7.869187196085647e-06,1.1073445649101288e-05,3.372465198936414e-05,4.745676086437278e-05,0.00010117054394986891,0.0001423635262677303
31043,42.875,35.875,0.027138105344595223,0.027138186223480906,0.0003099610940058038,0.00029000699974447936,8.486268651131113e-07,7.939955772862106e-07,5.940372932333737e-06,5.557955802149017e-06,2.545849268320577e-05,2.3819593084728474e-05,7.637353366152233e-05,7.145707714861782e-05
8061,37.125,40.375,0.039016541830427354,0.042326977440262425,0.0004456320674018981,0.0004523190914314645,1.2200733622291793e-06,1.238381413748435e-06,8.540482275387618e-06,8.668637690667502e-06,3.660155334206383e-05,3.715077530819233e-05,0.00010980064105403642,0.00011144818543551427
25003,41.375,25.875,0.08265405094621436,0.11756498066367212,0.0009440430615913424,0.0012563355206026772,2.584645699021948e-06,3.439653278314303e-06,1.8092379605816333e-05,2.4077324494498065e-05,7.753646507080436e-05,0.00010318445193768788,0.00023259135996844815,0.0003095214158184145
1059,35.375,39.875,0.043284654545083234,0.04495472951408382,0.0004943808237935558,0.0004804000578131422,1.353540011517218e-06,1.3152628114410092e-06,9.474741607284898e-06,9.206803352035386e-06,4.0605403405225005e-05,3.945713183950428e-05,0.00012181126388643992,0.0001183667249843312
25014,41.375,28.625,0.051968101464149305,0.05718542798619878,0.0005935598443109585,0.0006111010611693822,1.6250769665493436e-06,1.673102121735326e-06,1.1375483307429768e-05,1.171165606739244e-05,4.875116023228543e-05,5.0191845987312966e-05,0.00014624635078575032,0.00015056798042423214
20021,40.125,30.375,0.1355325674847992,0.23303745501799458,0.0015480013198257553,0.0024903098755871514,4.238187650829062e-06,6.818073609915487e-06,2.966693635153561e-05,4.772553907173016e-05,0.00012713781626172427,0.00020452198811848898,0.00038136495876728294,0.0006134404851795283
30041,42.625,35.375,0.018855353193222693,0.018856658858217336,0.00021535865637728086,0.00020150805273585963,5.896196930699205e-07,5.516988286213831e-07,4.127330550662833e-06,3.861885408462662e-06,1.7688439564067515e-05,1.6550832457329356e-05,5.3064380055034555e-05,4.9651675586459554e-05
25029,41.375,32.375,0.12471420271786066,0.16155713522184298,0.0014244380814959305,0.001726449206559768,3.899891317993287e-06,4.726749147976328e-06,2.729891983621613e-05,3.3086774854473866e-05,0.000116990123801064,0.00014179275603054542,0.0003509293129371205,0.00042531795538536254
28072,42.125,43.125,0.22816242636217363,0.4243784023405641,0.0026059842567573623,0.004535038053230534,7.134770595995654e-06,1.2416180422358813e-05,4.994232518085173e-05,8.69100256308819e-05,0.00021402097570122347,0.0003724183601714337,0.0006419255219727305,0.001116839045862128
31004,42.875,26.125,0.032757668316713895,0.042234064167458465,0.00037414560005568216,0.00045132619163851506,1.0243543009380573e-06,1.2356630055831985e-06,7.17045807141492e-06,8.649608975175305e-06,3.073017258703459e-05,3.706922599022722e-05,9.218768475949268e-05,0.00011120355563898343
28017,42.125,29.375,0.019811704476029757,0.01981171140198132,0.00022628173616154326,0.00021171403778344103,6.195254375063186e-07,5.796412769765169e-07,4.336670002880183e-06,4.057481883368297e-06,1.8585596169518048e-05,1.738909215776019e-05,5.5755752242037104e-05,5.216636933691454e-05
23065,40.875,41.375,0.03569857333376669,0.03848400173739771,0.0004077354960663994,0.00041125187181328553,1.1163183257778542e-06,1.1259456270673596e-06,7.814202110933977e-06,7.881592766767476e-06,3.3489007696063666e-05,3.377781734525964e-05,0.0001004636585848484,0.00010133002925161172
26027,41.625,31.875,0.04880184000331855,0.061138908068777136,0.0005573960129069002,0.0006533491645561179,1.5260659482763117e-06,1.7887709246044992e-06,1.0682412731388702e-05,1.2521329278647464e-05,4.578096540008847e-05,5.366173589105294e-05,0.0001373366086057093,0.00016097656908209412
19037,39.875,34.375,0.15632305344402814,0.17889219935032602,0.0017854623249698865,0.0019116970303045152,4.888317483908722e-06,5.233927522163562e-06,3.4217720583096245e-05,3.6636917385979295e-05,0.00014663913038592824,0.00015700590985723295,0.0004398528852073147,0.0004709437808747552
29044,42.375,36.125,0.03445937929012123,0.034741564172404045,0.0003935818940895274,0.00037125903363990095,1.0775679180063946e-06,1.0164513208898995e-06,7.542951041550339e-06,7.115137549695838e-06,3.232653244245043e-05,3.049309020075608e-05,9.697646234685386e-05,9.147648114482543e-05
29018,42.375,29.625,0.020016977806858512,0.02001697782747629,0.0002286262898946051,0.00021390757790126086,6.259444718104135e-07,5.856468590081931e-07,4.381603075032103e-06,4.099520810707524e-06,1.8778163720534202e-05,1.7569256574700987e-05,5.6333433309796455e-05,5.270684369329537e-05
24054,41.125,38.625,0.04864698243542444,0.051263258852464376,0.0005556272887992279,0.0005478149414445622,1.5212234529826674e-06,1.4998344438632571e-06,1.0648515574085415e-05,1.0498793867719236e-05,4.563569695958947e-05,4.499405479629903e-05,0.0001369008431234553,0.00013497609108492625
18037,39.625,34.375,0.09180422728628053,0.10332850772038966,0.0010485528876348093,0.00110420019471076,2.8707772280478494e-06,3.023130802581875e-06,2.0095267528774663e-05,2.1161723693263745e-05,8.611973194583289e-05,9.068994858518753e-05,0.00025833694665133855,0.00027204517250112303
25066,41.375,41.625,0.045857877089207966,0.04666910056120062,0.0005237711907616812,0.0004987203537875639,1.4340063386741875e-06,1.365420980947718e-06,1.0038001187262502e-05,9.557907715174174e-06,4.3019295650648104e-05,4.096181843704638e-05,0.00012905233505222657,0.00012288042176833436
30003,42.625,25.875,0.05221121315297705,0.06547550417800906,0.0005963365733448316,0.0006996913635662263,1.6326792239285126e-06,1.915648715655749e-06,1.1428698589055486e-05,1.3409463945790456e-05,4.897921718083342e-05,5.746786517368818e-05,0.00014693045476876776,0.0001723936880441146
31078,42.875,44.625,0.06890522058134661,0.08155307784646998,0.0007870091623164487,0.0008715012577266158,2.154711333135495e-06,2.3860375578665938e-06,1.50828818339388e-05,1.670214334881237e-05,6.463932042499732e-05,7.157865025975152e-05,0.0001939054268196294,0.00021472058063654043
53,35.125,38.375,0.021087822905048674,0.02709068266438114,0.00024085707439231062,0.00028949936211025213,6.594305133056366e-07,7.926057422613653e-07,4.616004461222012e-06,5.5482270034934444e-06,1.978272624059141e-05,2.3777898994103985e-05,5.934700466081466e-05,7.133200083031532e-05
28040,42.125,35.125,0.012190772948904409,0.012241690325481265,0.00013923836141240868,0.00013081846567999835,3.812137847614139e-07,3.581613751135748e-07,2.6684934413268024e-06,2.5071269318388545e-06,1.1436350326188283e-05,1.0744785451377581e-05,3.4308658609760734e-05,3.223401000418402e-05
26067,41.625,41.875,0.038890353424392114,0.041124405895284384,0.0004441907915320879,0.00043946804225429396,1.2161273686972507e-06,1.2031972015380532e-06,8.512860523057775e-06,8.422350009640311e-06,3.6483177719648374e-05,3.609528631165482e-05,0.00010944554014080676,0.00010828195037282384
23066,40.875,41.625,0.041542507293692056,0.04521433206567826,0.000474482682007178,0.00048317425047634876,1.2990619406849646e-06,1.3228581270396944e-06,9.09339814569865e-06,9.25997014011859e-06,3.897112413842052e-05,3.968498258988262e-05,0.00011690881622894445,0.00011905022313862812
12034,38.125,33.625,0.07569951673507357,0.10141440254682768,0.0008646110229499526,0.0010837454784666876,2.3671731680385832e-06,2.9671290093791214e-06,1.6570094502732502e-05,2.0769718185320585e-05,7.101275756715708e-05,8.901004070938079e-05,0.0002130231446243469,0.0002670063544712997
28022,42.125,30.625,0.007424064404723065,0.007424285513758753,8.479483352421303e-05,7.933819708365932e-05,2.3215557476419235e-07,2.1721612175618077e-07,1.6250878914769729e-06,1.520511861419216e-06,6.964643798013093e-06,6.516463127770322e-06,2.089378587566415e-05,1.954926199088103e-05
5035,36.375,33.875,0.06642464158274558,0.07423625751975245,0.0007586769346089117,0.000793311466664426,2.077142085332717e-06,2.171966064778985e-06,1.4539903992805137e-05,1.5203663387253208e-05,6.231238578058296e-05,6.515692989850219e-05,0.000186925509083391,0.0001954580536954742
27076,41.875,44.125,0.12532367242164044,0.17317635516975877,0.001431399212118286,0.001850615762449591,3.9189497804681395e-06,5.066696986189001e-06,2.7432325944043434e-05,3.5466339807777025e-05,0.00011756181285638156,0.00015198974304553303,0.0003526439778543944,0.00045589993000183515
6071,36.625,42.875,0.11563511177863084,0.15452867669420325,0.0013207401658025522,0.0016513409383194357,3.615982964833009e-06,4.521114867483966e-06,2.5311606173694656e-05,3.164737482586055e-05,0.00010847380136791429,0.00013562455479243507,0.00032538610568333404,0.00040681848481249894
31002,42.875,25.625,0.017685835951673525,0.019823516852916563,0.00020200087627265663,0.0002118401944609053,5.530481052007374e-07,5.799866749089944e-07,3.871330313098831e-06,4.059899660679989e-06,1.659131010578463e-05,1.7399453922317676e-05,4.977310450737793e-05,5.2197453549118755e-05
10079,37.625,44.875,0.09206111468784325,0.12082261488728537,0.0010514869576081411,0.0012911476012507786,2.8788102507393276e-06,3.534963228357668e-06,2.0151497717613154e-05,2.474448018496833e-05,8.636070253620343e-05,0.00010604346128628706,0.0002590597337399636,0.00031809664940429805
6032,36.625,33.125,0.028013409778822055,0.03099741422100763,0.000319958487581222,0.00033124789637906164,8.759982134121103e-07,9.06906902575777e-07,6.131971378886547e-06,6.3483310460688e-06,2.627961259715761e-05,2.7206849302130465e-05,7.883676595543676e-05,8.161832728847962e-05
27035,41.875,33.875,0.03669564974354828,0.036731257503181146,0.0004191237227262547,0.0003925215081663306,1.147497555753496e-06,1.0746647426396194e-06,8.032455238837777e-06,7.522628945544341e-06,3.4424353893447446e-05,3.2239439901049494e-05,0.0001032695066128797,9.671520159226787e-05
45,35.125,36.375,0.03329547037537172,0.03368240904648782,0.0003802881701556745,0.0003599405764002943,1.041171723947798e-06,9.854631048966667e-07,7.2881793030665776e-06,6.898221340034816e-06,3.123468016719144e-05,2.9563470704485617e-05,9.370111371620471e-05,8.868779014303829e-05
26034,41.625,33.625,0.05466685010361664,0.056136166649063624,0.0006243839224886403,0.000599888331997852,1.7094685524909892e-06,1.6424033931761173e-06,1.1966218499859238e-05,1.1496767105323435e-05,5.128278540278419e-05,4.9270928406452974e-05,0.0001538404665708537,0.00014780550246595858
3069,35.875,42.375,0.024387706375456532,0.028860453675358413,0.00027854708545209134,0.0003084116791273781,7.626200663191085e-07,8.443848019679123e-07,5.338328251225377e-06,5.9106786410856316e-06,2.28783490013873e-05,2.5331233912684326e-05,6.863347675944986e-05,7.599177674000313e-05
26068,41.625,42.125,0.047815606786113504,0.05778539223941398,0.0005461316330591515,0.0006175124635967977,1.4952258036160515e-06,1.6906555553308777e-06,1.0466533675645984e-05,1.1834528863108318e-05,4.485580159185876e-05,5.0718423312945404e-05,0.00013456136873712943,0.0001521475529939753
2071,35.625,42.875,0.02585206263473692,0.030010611650837994,0.00029527240442249594,0.00032070262078995744,8.084114581086155e-07,8.780355372772775e-07,5.658866482627367e-06,6.146232571224708e-06,2.4252059459994868e-05,2.634073075979959e-05,7.27544139071945e-05,7.90201107954136e-05
25015,41.375,28.875,0.04289891314697978,0.051520626550313274,0.0004899750325918023,0.0005505652517736925,1.3414776288689367e-06,1.5073643718777063e-06,9.390305611423067e-06,1.0551502888089814e-05,4.0243546066465186e-05,4.521994278561259e-05,0.00012072577963562203,0.00013565369391976834
2061,35.625,40.375,0.045608701877388635,0.04848439481966464,0.0005209252064796566,0.0005181191462203106,1.4262144695242895e-06,1.4185319061610357e-06,9.983458571172221e-06,9.929681086595643e-06,4.278554927017453e-05,4.255508187600565e-05,0.00012835115607923164,0.0001276598129001938
25050,41.375,37.625,0.011450208031749103,0.011469032952454966,0.00013077991123731228,0.0001225616114917133,3.5805581877212944e-07,3.355553481743101e-07,2.5063880394471383e-06,2.348885072778195e-06,1.0741618796106245e-05,1.006661146618626e-05,3.222451024231798e-05,3.0199530389518614e-05
2062,35.625,40.625,0.04068826951064757,0.04390963700640693,0.00046472590369080614,0.00046923187803462154,1.2723493717503587e-06,1.2846860414361672e-06,8.906411606224296e-06,8.99276763122181e-06,3.816977695214607e-05,3.85398633191425e-05,0.00011450496011644606,0.00011561513405144996
1064,35.375,41.125,0.003507892920933755,0.003948542241435453,4.006581570899488e-05,4.219533609848446e-05,1.0969421904150067e-07,1.1552452749974407e-07,7.678592807147666e-07,8.086714120558725e-07,3.29082133754266e-06,3.46573001885897e-06,9.872431524060588e-06,1.0397154022734334e-05
27021,41.875,30.375,0.007318281021982756,0.007339758136687988,8.358661605193651e-05,7.84349115501791e-05,2.288476563805375e-07,2.1474306122204467e-07,1.601932494765812e-06,1.5032004604398352e-06,6.865406909528637e-06,6.442271778261954e-06,2.059607932747287e-05,1.9326690826493298e-05
15045,38.875,36.375,0.12788321842376066,0.17426667517469666,0.0014606333708372316,0.001862267257165912,3.998988228115508e-06,5.098596878028161e-06,2.7992581768776503e-05,3.5689632241098224e-05,0.00011996269062264364,0.0001529465987526457,0.0003598449004529325,0.00045876962184965286
6050,36.625,37.625,0.07327638610241413,0.08347851235705105,0.000836934948578472,0.0008920770427484961,2.2914003824370255e-06,2.44237085111898e-06,1.6039692416924822e-05,1.709647068937059e-05,6.873972754894986e-05,7.326853074018924e-05,0.00020620500752133175,0.00021978948778123009
28024,42.125,31.125,0.011544957506022847,0.01155160234370966,0.00013186210361328864,0.00012344397338691555,3.610186990465891e-07,3.3797112264366547e-07,2.5271281559602343e-06,2.3657954594247244e-06,1.0830504274750297e-05,1.0139083990279296e-05,3.249116092618465e-05,3.041694356875624e-05
16057,39.125,39.375,0.24518359953590899,0.44174903737367255,0.0028003936081546217,0.0047206659985959245,7.667030452518375e-06,1.2924395599300809e-05,5.366797873307405e-05,9.046726143080441e-05,0.00022998534464602205,0.00038765921434336104,0.0006897973663264612,0.0011625268622879048
2046,35.625,36.625,0.07583097665226798,0.0839986225462271,0.0008661125080106851,0.0008976351001019743,2.3712840002687585e-06,2.457587945481343e-06,1.6598869919892678e-05,1.7202988784492668e-05,7.113607406350475e-05,7.372501113889207e-05,0.00021339304152756533,0.00022115872768568856
9067,37.375,41.875,0.07268314451575204,0.09953660727786887,0.0008301591693235603,0.001063678781024176,2.2728493522805593e-06,2.9121895473993575e-06,1.5909836983407644e-05,2.0385148735257985e-05,6.818323347301813e-05,8.736199735492889e-05,0.00020453575387602285,0.0002620630963757753
2044,35.625,36.125,0.12852346869892528,0.16121439697143364,0.0014679460654121708,0.0017227866002646989,4.01900921442877e-06,4.716721525799272e-06,2.8132725302110195e-05,3.3016583487754936e-05,0.00012056325038678484,0.00014149196855495205,0.0003616461464208687,0.00042441584856600656
8053,37.125,38.375,0.24621774492163556,0.28694838000018347,0.002812205222526761,0.003066418591135972,7.69936864175591e-06,8.395361312141247e-06,5.3894335622639566e-05,5.8766049082059624e-05,0.00023095527418570683,0.00025183018205765517,0.0006927058138602726,0.0007553003068219155
2039,35.625,34.875,0.0633781495875944,0.06486516685257225,0.0007238810643848671,0.0006931691113005664,1.98187637800995e-06,1.8977917961571222e-06,1.387305216171697e-05,1.3284466939600392e-05,5.945458276368498e-05,5.6932187211256036e-05,0.00017835314395908686,0.00017078683799631733
27047,41.875,36.875,0.012860333787560525,0.01596677473172433,0.00014688583007015072,0.00017062586266494435,4.021514046215202e-07,4.6714804324832215e-07,2.815056436067387e-06,3.270031720292721e-06,1.2064471787920361e-05,1.4014346370161412e-05,3.619297871115812e-05,4.2042449907686574e-05
1047,35.375,36.875,0.045524020440794455,0.04590691742616963,0.0005199580073920481,0.0004905754305260775,1.4235664265171977e-06,1.343121426633509e-06,9.964922428551404e-06,9.401812102960427e-06,4.2706111262447166e-05,4.0292858079382654e-05,0.00012811286242953024,0.00012087370376034912
28048,42.125,37.125,0.008838210089546678,0.009030106926573014,0.00010094666645380296,9.649849829983883e-05,2.7637687205483985e-07,2.6419845466918446e-07,1.934636500000586e-06,1.8493877165237649e-06,8.291272933447225e-06,7.92592327547581e-06,2.4873612565423642e-05,2.3777581366291045e-05
27054,41.875,38.625,0.013031528972534593,0.013032395298174192,0.00014884115621209361,0.0001392681820658086,4.0750479368689696e-07,3.812954292303772e-07,2.8525300683757138e-06,2.669064951277278e-06,1.2225071573945812e-05,1.143879963316774e-05,3.6674766366706635e-05,3.431600636261134e-05
11068,37.875,42.125,0.15420343165839848,0.1906921699590347,0.0017612528129494333,0.0020377951433148737,4.822035774232347e-06,5.579163473545812e-06,3.375376213088366e-05,3.905349065258523e-05,0.00014465095904914183,0.00016736136463824103,0.00043389010847438847,0.0005020000691231541
26031,41.625,32.875,0.08910599469695585,0.10482108649221338,0.0010177347035851348,0.0011201503502566885,2.78640187723056e-06,3.066799815543142e-06,1.950465009692426e-05,2.1467401199126712e-05,8.358867905078338e-05,9.199990329400443e-05,0.0002507450765344421,0.0002759743187140673
29062,42.375,40.625,0.0511965151217042,0.17431462390762348,0.0005847470792417916,0.001862779652064493,1.600948969615601e-06,5.099999731639215e-06,1.1206588963919017e-05,3.5699451916060276e-05,4.8027354184965176e-05,0.0001529886781381773,0.00014407514278536038,0.00045889582138847196
4059,36.125,39.875,0.042143163109386685,0.048967847286900026,0.00048134314375974225,0.000523285467889247,1.3178448367012763e-06,1.4326765038763511e-06,9.224877385749508e-06,1.002869242339166e-05,3.953458963823486e-05,4.297940226372088e-05,0.00011859908002509467,0.00012893266518343438
25045,41.375,36.375,0.06007345025737523,0.06792311151358812,0.0006861360484101619,0.000725847247901993,1.878536355803817e-06,1.987259484415027e-06,1.3149680383683915e-05,1.3910733457911384e-05,5.635455562891245e-05,5.961606666182728e-05,0.0001690541395580336,0.00017883753797121038
9035,37.375,33.875,0.032955690138172865,0.03744730579296698,0.00037640732981304964,0.0004001734202905565,1.0305465731885732e-06,1.0956145135576634e-06,7.213803709826827e-06,7.669276387067825e-06,3.0915935218978063e-05,3.2867913250300695e-05,9.274493830124797e-05,9.860049888710254e-05
2063,35.625,40.875,0.02596301530106595,0.03097939463446185,0.00029653966348135483,0.00033105533353835657,8.118810215229644e-07,9.063796947428315e-07,5.68315330840008e-06,6.3446406112221965e-06,2.4356143916715034e-05,2.7191033482476534e-05,7.306665209916297e-05,8.157088241078636e-05
11033,37.875,33.375,0.050344419311856785,0.059602889853454424,0.0005750147657267412,0.0006369348017645034,1.574303389761944e-06,1.743830927880552e-06,1.1020071681300259e-05,1.2206752635579576e-05,4.722802359047318e-05,5.2313605046538925e-05,0.00014167737941817027,0.00015693260514293428
17040,39.375,35.125,0.06258018072501001,0.06856369576077354,0.000714766968227875,0.0007326927280707848,1.95692339177711e-06,2.0060013502520846e-06,1.3698383322324759e-05,1.4041924947139073e-05,5.87060359306113e-05,6.0178290082313346e-05,0.0001761077687981727,0.0001805240061850677
29027,42.375,31.875,0.015644160749924675,0.01685549472489211,0.00017868164041949386,0.000180122997687495,4.892035502246372e-07,4.931497693538844e-07,3.4244198257038505e-06,3.4520432786733224e-06,1.4676002402458366e-05,1.4794387291905409e-05,4.402736105546534e-05,4.438250525740095e-05
5032,36.375,33.125,0.013254905716370696,0.014700825347161097,0.0001513924802273747,0.00015709753841282849,4.144899352631626e-07,4.301095266612265e-07,2.901425938950375e-06,3.0107628020692445e-06,1.2434623324120153e-05,1.290320532898459e-05,3.730340611474148e-05,3.870911651082665e-05
5066,36.375,41.625,0.09847000600424329,0.10162722993983629,0.001124686871108782,0.0010860198174074552,3.0792200945706227e-06,2.973355791469068e-06,2.1554341549268052e-05,2.081330488368227e-05,9.23724784601676e-05,8.919682808428142e-05,0.0002770918381442833,0.00026756661673998927
73,35.125,43.375,0.004654494250108091,0.004949033915240021,5.3161858998183715e-05,5.288689765680067e-05,1.4554922689313798e-07,1.4479642385101243e-07,1.0188441434966222e-06,1.0135745269757024e-06,4.3664675920540574e-06,4.34388359671356e-06,1.3099345578138077e-05,1.3031594182089101e-05
9034,37.375,33.625,0.023964758099675118,0.02762153334888356,0.00027371633147702857,0.0002951721956982111,7.493941928116143e-07,8.081371017931716e-07,5.245747556115177e-06,5.656945997745133e-06,2.2481581492983516e-05,2.4243828963599334e-05,6.744322822593851e-05,7.272972361527241e-05
1076,35.375,44.125,0.03838820187498402,0.04837521174348064,0.00043845540795851644,0.0005169523823074151,1.2004247632591003e-06,1.4153374852110545e-06,8.402943081686765e-06,9.907320329793912e-06,3.601211606218957e-05,4.245925318469013e-05,0.00010803245761592528,0.00012737235126614177
29068,42.375,42.125,0.025339660694660544,0.04723051771158974,0.0002894199447942337,0.0005047198300255363,7.923883097449291e-07,1.3818466291226628e-06,5.546704982650752e-06,9.672886304712414e-06,2.3771376166381586e-05,4.145456825310756e-05,7.131243327751502e-05,0.00012435854938697144
74,35.125,43.625,0.009881926582151854,0.011693537789984653,0.00011286759836013556,0.00012496073919405666,3.090145952455714e-07,3.421237996237281e-07,2.163100161545195e-06,2.3948641394433423e-06,9.270396319926988e-06,1.0263663073106777e-05,2.7810931140015427e-05,3.0790673192115925e-05
25059,41.375,39.875,0.033716477077701916,0.03380856789159857,0.0003850967482189192,0.00036128874859796836,1.0543368794690977e-06,9.891541955520111e-07,7.38033481184619e-06,6.9240588217445165e-06,3.162962282987625e-05,2.967420025412615e-05,9.488586722228298e-05,8.901995911403393e-05
9029,37.375,32.375,0.08970571513402852,0.10168069614482173,0.001024584481799652,0.0010865911737084203,2.805155495555489e-06,2.9749200751716387e-06,1.9635923222627305e-05,2.0824254673756926e-05,8.415124198490886e-05,8.924375254626415e-05,0.00025243248225614856,0.0002677073650073636
26016,41.625,29.125,0.021044414959021044,0.021306021889826887,0.000240361285380203,0.00022768269897907554,6.580731178873478e-07,6.233610623240793e-07,4.606502730708506e-06,4.363519276129324e-06,1.9742005155309883e-05,1.8700662838933013e-05,5.9224846233219e-05,5.610093937891136e-05
